game,flagSide,event1,event2,event3,event4,event5,event6,event7,event8,event9,event10,event11,event12,event13,event14,event15,event16,event17,event18,event19,event20,event21,event22,event23,event24,event25,event26,event27,event28,event29,event30,event31,event32,event33,event34,event35
ESPORTSTMNT01_2695708,,RED: first_blood,BLUE: herald,BLUE: first_tower_top,RED: dragon,RED: herald,BLUE: first_tower_mid,BLUE: first_tower_bot,RED: dragon,RED: first_tower_mid,RED: baron,BLUE: second_tower_mid,BLUE: dragon,RED: first_tower_bot,BLUE: second_tower_top,BLUE: dragon,RED: first_tower_top,BLUE: baron,BLUE: dragon,BLUE: third_tower_top,BLUE: inhibitor_top,BLUE: nexus_tower,BLUE: nexus_tower,BLUE: nexus,,,,,,,,,,,,
ESPORTSTMNT01_2695774,,RED: first_blood,BLUE: herald,BLUE:dragon,BLUE: herald,BLUE: first_tower_mid,RED: dragon,RED: first_tower_bot,BLUE: second_tower_mid,BLUE: baron,RED: first_tower_top,BLUE: first_tower_bot,BLUE: second_tower_bot,BLUE: dragon,BLUE: first_tower_top,BLUE: dragon,BLUE: baron,BLUE: third_tower_mid,BLUE: inhibitor_mid,BLUE: third_tower_bot,BLUE: second_tower_top,BLUE: inhibitor_bot,BLUE: nexus_tower,BLUE: nexus_tower,BLUE: nexus,,,,,,,,,,,
ESPORTSTMNT01_2695807,,BLUE: dragon,RED: first_blood,RED: herald,BLUE: dragon,RED: first_tower_bot,BLUE: first_tower_bot,BLUE: first_tower_top,BLUE: first_tower_mid,BLUE: herald,RED: dragon,BLUE: second_tower_bot,BLUE: baron,BLUE: dragon,BLUE: second_tower_mid,BLUE: third_tower_mid,BLUE: inhibitor_mid,BLUE: nexus_tower,BLUE: nexus_tower,BLUE: nexus,,,,,,,,,,,,,,,,
ESPORTSTMNT01_2695835,,RED: first_blood,RED: dragon,RED: herald,RED: first_tower_bot,RED: dragon,RED: herald,RED: first_tower_mid,BLUE: first_tower_bot,RED: dragon,RED: first_tower_top,BLUE: dragon,BLUE: first_tower_mid,RED: dragon,RED: baron,RED: third_tower_bot,RED: second_tower_top,BLUE: elder_dragon,BLUE: baron,BLUE: second_tower_mid,BLUE: third_tower_mid,BLUE: inhibitor_mid,BLUE: nexus_tower,BLUE: nexus_tower,RED: nexus_tower,RED: nexus_tower,RED: nexus,,,,,,,,,
ESPORTSTMNT01_2696159,,BLUE: first_blood,RED: dragon,BLUE: herald,BLUE: first_tower_top,BLUE: second_tower_top,BLUE: first_tower_bot,BLUE: dragon,BLUE: first_tower_mid,BLUE: second_tower_mid,BLUE: second_tower_bot,BLUE: third_tower_bot,BLUE: dragon,RED: first_tower_top,BLUE: third_tower_top,BLUE: inhibitor_top,BLUE: third_tower_mid,BLUE: inhibitor_mid,BLUE: inhibitor_bot,BLUE: dragon,BLUE: baron,BLUE: nexus_tower,BLUE: nexus_tower,BLUE: nexus,,,,,,,,,,,,
ESPORTSTMNT01_2696199,,RED: first_blood,RED: herald,RED: first_tower_bot,BLUE: dragon,BLUE: herald,RED: dragon,BLUE: first_tower_bot,RED: first_tower_mid,BLUE: first_tower_top,RED: second_tower_mid,BLUE: dragon,RED: third_tower_mid,RED: second_tower_bot,RED: first_tower_top,RED: dragon,BLUE: baron,RED: inhibitor_mid,RED: dragon,BLUE: first_tower_mid,BLUE: second_tower_bot,BLUE: third_tower_bot,BLUE: inhibitor_bot,BLUE: nexus_tower,BLUE: nexus_tower,BLUE: nexus,,,,,,,,,,
ESPORTSTMNT01_2696249,,RED: first_blood,RED: herald,RED: dragon,RED: dragon,BLUE: first_tower_mid,BLUE: herald,RED: first_tower_bot,BLUE: first_tower_top,BLUE: dragon,BLUE: first_tower_bot,BLUE: second_tower_bot,RED: first_tower_top,RED: dragon,RED: second_tower_bot,BLUE: baron,RED: third_tower_bot,BLUE: second_tower_mid,BLUE: dragon,BLUE: third_tower_bot,BLUE: inhibitor_bot,BLUE: baron,BLUE: third_tower_mid,BLUE: inhibitor_mid,BLUE: nexus_tower,RED: dragon,BLUE: third_tower_top,RED: baron,RED: third_tower_mid,RED: inhibitor_top,RED: nexus_tower,RED: nexus_tower,RED: nexus,,,
ESPORTSTMNT01_2696303,,BLUE: dragon,BLUE: first_blood,BLUE: herald,RED: dragon,RED: first_tower_bot,BLUE: first_tower_top,BLUE: herald,RED: dragon,RED: first_tower_mid,RED: first_tower_top,BLUE: first_tower_bot,BLUE: dragon,RED: baron,RED: second_tower_mid,RED: third_tower_mid,RED: inhibitor_mid,RED: dragon,BLUE: first_tower_mid,RED: second_tower_top,BLUE: baron,RED: inhibitor_mid,RED: nexus_tower,RED: nexus_tower,RED: nexus,,,,,,,,,,,
ESPORTSTMNT01_2697106,,BLUE: first_blood,BLUE: dragon,RED: herald,RED: first_tower_mid,BLUE: first_tower_bot,RED: herald,BLUE: first_tower_top,RED: first_tower_bot,BLUE: dragon,BLUE: first_tower_mid,BLUE: second_tower_mid,RED: first_tower_bot,BLUE: dragon,RED: second_tower_mid,BLUE: dragon,RED: third_tower_mid,BLUE: baron,BLUE: inhibitor_mid,BLUE: second_tower_bot,BLUE: third_tower_bot,BLUE: inhibitor_bot,BLUE: nexus_tower,BLUE: nexus_tower,BLUE: nexus,,,,,,,,,,,
ESPORTSTMNT01_2697166,,BLUE: first_blood,RED: dragon,RED: herald,RED: dragon,BLUE: first_tower_bot,RED: herald,RED: first_tower_bot,BLUE: first_tower_top,RED: dragon,RED: first_tower_top,BLUE: baron,BLUE: first_tower_mid,RED: dragon,RED: first_tower_mid,BLUE: elder_dragon,BLUE: baron,BLUE: second_tower_mid,BLUE: third_tower_mid,BLUE: inhibitor_mid,BLUE: second_tower_bot,BLUE: third_tower_bot,BLUE: inhibitor_bot,BLUE: elder_dragon,BLUE: nexus_tower,BLUE: nexus_tower,BLUE: nexus,,,,,,,,,
ESPORTSTMNT01_2697203,,BLUE: first_blood,BLUE: dragon,BLUE: herald,BLUE: dragon,RED: herald,BLUE: first_tower_bot,RED: first_tower_mid,RED: dragon,RED: first_tower_top,RED: first_tower_bot,RED: dragon,RED: second_tower_mid,BLUE: first_tower_mid,RED: dragon,RED: baron,RED: third_tower_mid,RED: inhibitor_mid,RED: second_tower_bot,RED: third_tower_bot,RED: inhibitor_bot,RED: nexus_tower,RED: nexus_tower,RED: nexus,,,,,,,,,,,,
ESPORTSTMNT01_2697251,,RED: first_blood,RED: dragon,BLUE: herald,BLUE: dragon,BLUE: first_tower_top,RED: dragon,RED: first_tower_bot,RED: first_tower_top,BLUE: first_tower_bot,BLUE: first_tower_mid,RED: dragon,RED: first_tower_mid,BLUE: dragon,BLUE: second_tower_mid,BLUE: baron,BLUE: third_tower_mid,BLUE: inhibitor_mid,BLUE: nexus_tower,BLUE: nexus_tower,BLUE: nexus,,,,,,,,,,,,,,,
ESPORTSTMNT01_2697278,,BLUE: first_blood,RED: herald,RED: first_tower_bot,RED: first_tower_top,RED: herald,RED: first_tower_mid,RED: dragon,RED: second_tower_top,RED: dragon,RED: second_tower_mid,RED: baron,RED: second_tower_bot,RED: third_tower_bot,RED: inhibitor_bot,RED: dragon,RED: nexus_tower,RED: nexus_tower,RED: third_tower_mid,RED: nexus,,,,,,,,,,,,,,,,
ESPORTSTMNT01_2697526,,RED: dragon,BLUE: herald,RED: first_blood,RED: dragon,RED: first_tower_bot,BLUE: herald,BLUE: dragon,BLUE: first_tower_bot,RED: first_tower_top,BLUE: second_tower_bot,RED: first_tower_mid,RED: baron,RED: dragon,RED: second_tower_mid,RED: second_tower_top,BLUE: first_tower_top,RED: second_tower_bot,RED: third_tower_bot,RED: inhibitor_bot,RED: nexus_tower,RED: nexus_tower,RED: nexus,,,,,,,,,,,,,
ESPORTSTMNT01_2697556,,RED: first_blood,BLUE: dragon,RED: herald,BLUE: dragon,RED: first_tower_top,RED: second_tower_top,BLUE: first_tower_bot,RED: herald,RED: first_tower_bot,RED: dragon,BLUE: first_tower_top,BLUE: first_tower_mid,RED: dragon,RED: second_tower_bot,RED: first_tower_mid,BLUE: baron,RED: second_tower_mid,BLUE: second_tower_mid,BLUE: dragon,RED: third_tower_mid,RED: third_tower_bot,RED: inhibitor_mid,RED: inhibitor_bot,BLUE: baron,BLUE: third_tower_mid,BLUE: inhibitor_mid,BLUE: nexus_tower,BLUE: nexus_tower,BLUE: nexus,,,,,,
ESPORTSTMNT01_2697580,,BLUE: first_blood,RED: dragon,BLUE: dragon,BLUE: herald,BLUE: first_tower_top,BLUE: first_tower_mid,RED: first_tower_bot,BLUE: first_tower_bot,BLUE: second_tower_bot,RED: first_tower_top,BLUE: dragon,BLUE: second_tower_top,BLUE: dragon,BLUE: baron,BLUE: second_tower_mid,BLUE: dragon,BLUE: baron,RED: first_tower_mid,BLUE: third_tower_top,BLUE: inhibitor_top,BLUE: nexus_tower,BLUE: nexus_tower,BLUE: nexus,,,,,,,,,,,,
ESPORTSTMNT01_2697602,,BLUE: first_blood,RED: dragon,RED: herald,BLUE: dragon,RED: first_tower_bot,BLUE: herald,BLUE: dragon,BLUE: first_tower_mid,RED: first_tower_top,RED: first_tower_mid,BLUE: first_tower_top,RED: dragon,BLUE: first_tower_bot,BLUE: baron,BLUE: second_tower_mid,BLUE: third_tower_mid,RED: second_tower_mid,RED: second_tower_top,RED: third_tower_top,RED: dragon,BLUE: baron,RED: second_tower_bot,BLUE: dragon,BLUE: second_tower_top,RED: third_tower_mid,RED: inhibitor_mid,BLUE: baron,BLUE: inhibitor_mid,BLUE: nexus_tower,BLUE: nexus_tower,BLUE: nexus,,,,
ESPORTSTMNT01_2697844,,BLUE: first_blood,BLUE: herald,BLUE: dragon,BLUE: first_tower_mid,BLUE: herald,BLUE: first_tower_bot,BLUE: second_tower_bot,RED: first_tower_top,BLUE: dragon,BLUE: first_tower_top,RED: first_tower_bot,BLUE: second_tower_mid,BLUE: baron,BLUE: second_tower_top,BLUE: third_tower_mid,BLUE: inhibitor_mid,BLUE: third_tower_top,BLUE: third_tower_bot,BLUE: inhibitor_bot,BLUE: dragon,BLUE: inhibitor_top,BLUE: nexus_tower,BLUE: nexus_tower,BLUE: nexus,,,,,,,,,,,
ESPORTSTMNT01_2697879,,BLUE: first_blood,RED: dragon,RED: herald,RED: dragon,BLUE: herald,RED: first_tower_bot,RED: dragon,BLUE: first_tower_mid,RED: first_tower_top,RED: first_tower_mid,BLUE: first_tower_bot,BLUE: first_tower_top,RED: dragon,RED: second_tower_mid,RED: elder_dragon,RED: third_tower_mid,RED: inhibitor_mid,RED: baron,RED: nexus_tower,RED: nexus_tower,RED: nexus,,,,,,,,,,,,,,
ESPORTSTMNT01_2697897,,BLUE: first_blood,BLUE: herald,RED: dragon,RED: first_tower_bot,RED: first_tower_mid,RED: first_tower_top,BLUE: first_tower_bot,RED: herald,BLUE: first_tower_top,RED: first_tower_bot,BLUE: first_tower_mid,BLUE: second_tower_top,RED: dragon,RED: baron,RED: second_tower_mid,RED: third_tower_bot,RED: inhibitor_bot,RED: nexus_tower,RED: nexus_tower,RED: nexus,,,,,,,,,,,,,,,
ESPORTSTMNT02_2552109,,BLUE: first_blood,BLUE: herald,RED: dragon,BLUE: first_tower_bot,RED: first_tower_mid,BLUE: dragon,RED: first_tower_top,RED: first_tower_bot,RED: dragon,BLUE: first_tower_top,RED: second_tower_mid,RED: baron,BLUE: second_tower_top,BLUE: dragon,RED: baron,RED: third_tower_mid,RED: inhibitor_mid,RED: dragon,RED: second_tower_bot,RED: third_tower_bot,RED: inhibitor_bot,RED: nexus_tower,RED: nexus_tower,RED: nexus,,,,,,,,,,,
ESPORTSTMNT02_2552154,,BLUE: herald,RED: first_blood,RED: first_tower_bot,RED: dragon,RED: first_tower_top,BLUE: first_tower_mid,BLUE: first_tower_bot,RED: herald,RED: first_tower_mid,RED: dragon,RED: second_tower_bot,BLUE: baron,RED: dragon,BLUE: first_tower_top,BLUE: second_tower_top,RED: second_tower_top,BLUE: third_tower_top,BLUE: inhibitor_top,BLUE: dragon,BLUE: baron,BLUE: second_tower_bot,BLUE: third_tower_bot,BLUE: inhibitor_bot,BLUE: nexus_tower,BLUE: nexus_tower,BLUE: nexus,,,,,,,,,
ESPORTSTMNT02_2552213,,BLUE: first_blood,BLUE: herald,RED: dragon,BLUE: first_tower_top,BLUE: dragon,BLUE: herald,RED: first_tower_bot,BLUE: first_tower_bot,BLUE: first_tower_mid,RED: dragon,BLUE: baron,BLUE: second_tower_top,BLUE: dragon,BLUE: second_tower_bot,BLUE: second_tower_mid,BLUE: third_tower_mid,BLUE: inhibitor_mid,BLUE: third_tower_top,BLUE: inhibitor_top,BLUE: third_tower_bot,BLUE: inhibitor_bot,BLUE: nexus_tower,BLUE: nexus_tower,BLUE: nexus,,,,,,,,,,,
ESPORTSTMNT02_2552248,,BLUE: first_blood,BLUE: herald,BLUE: dragon,BLUE: first_tower_bot,BLUE: first_tower_top,BLUE: herald,BLUE: first_tower_mid,BLUE: second_tower_mid,RED: first_tower_top,BLUE: second_tower_bot,BLUE: dragon,BLUE: second_tower_top,BLUE: baron,BLUE: third_tower_mid,BLUE: inhibitor_mid,BLUE: nexus_tower,BLUE: third_tower_bot,BLUE: inhibitor_bot,BLUE: nexus_tower,BLUE: nexus,,,,,,,,,,,,,,,
ESPORTSTMNT02_2552282,,RED: first_blood,RED: herald,BLUE: dragon,BLUE: first_tower_top,RED: first_tower_mid,BLUE: first_tower_mid,BLUE: dragon,BLUE: first_tower_bot,RED: first_tower_top,RED: first_tower_bot,BLUE: baron,BLUE: dragon,BLUE: second_tower_bot,BLUE: third_tower_bot,BLUE: inhibitor_bot,BLUE: second_tower_mid,BLUE: second_tower_top,BLUE: dragon,BLUE: third_tower_mid,BLUE: inhibitor_mid,BLUE: inhibitor_bot,BLUE: nexus_tower,BLUE: nexus_tower,BLUE: nexus,,,,,,,,,,,
ESPORTSTMNT02_2552610,,BLUE: dragon,BLUE: herald,BLUE: first_blood,BLUE: first_tower_top,RED: dragon,BLUE: second_tower_top,BLUE: herald,RED: first_tower_bot,BLUE: first_tower_bot,BLUE: first_tower_mid,RED: first_tower_top,BLUE: second_tower_bot,BLUE: dragon,BLUE: baron,RED: dragon,BLUE: third_tower_bot,BLUE: inhibitor_bot,RED: first_tower_mid,BLUE: second_tower_mid,BLUE: third_tower_mid,BLUE: inhibitor_mid,BLUE: third_tower_top,BLUE: inhibitor_top,BLUE: nexus_tower,BLUE: nexus_tower,BLUE: nexus,,,,,,,,,
ESPORTSTMNT02_2552653,,BLUE: first_blood,BLUE: herald,BLUE: first_tower_top,RED: dragon,BLUE: first_tower_bot,RED: first_tower_top,RED: dragon,BLUE: herald,BLUE: first_tower_mid,BLUE: dragon,RED: first_tower_bot,RED: first_tower_mid,BLUE: baron,BLUE: dragon,BLUE: second_tower_bot,BLUE: second_tower_mid,BLUE: third_tower_bot,BLUE: third_tower_mid,BLUE: inhibitor_bot,BLUE: inhibitor_mid,BLUE: dragon,BLUE: third_tower_top,BLUE: nexus_tower,BLUE: nexus_tower,BLUE: nexus,,,,,,,,,,
ESPORTSTMNT02_2552740,,RED: first_blood,RED: herald,RED: dragon,RED: first_tower_top,RED: second_tower_top,BLUE: dragon,RED: herald,BLUE: first_tower_bot,RED: dragon,BLUE: first_tower_mid,RED: first_tower_bot,RED: first_tower_mid,BLUE: first_tower_top,BLUE: dragon,RED: baron,RED: second_tower_bot,RED: third_tower_bot,BLUE: second_tower_mid,BLUE: dragon,BLUE: third_tower_mid,BLUE: inhibitor_bot,BLUE: nexus_tower,BLUE: nexus_tower,BLUE: nexus,,,,,,,,,,,
ESPORTSTMNT02_2552773,,BLUE: first_blood,RED: dragon,BLUE: herald,BLUE: first_tower_top,RED: dragon,RED: first_tower_bot,BLUE: second_tower_top,RED: herald,RED: dragon,RED: first_tower_mid,RED: first_tower_top,BLUE: dragon,RED: second_tower_mid,BLUE: first_tower_bot,RED: dragon,RED: baron,RED: second_tower_bot,RED: third_tower_bot,RED: third_tower_mid,RED: inhibitor_bot,RED: inhibitor_mid,RED: nexus_tower,RED: nexus_tower,RED: nexus,,,,,,,,,,,
ESPORTSTMNT02_2552817,,BLUE: first_blood,RED: dragon,RED: herald,BLUE: first_tower_top,RED: first_tower_top,BLUE: herald,RED: first_tower_bot,BLUE: first_tower_top,RED: dragon,BLUE: first_tower_mid,BLUE: dragon,BLUE: baron,BLUE: second_tower_bot,RED: first_tower_mid,BLUE: third_tower_bot,BLUE: inhibitor_bot,BLUE: second_tower_mid,BLUE: third_tower_mid,BLUE: inhibitor_mid,BLUE: dragon,BLUE: baron,BLUE: nexus_tower,BLUE: nexus_tower,BLUE: nexus,,,,,,,,,,,
ESPORTSTMNT02_2553725,,BLUE: first_blood,RED: dragon,BLUE: herald,RED: dragon,RED: herald,BLUE: first_tower_bot,BLUE: dragon,RED: first_tower_top,RED: first_tower_bot,BLUE: first_tower_top,RED: second_tower_bot,BLUE: first_tower_mid,BLUE: baron,RED: dragon,BLUE: second_tower_mid,BLUE: second_tower_top,BLUE: second_tower_bot,RED: second_tower_top,BLUE: third_tower_bot,BLUE: inhibitor_bot,BLUE: third_tower_mid,RED: dragon,RED: first_tower_mid,BLUE: inhibitor_mid,BLUE: nexus_tower,BLUE: nexus_tower,RED: baron,BLUE: nexus,,,,,,,
ESPORTSTMNT02_2553806,,RED: dragon,BLUE: first_blood,BLUE: herald,RED: dragon,RED: first_tower_top,RED: herald,BLUE: first_tower_bot,BLUE: dragon,RED: first_tower_mid,RED: second_tower_top,RED: first_tower_bot,RED: second_tower_mid,BLUE: dragon,BLUE: baron,BLUE: first_tower_mid,BLUE: second_tower_mid,RED: second_tower_bot,BLUE: dragon,BLUE: third_tower_mid,BLUE: inhibitor_mid,BLUE: nexus_tower,BLUE: nexus_tower,BLUE: nexus,,,,,,,,,,,,
ESPORTSTMNT02_2553847,,BLUE: dragon,BLUE: herald,BLUE: first_blood,BLUE: first_tower_bot,BLUE: dragon,BLUE: first_tower_top,RED: first_tower_bot,BLUE: herald,BLUE: first_tower_mid,BLUE: dragon,RED: second_tower_bot,BLUE: dragon,BLUE: baron,BLUE: second_tower_mid,BLUE: third_tower_mid,BLUE: inhibitor_mid,BLUE: second_tower_top,BLUE: third_tower_top,BLUE: inhibitor_top,BLUE: nexus_tower,BLUE: nexus_tower,BLUE: nexus,,,,,,,,,,,,,
ESPORTSTMNT02_2553886,,BLUE: first_blood,RED: dragon,BLUE: herald,RED: dragon,RED: first_tower_bot,BLUE: first_tower_mid,RED: first_tower_top,BLUE: second_tower_mid,BLUE: dragon,RED: herald,BLUE: first_tower_bot,BLUE: dragon,BLUE: baron,BLUE: first_tower_top,BLUE: second_tower_bot,BLUE: third_tower_bot,BLUE: third_tower_mid,BLUE: inhibitor_bot,BLUE: nexus_tower,BLUE: inhibitor_mid,BLUE: dragon,BLUE: second_tower_top,BLUE: nexus_tower,BLUE: nexus,,,,,,,,,,,
ESPORTSTMNT02_2553928,,BLUE: first_blood,RED: dragon,RED: herald,RED: dragon,BLUE: first_tower_bot,RED: first_tower_mid,BLUE: herald,BLUE: first_tower_top,BLUE: first_tower_mid,BLUE: second_tower_mid,RED: first_tower_top,BLUE: dragon,BLUE: third_tower_mid,BLUE: inhibitor_mid,BLUE: second_tower_bot,RED: first_tower_bot,RED: second_tower_bot,BLUE: baron,BLUE: dragon,BLUE: third_tower_bot,BLUE: inhibitor_bot,BLUE: nexus_tower,BLUE: nexus_tower,BLUE: nexus,,,,,,,,,,,
ESPORTSTMNT02_2574293,,BLUE: first_blood,RED: dragon,BLUE: herald,BLUE: first_tower_top,BLUE: second_tower_top,RED: dragon,RED: first_tower_bot,BLUE: herald,BLUE: first_tower_bot,BLUE: first_tower_mid,BLUE: second_tower_mid,BLUE: dragon,BLUE: baron,RED: first_tower_top,BLUE: second_tower_bot,RED: second_tower_top,BLUE: dragon,BLUE: dragon,RED: second_tower_mid,BLUE: baron,BLUE: third_tower_bot,BLUE: dragon,BLUE: third_tower_mid,BLUE: inhibitor_mid,BLUE: inhibitor_bot,BLUE: nexus_tower,BLUE: nexus_tower,BLUE: nexus,,,,,,,
ESPORTSTMNT02_2574385,,BLUE: dragon,RED: first_blood,BLUE: herald,BLUE: dragon,BLUE: first_tower_top,RED: dragon,RED: first_tower_bot,BLUE: second_tower_top,BLUE: third_tower_top,BLUE: first_tower_bot,RED: first_tower_top,BLUE: second_tower_mid,BLUE: dragon,RED: first_tower_mid,RED: baron,RED: second_tower_mid,RED: dragon,BLUE: baron,BLUE: inhibitor_top,BLUE: nexus_tower,BLUE: nexus_tower,BLUE: nexus,,,,,,,,,,,,,
ESPORTSTMNT02_2574428,,BLUE: first_blood,RED: dragon,BLUE: herald,RED: dragon,BLUE: first_tower_top,RED: first_tower_bot,BLUE: herald,BLUE: first_tower_mid,BLUE: dragon,BLUE: first_tower_bot,BLUE: baron,RED: dragon,BLUE: second_tower_top,BLUE: second_tower_mid,BLUE: third_tower_top,BLUE: inhibitor_top,BLUE: third_tower_mid,BLUE: inhibitor_mid,BLUE: second_tower_bot,BLUE: third_tower_bot,BLUE: inhibitor_bot,BLUE: dragon,BLUE: nexus_tower,BLUE: nexus_tower,BLUE: nexus,,,,,,,,,,
ESPORTSTMNT02_2574461,,BLUE: dragon,RED: first_blood,BLUE: herald,BLUE: first_tower_top,RED: first_tower_top,BLUE: first_tower_bot,BLUE: dragon,RED: herald,BLUE: first_tower_mid,BLUE: baron,BLUE: second_tower_bot,BLUE: second_tower_mid,BLUE: third_tower_mid,BLUE: inhibitor_mid,BLUE: dragon,RED: first_tower_bot,BLUE: second_tower_top,RED: first_tower_mid,BLUE: dragon,BLUE: inhibitor_mid,BLUE: nexus_tower,BLUE: nexus_tower,BLUE: nexus,,,,,,,,,,,,
ESPORTSTMNT02_2574506,,RED: first_blood,BLUE: herald,RED: dragon,RED: herald,BLUE: first_tower_bot,RED: first_tower_mid,BLUE: first_tower_top,RED: dragon,RED: second_tower_mid,RED: baron,BLUE: dragon,RED: first_tower_bot,BLUE: second_tower_top,RED: first_tower_top,RED: dragon,RED: third_tower_mid,RED: dragon,RED: baron,RED: second_tower_top,RED: second_tower_bot,RED: inhibitor_mid,RED: third_tower_bot,RED: inhibitor_bot,RED: nexus_tower,RED: nexus_tower,RED: nexus,,,,,,,,,
ESPORTSTMNT02_2575812,,BLUE: first_blood,BLUE: dragon,BLUE: herald,BLUE: first_tower_top,RED: first_tower_bot,BLUE: second_tower_top,RED: dragon,RED: first_tower_top,BLUE: first_tower_bot,RED: second_tower_top,RED: dragon,RED: baron,RED: first_tower_mid,RED: second_tower_bot,RED: second_tower_mid,RED: dragon,RED: third_tower_bot,RED: third_tower_mid,RED: inhibitor_bot,RED: inhibitor_mid,RED: nexus_tower,RED: nexus_tower,RED: nexus,,,,,,,,,,,,
ESPORTSTMNT02_2575865,,BLUE: herald,BLUE: dragon,BLUE: first_tower_bot,BLUE: first_tower_top,RED: first_blood,BLUE: first_tower_mid,BLUE: dragon,RED: herald,BLUE: second_tower_bot,RED: first_tower_bot,RED: second_tower_bot,BLUE: dragon,BLUE: baron,BLUE: second_tower_mid,BLUE: second_tower_top,BLUE: third_tower_mid,BLUE: third_tower_top,BLUE: inhibitor_top,BLUE: inhibitor_mid,BLUE: third_tower_bot,BLUE: nexus_tower,BLUE: nexus_tower,BLUE: nexus,,,,,,,,,,,,
ESPORTSTMNT02_2575902,,BLUE: first_blood,BLUE: herald,RED: dragon,RED: first_tower_bot,BLUE: first_tower_top,RED: dragon,BLUE: first_tower_mid,BLUE: first_tower_bot,BLUE: baron,BLUE: dragon,BLUE: second_tower_top,BLUE: second_tower_mid,BLUE: third_tower_mid,BLUE: inhibitor_mid,BLUE: third_tower_top,BLUE: inhibitor_top,BLUE: nexus_tower,BLUE: nexus_tower,BLUE: nexus,,,,,,,,,,,,,,,,
ESPORTSTMNT02_2575922,,RED: dragon,BLUE: herald,RED: first_blood,RED: dragon,RED: first_tower_top,BLUE: dragon,RED: first_tower_bot,RED: dragon,BLUE: first_tower_bot,RED: first_tower_mid,BLUE: first_tower_top,RED: second_tower_mid,RED: dragon,RED: baron,RED: second_tower_top,RED: second_tower_bot,RED: third_tower_bot,RED: inhibitor_bot,RED: elder_dragon,RED: nexus_tower,RED: nexus_tower,RED: nexus,,,,,,,,,,,,,
ESPORTSTMNT02_2556220,,RED: first_blood,RED: dragon,BLUE: herald,RED: dragon,RED: first_tower_bot,BLUE: first_tower_top,RED: second_tower_bot,BLUE: herald,BLUE: first_tower_bot,BLUE: first_tower_mid,BLUE: dragon,BLUE: second_tower_bot,RED: baron,BLUE: second_tower_mid,RED: first_tower_top,BLUE: second_tower_top,BLUE: third_tower_bot,BLUE: inhibitor_bot,BLUE: nexus_tower,BLUE: nexus_tower,BLUE: nexus,,,,,,,,,,,,,,
ESPORTSTMNT02_2556267,,RED: first_blood,RED: dragon,RED: herald,RED: first_tower_top,RED: dragon,BLUE: first_tower_bot,RED: second_tower_top,RED: herald,RED: first_tower_mid,BLUE: first_tower_top,RED: dragon,RED: first_tower_bot,RED: second_tower_bot,BLUE: second_tower_top,RED: second_tower_mid,RED: dragon,RED: baron,RED: third_tower_mid,RED: inhibitor_mid,RED: third_tower_top,RED: inhibitor_top,RED: nexus_tower,RED: nexus_tower,RED: nexus,,,,,,,,,,,
ESPORTSTMNT02_2556322,,RED: first_blood,BLUE: herald,RED: dragon,BLUE: first_tower_bot,BLUE: first_tower_top,RED: dragon,RED: first_tower_bot,BLUE: first_tower_mid,RED: dragon,BLUE: second_tower_mid,RED: baron,RED: first_tower_top,RED: second_tower_top,RED: third_tower_top,RED: inhibitor_top,RED: first_tower_mid,RED: second_tower_mid,RED: second_tower_bot,RED: third_tower_mid,RED: dragon,RED: nexus_tower,RED: nexus_tower,RED: nexus,,,,,,,,,,,,
ESPORTSTMNT02_2556364,,RED: first_blood,RED: dragon,BLUE: herald,BLUE: first_tower_bot,BLUE: dragon,BLUE: herald,BLUE: first_tower_mid,BLUE: dragon,BLUE: first_tower_top,BLUE: second_tower_bot,BLUE: baron,BLUE: dragon,BLUE: second_tower_mid,BLUE: second_tower_top,BLUE: third_tower_top,BLUE: inhibitor_top,BLUE: third_tower_mid,BLUE: inhibitor_mid,BLUE: nexus_tower,BLUE: nexus_tower,BLUE: nexus,,,,,,,,,,,,,,
ESPORTSTMNT02_2557476,,BLUE: dragon,BLUE: herald,BLUE: first_blood,BLUE: dragon,BLUE: first_tower_top,BLUE: first_tower_bot,RED: herald,RED: first_tower_bot,BLUE: first_tower_mid,BLUE: dragon,RED: first_tower_top,RED: dragon,RED: first_tower_mid,BLUE: baron,RED: second_tower_bot,BLUE: second_tower_mid,BLUE: second_tower_bot,RED: dragon,BLUE: third_tower_bot,RED: dragon,RED: second_mid_tower,BLUE: inhibitor_bot,RED: baron,RED: third_tower_bot,RED: inhibitor_bot,RED: third_tower_mid,RED: inhibitor_mid,BLUE: third_tower_mid,BLUE: inhibitor_mid,BLUE: dragon,BLUE: nexus_tower,BLUE: nexus_tower,BLUE: nexus,,
ESPORTSTMNT02_2557532,,RED: dragon,BLUE: first_blood,BLUE: herald,RED: dragon,BLUE: first_tower_top,BLUE: first_tower_bot,BLUE: first_tower_mid,BLUE: dragon,BLUE: herald,BLUE: second_tower_bot,BLUE: third_tower_bot,RED: first_tower_top,BLUE: inhibitor_bot,BLUE: second_tower_mid,BLUE: dragon,BLUE: third_tower_mid,BLUE: second_tower_top,RED: first_tower_bot,BLUE: dragon,RED: first_tower_mid,BLUE: baron,BLUE: inhibitor_mid,BLUE: inhibitor_bot,BLUE: nexus_tower,BLUE: nexus_tower,BLUE: nexus,,,,,,,,,
ESPORTSTMNT02_2557567,,RED: first_blood,BLUE: herald,BLUE: first_tower_mid,BLUE: dragon,RED: first_tower_top,RED: herald,BLUE: first_tower_bot,RED: second_tower_top,RED: dragon,BLUE: second_tower_mid,RED: dragon,BLUE: first_tower_top,RED: first_tower_bot,BLUE: baron,BLUE: second_tower_top,BLUE: third_tower_mid,BLUE: third_tower_top,BLUE: inhibitor_top,BLUE: inhibitor_mid,BLUE: nexus_tower,BLUE: nexus_tower,BLUE: nexus,,,,,,,,,,,,,
ESPORTSTMNT02_2557604,,BLUE: first_blood,RED: herald,RED: dragon,RED: dragon,RED: herald,RED: first_tower_top,RED: first_tower_bot,BLUE: first_tower_top,BLUE: dragon,RED: first_tower_mid,RED: dragon,RED: baron,BLUE: first_tower_bot,RED: second_tower_mid,RED: third_tower_mid,RED: inhibitor_mid,RED: dragon,RED: second_tower_bot,RED: third_tower_bot,RED: baron,RED: inhibitor_mid,RED: nexus_tower,RED: nexus_tower,RED: nexus,,,,,,,,,,,
ESPORTSTMNT02_2557624,,RED: first_blood,RED: herald,RED: dragon,RED: first_tower_bot,BLUE: first_tower_bot,RED: first_tower_top,RED: herald,BLUE: dragon,RED: second_tower_top,RED: first_tower_mid,BLUE: first_tower_mid,BLUE: dragon,RED: baron,RED: second_tower_bot,RED: third_tower_top,RED: second_tower_mid,RED: third_tower_bot,RED: inhibitor_bot,RED: third_tower_mid,RED: inhibitor_mid,RED: inhibitor_top,RED: dragon,RED: baron,RED: nexus_tower,RED: nexus_tower,RED: nexus,,,,,,,,,
ESPORTSTMNT02_2557962,,BLUE: first_blood,BLUE: herald,RED: dragon,RED: first_tower_bot,BLUE: first_tower_top,BLUE: herald,RED: dragon,RED: first_tower_top,BLUE: first_tower_mid,RED: first_tower_mid,BLUE: dragon,RED: baron,RED: second_tower_mid,BLUE: second_tower_top,RED: second_tower_bot,RED: third_tower_mid,RED: inhibitor_mid,RED: nexus_tower,RED: nexus_tower,RED: nexus,,,,,,,,,,,,,,,
ESPORTSTMNT02_2557993,,RED: first_blood,RED: herald,RED: dragon,RED: herald,RED: first_tower_mid,BLUE: first_tower_bot,BLUE: dragon,BLUE: first_tower_mid,RED: first_tower_top,RED: second_tower_mid,RED: first_tower_bot,RED: baron,BLUE: dragon,RED: second_tower_bot,RED: second_tower_top,RED: third_tower_top,RED: inhibitor_top,RED: nexus_tower,RED: nexus_tower,RED: nexus,,,,,,,,,,,,,,,
ESPORTSTMNT02_2558009,,BLUE: first_blood,BLUE: herald,BLUE: first_tower_bot,BLUE: first_tower_top,RED: dragon,RED: first_tower_bot,BLUE: herald,BLUE: first_tower_mid,BLUE: second_tower_bot,RED: first_tower_top,RED: first_tower_mid,RED: dragon,BLUE: baron,BLUE: second_tower_mid,BLUE: third_tower_mid,BLUE: inhibitor_mid,BLUE: second_tower_top,BLUE: dragon,BLUE: inhibitor_mid,BLUE: nexus_tower,BLUE: nexus_tower,BLUE: nexus,,,,,,,,,,,,,
ESPORTSTMNT02_2558340,,BLUE: first_blood,BLUE: dragon,BLUE: herald,BLUE: first_tower_bot,BLUE: dragon,BLUE: first_tower_top,RED: first_tower_mid,RED: herald,BLUE: dragon,BLUE: first_tower_mid,BLUE: second_tower_mid,RED: first_tower_bot,BLUE: baron,BLUE: second_tower_top,BLUE: third_tower_mid,BLUE: second_tower_bot,BLUE: dragon,BLUE: inhibitor_mid,BLUE: third_tower_bot,BLUE: inhibitor_bot,BLUE: baron,BLUE: third_tower_top,BLUE: nexus_tower,BLUE: nexus_tower,BLUE: nexus,,,,,,,,,,
ESPORTSTMNT02_2558353,,BLUE: dragon,RED: first_blood,BLUE: herald,BLUE: dragon,BLUE: dragon,BLUE: herald,BLUE: first_tower_top,BLUE: first_tower_bot,RED: first_tower_mid,BLUE: second_tower_bot,RED: dragon,BLUE: first_tower_mid,RED: first_tower_bot,RED: dragon,RED: second_tower_mid,RED: baron,RED: first_tower_top,BLUE: dragon,RED: third_tower_mid,RED: baron,RED: inhibitor_mid,RED: nexus_tower,RED: nexus_tower,RED: nexus,,,,,,,,,,,
ESPORTSTMNT03_2562201,,RED: first_blood,RED: herald,RED: first_tower_top,RED: dragon,BLUE: first_tower_bot,RED: herald,RED: first_tower_bot,RED: dragon,BLUE: first_tower_top,RED: dragon,RED: first_tower_mid,RED: baron,RED: second_tower_top,RED: second_tower_mid,RED: third_tower_mid,RED: third_tower_top,RED: inhibitor_top,RED: inhibitor_mid,RED: nexus_tower,RED: nexus_tower,RED: nexus,,,,,,,,,,,,,,
ESPORTSTMNT03_2562244,,BLUE: dragon,BLUE: first_blood,RED: dragon,RED: herald,RED: first_tower_top,RED: second_tower_top,BLUE: first_tower_bot,RED: dragon,RED: first_tower_bot,BLUE: first_tower_top,RED: second_tower_bot,RED: first_tower_mid,BLUE: dragon,BLUE: first_tower_mid,BLUE: second_tower_top,BLUE: baron,BLUE: dragon,BLUE: second_tower_mid,BLUE: second_tower_bot,RED: third_tower_top,BLUE: third_tower_bot,BLUE: inhibitor_bot,RED: inhibitor_top,BLUE: third_tower_mid,BLUE: inhibitor_mid,RED: nexus_tower,BLUE: nexus_tower,BLUE: third_tower_top,BLUE: dragon,BLUE: nexus_tower,BLUE: nexus,,,,
ESPORTSTMNT03_2562289,,RED: first_blood,RED: herald,BLUE: dragon,RED: first_tower_top,RED: first_tower_bot,RED: dragon,BLUE: herald,BLUE: first_tower_bot,RED: second_tower_top,BLUE: first_tower_mid,RED: first_tower_mid,BLUE: first_tower_top,RED: second_tower_bot,BLUE: second_tower_top,RED: dragon,BLUE: second_tower_mid,BLUE: dragon,BLUE: third_tower_mid,BLUE: baron,RED: second_tower_mid,BLUE: dragon,BLUE: second_tower_bot,BLUE: third_tower_bot,BLUE: inhibitor_bot,BLUE: inhibitor_mid,BLUE: nexus_tower,BLUE: nexus_tower,BLUE: nexus,,,,,,,
ESPORTSTMNT03_2562322,,RED: first_blood,RED: dragon,RED: herald,RED: dragon,BLUE: first_tower_top,BLUE: herald,BLUE: dragon,RED: first_tower_mid,BLUE: first_tower_bot,BLUE: first_tower_mid,BLUE: second_tower_bot,RED: baron,BLUE: dragon,RED: second_tower_mid,RED: first_tower_top,BLUE: dragon,BLUE: baron,BLUE: second_tower_top,BLUE: third_tower_bot,BLUE: inhibitor_bot,BLUE: second_tower_mid,BLUE: third_tower_mid,BLUE: inhibitor_mid,BLUE: third_tower_top,BLUE: inhibitor_top,BLUE: nexus_tower,BLUE: nexus_tower,BLUE: nexus,,,,,,,
ESPORTSTMNT03_2562354,,RED: first_blood,RED: dragon,BLUE: herald,BLUE: first_tower_top,RED: first_tower_bot,BLUE: second_tower_top,RED: dragon,RED: herald,BLUE: first_tower_mid,RED: first_tower_top,BLUE: dragon,BLUE: first_tower_bot,RED: first_tower_mid,RED: second_tower_bot,RED: baron,BLUE: second_tower_top,BLUE: dragon,RED: second_tower_mid,RED: dragon,RED: third_tower_mid,RED: inhibitor_mid,RED: nexus_tower,RED: nexus_tower,RED: nexus,,,,,,,,,,,
ESPORTSTMNT03_2542608,,BLUE: dragon,BLUE: first_blood,BLUE: first_tower_top,BLUE: dragon,BLUE: first_tower_bot,RED: herald,BLUE: first_tower_mid,BLUE: dragon,RED: first_tower_top,BLUE: second_tower_mid,RED: first_tower_bot,RED: dragon,BLUE: baron,BLUE: second_tower_bot,BLUE: third_tower_bot,BLUE: third_tower_mid,BLUE: inhibitor_bot,BLUE: inhibitor_mid,BLUE: nexus_tower,BLUE: second_tower_top,BLUE: third_tower_top,BLUE: dragon,RED: baron,RED: first_tower_mid,BLUE: inhibitor_mid,BLUE: nexus_tower,BLUE: nexus,,,,,,,,
ESPORTSTMNT03_2542652,,RED: first_blood,BLUE: herald,RED: first_tower_bot,RED: herald,BLUE: first_tower_bot,BLUE: herald,BLUE: first_tower_top,RED: dragon,RED: first_tower_top,BLUE: second_tower_bot,RED: first_tower_mid,BLUE: second_tower_top,RED: second_tower_bot,BLUE: third_tower_top,RED: dragon,BLUE: first_tower_mid,BLUE: third_tower_bot,RED: baron,RED: second_tower_mid,RED: second_tower_top,RED: third_tower_top,RED: inhibitor_top,BLUE: inhibitor_bot,RED: dragon,RED: third_tower_bot,RED: inhibitor_bot,RED: third_tower_mid,RED: baron,RED: inhibitor_mid,RED: nexus_tower,RED: nexus_tower,RED: nexus,,,
ESPORTSTMNT03_2542777,,RED: herald,BLUE: first_blood,BLUE: dragon,BLUE: first_tower_bot,RED: first_tower_top,BLUE: second_tower_bot,RED: first_tower_mid,BLUE: dragon,BLUE: first_tower_top,BLUE: first_tower_mid,RED: first_tower_bot,BLUE: second_tower_top,BLUE: second_tower_mid,BLUE: third_tower_top,BLUE: third_tower_mid,BLUE: inhibitor_top,BLUE: inhibitor_mid,BLUE: nexus_tower,BLUE: nexus_tower,BLUE: nexus,,,,,,,,,,,,,,,
ESPORTSTMNT03_2542841,,RED: first_blood,RED: dragon,RED: dragon,RED: first_tower_bot,RED: first_tower_mid,BLUE: herald,BLUE: first_tower_top,RED: dragon,RED: first_tower_top,RED: dragon,BLUE: first_tower_bot,RED: second_tower_top,RED: baron,RED: third_tower_top,RED: inhibitor_top,RED: elder_dragon,RED: second_tower_bot,RED: third_tower_bot,RED: inhibitor_bot,RED: third_tower_mid,RED: inhibitor_mid,RED: nexus_tower,RED: nexus_tower,RED: nexus,,,,,,,,,,,
ESPORTSTMNT03_2544211,,RED: first_blood,BLUE: herald,BLUE: first_tower_top,BLUE: herald,RED: dragon,RED: first_tower_bot,BLUE: first_tower_bot,BLUE: first_tower_mid,BLUE: second_tower_mid,BLUE: dragon,BLUE: baron,BLUE: second_tower_bot,BLUE: third_tower_mid,BLUE: inhibitor_mid,BLUE: third_tower_bot,BLUE: inhibitor_bot,BLUE: second_tower_top,BLUE: third_tower_top,BLUE: inhibitor_top,BLUE: nexus_tower,BLUE: baron,BLUE: inhibitor_mid,BLUE: nexus_tower,BLUE: nexus,,,,,,,,,,,
ESPORTSTMNT03_2544300,,RED: first_blood,BLUE: herald,BLUE: dragon,RED: first_tower_bot,RED: dragon,BLUE: herald,RED: first_tower_mid,RED: first_tower_top,BLUE: first_tower_mid,RED: second_tower_bot,RED: dragon,RED: dragon,BLUE: baron,BLUE: second_tower_mid,BLUE: first_tower_top,BLUE: first_tower_bot,RED: dragon,RED: second_tower_mid,RED: third_tower_bot,RED: inhibitor_bot,RED: nexus_tower,RED: nexus_tower,RED: nexus,,,,,,,,,,,,
ESPORTSTMNT03_2544345,,RED: first_blood,RED: dragon,RED: dragon,BLUE: herald,RED: first_tower_top,RED: first_tower_bot,BLUE: first_tower_mid,RED: dragon,RED: first_tower_mid,BLUE: first_tower_bot,RED: second_tower_top,BLUE: herald,RED: second_tower_bot,BLUE: second_tower_mid,RED: dragon,RED: baron,RED: second_tower_mid,RED: third_tower_bot,RED: third_tower_mid,RED: inhibitor_mid,RED: inhibitor_bot,RED: nexus_tower,RED: nexus_tower,RED: nexus,,,,,,,,,,,
ESPORTSTMNT03_2544371,,RED: first_blood,BLUE: dragon,RED: herald,RED: first_tower_top,RED: dragon,BLUE: first_tower_bot,RED: second_tower_top,BLUE: dragon,RED: first_tower_mid,RED: first_tower_bot,RED: second_tower_mid,BLUE: dragon,RED: second_tower_bot,BLUE: dragon,RED: baron,RED: third_tower_top,RED: inhibitor_top,RED: third_tower_bot,RED: inhibitor_bot,RED: nexus_tower,BLUE: elder_dragon,BLUE: baron,BLUE: first_tower_mid,BLUE: second_tower_mid,BLUE: inhibitor_mid,BLUE: first_tower_top,BLUE: second_tower_bot,RED: inhibitor_top,BLUE: inhibitor_bot,BLUE: nexus_tower,BLUE: nexus_tower,BLUE: nexus,,,
ESPORTSTMNT03_2544412,,BLUE: first_blood,BLUE: dragon,BLUE: herald,BLUE: dragon,BLUE: first_tower_bot,RED: first_tower_bot,BLUE: first_tower_top,BLUE: first_tower_mid,BLUE: second_tower_mid,BLUE: second_tower_bot,BLUE: dragon,BLUE: baron,BLUE: third_tower_bot,BLUE: third_tower_mid,BLUE: inhibitor_mid,BLUE: inhibitor_bot,BLUE: dragon,BLUE: second_tower_top,BLUE: nexus_tower,BLUE: nexus_tower,BLUE: nexus,,,,,,,,,,,,,,
ESPORTSTMNT03_2564697,,RED: first_blood,BLUE: dragon,BLUE: herald,BLUE: dragon,RED: first_tower_top,RED: first_tower_bot,RED: second_tower_bot,RED: herald,BLUE: first_tower_bot,RED: dragon,RED: first_tower_mid,RED: second_tower_mid,RED: third_tower_bot,RED: baron,RED: third_tower_mid,RED: inhibitor_mid,RED: inhibitor_bot,RED: second_tower_top,RED: third_tower_top,RED: dragon,RED: inhibitor_bot,RED: inhibitor_mid,RED: inhibitor_top,RED: nexus_tower,RED: nexus_tower,RED: nexus,,,,,,,,,
ESPORTSTMNT03_2564761,,RED: first_blood,BLUE: dragon,RED: herald,BLUE: dragon,RED: herald,RED: first_tower_mid,BLUE: first_tower_bot,RED: second_tower_mid,RED: first_tower_top,RED: first_tower_bot,BLUE: first_tower_top,BLUE: first_tower_mid,BLUE: dragon,BLUE: dragon,RED: second_tower_bot,RED: third_tower_bot,BLUE: baron,RED: inhibitor_bot,RED: third_tower_mid,BLUE: second_tower_bot,BLUE: third_tower_bot,BLUE: inhibitor_bot,BLUE: nexus_tower,BLUE: nexus_tower,BLUE: nexus,,,,,,,,,,
ESPORTSTMNT03_2564782,,BLUE: first_blood,BLUE: dragon,RED: herald,RED: first_tower_bot,BLUE: dragon,BLUE: first_tower_bot,BLUE: herald,RED: first_tower_top,BLUE: first_tower_top,RED: dragon,RED: first_tower_mid,BLUE: first_tower_mid,RED: dragon,BLUE: second_tower_mid,BLUE: second_tower_bot,RED: dragon,RED: second_tower_bot,RED: baron,BLUE: third_tower_mid,RED: third_tower_bot,RED: second_tower_mid,RED: inhibitor_bot,RED: nexus_tower,RED: nexus_tower,RED: nexus,,,,,,,,,,
ESPORTSTMNT03_2564812,,RED: dragon,BLUE: herald,BLUE: first_blood,RED: dragon,RED: first_tower_bot,BLUE: first_tower_top,RED: first_tower_top,RED: dragon,BLUE: herald,RED: first_tower_mid,RED: dragon,RED: baron,RED: second_tower_top,RED: second_tower_mid,RED: second_tower_bot,RED: third_tower_bot,RED: inhibitor_bot,BLUE: first_tower_mid,RED: elder_dragon,RED: third_tower_top,RED: nexus_tower,RED: nexus_tower,RED: nexus,,,,,,,,,,,,
ESPORTSTMNT03_2564859,,RED: first_blood,RED: herald,BLUE: dragon,RED: first_tower_bot,RED: second_tower_bot,RED: herald,RED: first_tower_top,RED: first_tower_mid,RED: second_tower_mid,RED: dragon,RED: baron,RED: second_tower_top,RED: third_tower_top,RED: inhibitor_top,BLUE: first_tower_bot,RED: third_tower_mid,RED: inhibitor_mid,RED: third_tower_bot,RED: nexus_tower,RED: inhibitor_bot,RED: nexus_tower,RED: nexus,,,,,,,,,,,,,
ESPORTSTMNT03_2566738,,BLUE: first_blood,BLUE: herald,RED: dragon,BLUE: dragon,BLUE: first_tower_bot,BLUE: herald,BLUE: first_tower_top,BLUE: first_tower_mid,BLUE: baron,BLUE: dragon,RED: first_tower_top,BLUE: second_tower_bot,BLUE: second_tower_mid,RED: first_tower_bot,BLUE: second_tower_top,RED: dragon,RED: baron,RED: first_tower_mid,RED: second_tower_mid,RED: third_tower_mid,RED: inhibitor_mid,RED: second_tower_bot,RED: dragon,BLUE: baron,BLUE: third_tower_mid,BLUE: inhibitor_mid,BLUE: dragon,BLUE: third_tower_top,BLUE: inhibitor_top,BLUE: nexus_tower,RED: inhibitor_mid,RED: nexus_tower,RED: nexus_tower,RED: nexus,
ESPORTSTMNT03_2566789,,BLUE: first_blood,BLUE: dragon,RED: herald,BLUE: first_tower_bot,RED: first_tower_mid,BLUE: dragon,RED: first_tower_bot,RED: herald,RED: dragon,RED: first_tower_top,BLUE: first_tower_top,RED: second_tower_bot,RED: dragon,RED: baron,RED: dragon,RED: second_tower_mid,RED: second_tower_top,RED: third_tower_top,RED: third_tower_mid,RED: inhibitor_bot,RED: nexus_tower,RED: nexus_tower,RED: nexus,,,,,,,,,,,,
ESPORTSTMNT03_2566823,,RED: first_blood,BLUE: dragon,BLUE: herald,RED: dragon,BLUE: first_tower_bot,RED: first_tower_mid,RED: first_tower_top,RED: second_tower_mid,RED: first_tower_bot,RED: dragon,RED: baron,BLUE: first_tower_top,RED: dragon,RED: second_tower_bot,RED: second_tower_top,RED: third_tower_top,BLUE: second_tower_bot,RED: inhibitor_top,RED: baron,RED: third_tower_mid,RED: inhibitor_mid,RED: nexus_tower,RED: nexus_tower,RED: nexus,,,,,,,,,,,
ESPORTSTMNT03_2566834,,RED: first_blood,RED: dragon,RED: herald,RED: dragon,BLUE: first_tower_bot,RED: herald,BLUE: second_tower_bot,RED: first_tower_mid,RED: first_tower_top,RED: dragon,RED: second_tower_mid,BLUE: first_tower_top,BLUE: first_tower_mid,RED: first_tower_bot,BLUE: dragon,BLUE: baron,BLUE: second_tower_top,BLUE: second_tower_mid,BLUE: third_tower_mid,BLUE: third_tower_top,BLUE: inhibitor_mid,BLUE: inhibitor_top,BLUE: third_tower_bot,BLUE: dragon,BLUE: nexus_tower,BLUE: nexus_tower,BLUE: nexus,,,,,,,,
ESPORTSTMNT03_2566875,1,,,,,,,,,,,,,,,,,,,,,,,,,,,,,,,,,,,
ESPORTSTMNT03_2566875,0,,,,,,,,,,,,,,,,,,,,,,,,,,,,,,,,,,,
ESPORTSTMNT03_2567303,1,,,,,,,,,,,,,,,,,,,,,,,,,,,,,,,,,,,
ESPORTSTMNT03_2567303,0,,,,,,,,,,,,,,,,,,,,,,,,,,,,,,,,,,,
ESPORTSTMNT03_2567360,1,,,,,,,,,,,,,,,,,,,,,,,,,,,,,,,,,,,
ESPORTSTMNT03_2567360,0,,,,,,,,,,,,,,,,,,,,,,,,,,,,,,,,,,,
ESPORTSTMNT03_2567414,1,,,,,,,,,,,,,,,,,,,,,,,,,,,,,,,,,,,
ESPORTSTMNT03_2567414,0,,,,,,,,,,,,,,,,,,,,,,,,,,,,,,,,,,,
ESPORTSTMNT03_2567462,1,,,,,,,,,,,,,,,,,,,,,,,,,,,,,,,,,,,
ESPORTSTMNT03_2567462,0,,,,,,,,,,,,,,,,,,,,,,,,,,,,,,,,,,,
ESPORTSTMNT03_2567516,1,,,,,,,,,,,,,,,,,,,,,,,,,,,,,,,,,,,
ESPORTSTMNT03_2567516,0,,,,,,,,,,,,,,,,,,,,,,,,,,,,,,,,,,,
ESPORTSTMNT03_2568522,1,,,,,,,,,,,,,,,,,,,,,,,,,,,,,,,,,,,
ESPORTSTMNT03_2568522,0,,,,,,,,,,,,,,,,,,,,,,,,,,,,,,,,,,,
ESPORTSTMNT03_2568557,1,,,,,,,,,,,,,,,,,,,,,,,,,,,,,,,,,,,
ESPORTSTMNT03_2568557,0,,,,,,,,,,,,,,,,,,,,,,,,,,,,,,,,,,,
ESPORTSTMNT03_2568582,1,,,,,,,,,,,,,,,,,,,,,,,,,,,,,,,,,,,
ESPORTSTMNT03_2568582,0,,,,,,,,,,,,,,,,,,,,,,,,,,,,,,,,,,,
ESPORTSTMNT03_2568597,1,,,,,,,,,,,,,,,,,,,,,,,,,,,,,,,,,,,
ESPORTSTMNT03_2568597,0,,,,,,,,,,,,,,,,,,,,,,,,,,,,,,,,,,,
ESPORTSTMNT03_2568626,1,,,,,,,,,,,,,,,,,,,,,,,,,,,,,,,,,,,
ESPORTSTMNT03_2568626,0,,,,,,,,,,,,,,,,,,,,,,,,,,,,,,,,,,,
ESPORTSTMNT03_2569082,1,,,,,,,,,,,,,,,,,,,,,,,,,,,,,,,,,,,
ESPORTSTMNT03_2569082,0,,,,,,,,,,,,,,,,,,,,,,,,,,,,,,,,,,,
ESPORTSTMNT03_2569119,1,,,,,,,,,,,,,,,,,,,,,,,,,,,,,,,,,,,
ESPORTSTMNT03_2569119,0,,,,,,,,,,,,,,,,,,,,,,,,,,,,,,,,,,,
ESPORTSTMNT03_2569137,1,,,,,,,,,,,,,,,,,,,,,,,,,,,,,,,,,,,
ESPORTSTMNT03_2569137,0,,,,,,,,,,,,,,,,,,,,,,,,,,,,,,,,,,,
ESPORTSTMNT03_2569151,1,,,,,,,,,,,,,,,,,,,,,,,,,,,,,,,,,,,
ESPORTSTMNT03_2569151,0,,,,,,,,,,,,,,,,,,,,,,,,,,,,,,,,,,,
ESPORTSTMNT03_2569185,1,,,,,,,,,,,,,,,,,,,,,,,,,,,,,,,,,,,
ESPORTSTMNT03_2569185,0,,,,,,,,,,,,,,,,,,,,,,,,,,,,,,,,,,,
ESPORTSTMNT01_2731643,1,,,,,,,,,,,,,,,,,,,,,,,,,,,,,,,,,,,
ESPORTSTMNT01_2731643,0,,,,,,,,,,,,,,,,,,,,,,,,,,,,,,,,,,,
ESPORTSTMNT01_2731682,1,,,,,,,,,,,,,,,,,,,,,,,,,,,,,,,,,,,
ESPORTSTMNT01_2731682,0,,,,,,,,,,,,,,,,,,,,,,,,,,,,,,,,,,,
ESPORTSTMNT01_2731711,1,,,,,,,,,,,,,,,,,,,,,,,,,,,,,,,,,,,
ESPORTSTMNT01_2731711,0,,,,,,,,,,,,,,,,,,,,,,,,,,,,,,,,,,,
ESPORTSTMNT01_2731745,1,,,,,,,,,,,,,,,,,,,,,,,,,,,,,,,,,,,
ESPORTSTMNT01_2731745,0,,,,,,,,,,,,,,,,,,,,,,,,,,,,,,,,,,,
ESPORTSTMNT01_2731791,1,,,,,,,,,,,,,,,,,,,,,,,,,,,,,,,,,,,
ESPORTSTMNT01_2731791,0,,,,,,,,,,,,,,,,,,,,,,,,,,,,,,,,,,,
ESPORTSTMNT01_2742201,1,,,,,,,,,,,,,,,,,,,,,,,,,,,,,,,,,,,
ESPORTSTMNT01_2742201,0,,,,,,,,,,,,,,,,,,,,,,,,,,,,,,,,,,,
ESPORTSTMNT01_2742246,1,,,,,,,,,,,,,,,,,,,,,,,,,,,,,,,,,,,
ESPORTSTMNT01_2742246,0,,,,,,,,,,,,,,,,,,,,,,,,,,,,,,,,,,,
ESPORTSTMNT01_2742333,1,,,,,,,,,,,,,,,,,,,,,,,,,,,,,,,,,,,
ESPORTSTMNT01_2742333,0,,,,,,,,,,,,,,,,,,,,,,,,,,,,,,,,,,,
ESPORTSTMNT01_2742361,1,,,,,,,,,,,,,,,,,,,,,,,,,,,,,,,,,,,
ESPORTSTMNT01_2742361,0,,,,,,,,,,,,,,,,,,,,,,,,,,,,,,,,,,,
ESPORTSTMNT01_2742426,1,,,,,,,,,,,,,,,,,,,,,,,,,,,,,,,,,,,
ESPORTSTMNT01_2742426,0,,,,,,,,,,,,,,,,,,,,,,,,,,,,,,,,,,,
ESPORTSTMNT01_2743756,1,,,,,,,,,,,,,,,,,,,,,,,,,,,,,,,,,,,
ESPORTSTMNT01_2743756,0,,,,,,,,,,,,,,,,,,,,,,,,,,,,,,,,,,,
ESPORTSTMNT01_2743815,1,,,,,,,,,,,,,,,,,,,,,,,,,,,,,,,,,,,
ESPORTSTMNT01_2743815,0,,,,,,,,,,,,,,,,,,,,,,,,,,,,,,,,,,,
ESPORTSTMNT01_2743846,1,,,,,,,,,,,,,,,,,,,,,,,,,,,,,,,,,,,
ESPORTSTMNT01_2743846,0,,,,,,,,,,,,,,,,,,,,,,,,,,,,,,,,,,,
ESPORTSTMNT01_2743876,1,,,,,,,,,,,,,,,,,,,,,,,,,,,,,,,,,,,
ESPORTSTMNT01_2743876,0,,,,,,,,,,,,,,,,,,,,,,,,,,,,,,,,,,,
ESPORTSTMNT01_2744457,1,,,,,,,,,,,,,,,,,,,,,,,,,,,,,,,,,,,
ESPORTSTMNT01_2744457,0,,,,,,,,,,,,,,,,,,,,,,,,,,,,,,,,,,,
ESPORTSTMNT01_2744507,1,,,,,,,,,,,,,,,,,,,,,,,,,,,,,,,,,,,
ESPORTSTMNT01_2744507,0,,,,,,,,,,,,,,,,,,,,,,,,,,,,,,,,,,,
ESPORTSTMNT01_2744546,1,,,,,,,,,,,,,,,,,,,,,,,,,,,,,,,,,,,
ESPORTSTMNT01_2744546,0,,,,,,,,,,,,,,,,,,,,,,,,,,,,,,,,,,,
ESPORTSTMNT01_2744573,1,,,,,,,,,,,,,,,,,,,,,,,,,,,,,,,,,,,
ESPORTSTMNT01_2744573,0,,,,,,,,,,,,,,,,,,,,,,,,,,,,,,,,,,,
ESPORTSTMNT01_2745172,1,,,,,,,,,,,,,,,,,,,,,,,,,,,,,,,,,,,
ESPORTSTMNT01_2745172,0,,,,,,,,,,,,,,,,,,,,,,,,,,,,,,,,,,,
ESPORTSTMNT01_2745222,1,,,,,,,,,,,,,,,,,,,,,,,,,,,,,,,,,,,
ESPORTSTMNT01_2745222,0,,,,,,,,,,,,,,,,,,,,,,,,,,,,,,,,,,,
ESPORTSTMNT01_2770585,1,,,,,,,,,,,,,,,,,,,,,,,,,,,,,,,,,,,
ESPORTSTMNT01_2770585,0,,,,,,,,,,,,,,,,,,,,,,,,,,,,,,,,,,,
ESPORTSTMNT01_2770628,1,,,,,,,,,,,,,,,,,,,,,,,,,,,,,,,,,,,
ESPORTSTMNT01_2770628,0,,,,,,,,,,,,,,,,,,,,,,,,,,,,,,,,,,,
ESPORTSTMNT01_2770671,1,,,,,,,,,,,,,,,,,,,,,,,,,,,,,,,,,,,
ESPORTSTMNT01_2770671,0,,,,,,,,,,,,,,,,,,,,,,,,,,,,,,,,,,,
ESPORTSTMNT01_2770695,1,,,,,,,,,,,,,,,,,,,,,,,,,,,,,,,,,,,
ESPORTSTMNT01_2770695,0,,,,,,,,,,,,,,,,,,,,,,,,,,,,,,,,,,,
ESPORTSTMNT01_2781109,1,,,,,,,,,,,,,,,,,,,,,,,,,,,,,,,,,,,
ESPORTSTMNT01_2781109,0,,,,,,,,,,,,,,,,,,,,,,,,,,,,,,,,,,,
ESPORTSTMNT01_2781166,1,,,,,,,,,,,,,,,,,,,,,,,,,,,,,,,,,,,
ESPORTSTMNT01_2781166,0,,,,,,,,,,,,,,,,,,,,,,,,,,,,,,,,,,,
ESPORTSTMNT01_2781212,1,,,,,,,,,,,,,,,,,,,,,,,,,,,,,,,,,,,
ESPORTSTMNT01_2781212,0,,,,,,,,,,,,,,,,,,,,,,,,,,,,,,,,,,,
ESPORTSTMNT01_2781245,1,,,,,,,,,,,,,,,,,,,,,,,,,,,,,,,,,,,
ESPORTSTMNT01_2781245,0,,,,,,,,,,,,,,,,,,,,,,,,,,,,,,,,,,,
ESPORTSTMNT01_2781270,1,,,,,,,,,,,,,,,,,,,,,,,,,,,,,,,,,,,
ESPORTSTMNT01_2781270,0,,,,,,,,,,,,,,,,,,,,,,,,,,,,,,,,,,,
ESPORTSTMNT01_2782376,1,,,,,,,,,,,,,,,,,,,,,,,,,,,,,,,,,,,
ESPORTSTMNT01_2782376,0,,,,,,,,,,,,,,,,,,,,,,,,,,,,,,,,,,,
ESPORTSTMNT01_2782404,1,,,,,,,,,,,,,,,,,,,,,,,,,,,,,,,,,,,
ESPORTSTMNT01_2782404,0,,,,,,,,,,,,,,,,,,,,,,,,,,,,,,,,,,,
ESPORTSTMNT01_2782430,1,,,,,,,,,,,,,,,,,,,,,,,,,,,,,,,,,,,
ESPORTSTMNT01_2782430,0,,,,,,,,,,,,,,,,,,,,,,,,,,,,,,,,,,,
ESPORTSTMNT01_2782447,1,,,,,,,,,,,,,,,,,,,,,,,,,,,,,,,,,,,
ESPORTSTMNT01_2782447,0,,,,,,,,,,,,,,,,,,,,,,,,,,,,,,,,,,,
ESPORTSTMNT01_2782469,1,,,,,,,,,,,,,,,,,,,,,,,,,,,,,,,,,,,
ESPORTSTMNT01_2782469,0,,,,,,,,,,,,,,,,,,,,,,,,,,,,,,,,,,,
ESPORTSTMNT01_2782842,1,,,,,,,,,,,,,,,,,,,,,,,,,,,,,,,,,,,
ESPORTSTMNT01_2782842,0,,,,,,,,,,,,,,,,,,,,,,,,,,,,,,,,,,,
ESPORTSTMNT01_2782871,1,,,,,,,,,,,,,,,,,,,,,,,,,,,,,,,,,,,
ESPORTSTMNT01_2782871,0,,,,,,,,,,,,,,,,,,,,,,,,,,,,,,,,,,,
ESPORTSTMNT01_2782880,1,,,,,,,,,,,,,,,,,,,,,,,,,,,,,,,,,,,
ESPORTSTMNT01_2782880,0,,,,,,,,,,,,,,,,,,,,,,,,,,,,,,,,,,,
ESPORTSTMNT01_2782900,1,,,,,,,,,,,,,,,,,,,,,,,,,,,,,,,,,,,
ESPORTSTMNT01_2782900,0,,,,,,,,,,,,,,,,,,,,,,,,,,,,,,,,,,,
ESPORTSTMNT01_2782918,1,,,,,,,,,,,,,,,,,,,,,,,,,,,,,,,,,,,
ESPORTSTMNT01_2782918,0,,,,,,,,,,,,,,,,,,,,,,,,,,,,,,,,,,,
ESPORTSTMNT01_2783230,1,,,,,,,,,,,,,,,,,,,,,,,,,,,,,,,,,,,
ESPORTSTMNT01_2783230,0,,,,,,,,,,,,,,,,,,,,,,,,,,,,,,,,,,,
ESPORTSTMNT02_2660083,1,,,,,,,,,,,,,,,,,,,,,,,,,,,,,,,,,,,
ESPORTSTMNT02_2660083,0,,,,,,,,,,,,,,,,,,,,,,,,,,,,,,,,,,,
ESPORTSTMNT02_2660115,1,,,,,,,,,,,,,,,,,,,,,,,,,,,,,,,,,,,
ESPORTSTMNT02_2660115,0,,,,,,,,,,,,,,,,,,,,,,,,,,,,,,,,,,,
ESPORTSTMNT02_2660149,1,,,,,,,,,,,,,,,,,,,,,,,,,,,,,,,,,,,
ESPORTSTMNT02_2660149,0,,,,,,,,,,,,,,,,,,,,,,,,,,,,,,,,,,,
ESPORTSTMNT02_2660180,1,,,,,,,,,,,,,,,,,,,,,,,,,,,,,,,,,,,
ESPORTSTMNT02_2660180,0,,,,,,,,,,,,,,,,,,,,,,,,,,,,,,,,,,,
ESPORTSTMNT02_2660207,1,,,,,,,,,,,,,,,,,,,,,,,,,,,,,,,,,,,
ESPORTSTMNT02_2660207,0,,,,,,,,,,,,,,,,,,,,,,,,,,,,,,,,,,,
ESPORTSTMNT02_2660440,1,,,,,,,,,,,,,,,,,,,,,,,,,,,,,,,,,,,
ESPORTSTMNT02_2660440,0,,,,,,,,,,,,,,,,,,,,,,,,,,,,,,,,,,,
ESPORTSTMNT02_2660501,1,,,,,,,,,,,,,,,,,,,,,,,,,,,,,,,,,,,
ESPORTSTMNT02_2660501,0,,,,,,,,,,,,,,,,,,,,,,,,,,,,,,,,,,,
ESPORTSTMNT02_2660536,1,,,,,,,,,,,,,,,,,,,,,,,,,,,,,,,,,,,
ESPORTSTMNT02_2660536,0,,,,,,,,,,,,,,,,,,,,,,,,,,,,,,,,,,,
ESPORTSTMNT02_2660574,1,,,,,,,,,,,,,,,,,,,,,,,,,,,,,,,,,,,
ESPORTSTMNT02_2660574,0,,,,,,,,,,,,,,,,,,,,,,,,,,,,,,,,,,,
ESPORTSTMNT02_2660639,1,,,,,,,,,,,,,,,,,,,,,,,,,,,,,,,,,,,
ESPORTSTMNT02_2660639,0,,,,,,,,,,,,,,,,,,,,,,,,,,,,,,,,,,,
ESPORTSTMNT02_2661502,1,,,,,,,,,,,,,,,,,,,,,,,,,,,,,,,,,,,
ESPORTSTMNT02_2661502,0,,,,,,,,,,,,,,,,,,,,,,,,,,,,,,,,,,,
ESPORTSTMNT02_2661533,1,,,,,,,,,,,,,,,,,,,,,,,,,,,,,,,,,,,
ESPORTSTMNT02_2661533,0,,,,,,,,,,,,,,,,,,,,,,,,,,,,,,,,,,,
ESPORTSTMNT02_2661553,1,,,,,,,,,,,,,,,,,,,,,,,,,,,,,,,,,,,
ESPORTSTMNT02_2661553,0,,,,,,,,,,,,,,,,,,,,,,,,,,,,,,,,,,,
ESPORTSTMNT02_2661587,1,,,,,,,,,,,,,,,,,,,,,,,,,,,,,,,,,,,
ESPORTSTMNT02_2661587,0,,,,,,,,,,,,,,,,,,,,,,,,,,,,,,,,,,,
ESPORTSTMNT02_2661603,1,,,,,,,,,,,,,,,,,,,,,,,,,,,,,,,,,,,
ESPORTSTMNT02_2661603,0,,,,,,,,,,,,,,,,,,,,,,,,,,,,,,,,,,,
ESPORTSTMNT02_2661844,1,,,,,,,,,,,,,,,,,,,,,,,,,,,,,,,,,,,
ESPORTSTMNT02_2661844,0,,,,,,,,,,,,,,,,,,,,,,,,,,,,,,,,,,,
ESPORTSTMNT02_2661895,1,,,,,,,,,,,,,,,,,,,,,,,,,,,,,,,,,,,
ESPORTSTMNT02_2661895,0,,,,,,,,,,,,,,,,,,,,,,,,,,,,,,,,,,,
ESPORTSTMNT02_2661909,1,,,,,,,,,,,,,,,,,,,,,,,,,,,,,,,,,,,
ESPORTSTMNT02_2661909,0,,,,,,,,,,,,,,,,,,,,,,,,,,,,,,,,,,,
ESPORTSTMNT02_2661932,1,,,,,,,,,,,,,,,,,,,,,,,,,,,,,,,,,,,
ESPORTSTMNT02_2661932,0,,,,,,,,,,,,,,,,,,,,,,,,,,,,,,,,,,,
ESPORTSTMNT02_2661963,1,,,,,,,,,,,,,,,,,,,,,,,,,,,,,,,,,,,
ESPORTSTMNT02_2661963,0,,,,,,,,,,,,,,,,,,,,,,,,,,,,,,,,,,,
ESPORTSTMNT03_2651434,1,,,,,,,,,,,,,,,,,,,,,,,,,,,,,,,,,,,
ESPORTSTMNT03_2651434,0,,,,,,,,,,,,,,,,,,,,,,,,,,,,,,,,,,,
ESPORTSTMNT03_2651447,1,,,,,,,,,,,,,,,,,,,,,,,,,,,,,,,,,,,
ESPORTSTMNT03_2651447,0,,,,,,,,,,,,,,,,,,,,,,,,,,,,,,,,,,,
ESPORTSTMNT03_2651460,1,,,,,,,,,,,,,,,,,,,,,,,,,,,,,,,,,,,
ESPORTSTMNT03_2651460,0,,,,,,,,,,,,,,,,,,,,,,,,,,,,,,,,,,,
ESPORTSTMNT03_2651473,1,,,,,,,,,,,,,,,,,,,,,,,,,,,,,,,,,,,
ESPORTSTMNT03_2651473,0,,,,,,,,,,,,,,,,,,,,,,,,,,,,,,,,,,,
ESPORTSTMNT03_2651501,1,,,,,,,,,,,,,,,,,,,,,,,,,,,,,,,,,,,
ESPORTSTMNT03_2651501,0,,,,,,,,,,,,,,,,,,,,,,,,,,,,,,,,,,,
ESPORTSTMNT03_2631752,1,,,,,,,,,,,,,,,,,,,,,,,,,,,,,,,,,,,
ESPORTSTMNT03_2631752,0,,,,,,,,,,,,,,,,,,,,,,,,,,,,,,,,,,,
ESPORTSTMNT03_2631762,1,,,,,,,,,,,,,,,,,,,,,,,,,,,,,,,,,,,
ESPORTSTMNT03_2631762,0,,,,,,,,,,,,,,,,,,,,,,,,,,,,,,,,,,,
ESPORTSTMNT03_2631796,1,,,,,,,,,,,,,,,,,,,,,,,,,,,,,,,,,,,
ESPORTSTMNT03_2631796,0,,,,,,,,,,,,,,,,,,,,,,,,,,,,,,,,,,,
ESPORTSTMNT03_2631825,1,,,,,,,,,,,,,,,,,,,,,,,,,,,,,,,,,,,
ESPORTSTMNT03_2631825,0,,,,,,,,,,,,,,,,,,,,,,,,,,,,,,,,,,,
ESPORTSTMNT03_2631856,1,,,,,,,,,,,,,,,,,,,,,,,,,,,,,,,,,,,
ESPORTSTMNT03_2631856,0,,,,,,,,,,,,,,,,,,,,,,,,,,,,,,,,,,,
ESPORTSTMNT03_2652221,1,,,,,,,,,,,,,,,,,,,,,,,,,,,,,,,,,,,
ESPORTSTMNT03_2652221,0,,,,,,,,,,,,,,,,,,,,,,,,,,,,,,,,,,,
ESPORTSTMNT03_2652267,1,,,,,,,,,,,,,,,,,,,,,,,,,,,,,,,,,,,
ESPORTSTMNT03_2652267,0,,,,,,,,,,,,,,,,,,,,,,,,,,,,,,,,,,,
ESPORTSTMNT03_2652286,1,,,,,,,,,,,,,,,,,,,,,,,,,,,,,,,,,,,
ESPORTSTMNT03_2652286,0,,,,,,,,,,,,,,,,,,,,,,,,,,,,,,,,,,,
ESPORTSTMNT03_2652309,1,,,,,,,,,,,,,,,,,,,,,,,,,,,,,,,,,,,
ESPORTSTMNT03_2652309,0,,,,,,,,,,,,,,,,,,,,,,,,,,,,,,,,,,,
ESPORTSTMNT03_2652318,1,,,,,,,,,,,,,,,,,,,,,,,,,,,,,,,,,,,
ESPORTSTMNT03_2652318,0,,,,,,,,,,,,,,,,,,,,,,,,,,,,,,,,,,,
ESPORTSTMNT03_2632576,1,,,,,,,,,,,,,,,,,,,,,,,,,,,,,,,,,,,
ESPORTSTMNT03_2632576,0,,,,,,,,,,,,,,,,,,,,,,,,,,,,,,,,,,,
ESPORTSTMNT03_2632603,1,,,,,,,,,,,,,,,,,,,,,,,,,,,,,,,,,,,
ESPORTSTMNT03_2632603,0,,,,,,,,,,,,,,,,,,,,,,,,,,,,,,,,,,,
ESPORTSTMNT03_2632640,1,,,,,,,,,,,,,,,,,,,,,,,,,,,,,,,,,,,
ESPORTSTMNT03_2632640,0,,,,,,,,,,,,,,,,,,,,,,,,,,,,,,,,,,,
ESPORTSTMNT03_2632657,1,,,,,,,,,,,,,,,,,,,,,,,,,,,,,,,,,,,
ESPORTSTMNT03_2632657,0,,,,,,,,,,,,,,,,,,,,,,,,,,,,,,,,,,,
ESPORTSTMNT03_2632679,1,,,,,,,,,,,,,,,,,,,,,,,,,,,,,,,,,,,
ESPORTSTMNT03_2632679,0,,,,,,,,,,,,,,,,,,,,,,,,,,,,,,,,,,,
ESPORTSTMNT03_2653081,1,,,,,,,,,,,,,,,,,,,,,,,,,,,,,,,,,,,
ESPORTSTMNT03_2653081,0,,,,,,,,,,,,,,,,,,,,,,,,,,,,,,,,,,,
ESPORTSTMNT03_2653100,1,,,,,,,,,,,,,,,,,,,,,,,,,,,,,,,,,,,
ESPORTSTMNT03_2653100,0,,,,,,,,,,,,,,,,,,,,,,,,,,,,,,,,,,,
ESPORTSTMNT03_2653118,1,,,,,,,,,,,,,,,,,,,,,,,,,,,,,,,,,,,
ESPORTSTMNT03_2653118,0,,,,,,,,,,,,,,,,,,,,,,,,,,,,,,,,,,,
ESPORTSTMNT03_2633616,1,,,,,,,,,,,,,,,,,,,,,,,,,,,,,,,,,,,
ESPORTSTMNT03_2633616,0,,,,,,,,,,,,,,,,,,,,,,,,,,,,,,,,,,,
ESPORTSTMNT03_2633644,1,,,,,,,,,,,,,,,,,,,,,,,,,,,,,,,,,,,
ESPORTSTMNT03_2633644,0,,,,,,,,,,,,,,,,,,,,,,,,,,,,,,,,,,,
ESPORTSTMNT03_2633657,1,,,,,,,,,,,,,,,,,,,,,,,,,,,,,,,,,,,
ESPORTSTMNT03_2633657,0,,,,,,,,,,,,,,,,,,,,,,,,,,,,,,,,,,,
ESPORTSTMNT03_2653763,1,,,,,,,,,,,,,,,,,,,,,,,,,,,,,,,,,,,
ESPORTSTMNT03_2653763,0,,,,,,,,,,,,,,,,,,,,,,,,,,,,,,,,,,,
ESPORTSTMNT03_2653778,1,,,,,,,,,,,,,,,,,,,,,,,,,,,,,,,,,,,
ESPORTSTMNT03_2653778,0,,,,,,,,,,,,,,,,,,,,,,,,,,,,,,,,,,,
ESPORTSTMNT03_2653794,1,,,,,,,,,,,,,,,,,,,,,,,,,,,,,,,,,,,
ESPORTSTMNT03_2653794,0,,,,,,,,,,,,,,,,,,,,,,,,,,,,,,,,,,,
ESPORTSTMNT03_2653842,1,,,,,,,,,,,,,,,,,,,,,,,,,,,,,,,,,,,
ESPORTSTMNT03_2653842,0,,,,,,,,,,,,,,,,,,,,,,,,,,,,,,,,,,,
ESPORTSTMNT03_2653869,1,,,,,,,,,,,,,,,,,,,,,,,,,,,,,,,,,,,
ESPORTSTMNT03_2653869,0,,,,,,,,,,,,,,,,,,,,,,,,,,,,,,,,,,,
ESPORTSTMNT03_2655697,1,,,,,,,,,,,,,,,,,,,,,,,,,,,,,,,,,,,
ESPORTSTMNT03_2655697,0,,,,,,,,,,,,,,,,,,,,,,,,,,,,,,,,,,,
ESPORTSTMNT03_2635924,1,,,,,,,,,,,,,,,,,,,,,,,,,,,,,,,,,,,
ESPORTSTMNT03_2635924,0,,,,,,,,,,,,,,,,,,,,,,,,,,,,,,,,,,,
ESPORTSTMNT03_2635930,1,,,,,,,,,,,,,,,,,,,,,,,,,,,,,,,,,,,
ESPORTSTMNT03_2635930,0,,,,,,,,,,,,,,,,,,,,,,,,,,,,,,,,,,,
ESPORTSTMNT03_2635949,1,,,,,,,,,,,,,,,,,,,,,,,,,,,,,,,,,,,
ESPORTSTMNT03_2635949,0,,,,,,,,,,,,,,,,,,,,,,,,,,,,,,,,,,,
ESPORTSTMNT03_2635970,1,,,,,,,,,,,,,,,,,,,,,,,,,,,,,,,,,,,
ESPORTSTMNT03_2635970,0,,,,,,,,,,,,,,,,,,,,,,,,,,,,,,,,,,,
ESPORTSTMNT03_2655923,1,,,,,,,,,,,,,,,,,,,,,,,,,,,,,,,,,,,
ESPORTSTMNT03_2655923,0,,,,,,,,,,,,,,,,,,,,,,,,,,,,,,,,,,,
ESPORTSTMNT03_2655944,1,,,,,,,,,,,,,,,,,,,,,,,,,,,,,,,,,,,
ESPORTSTMNT03_2655944,0,,,,,,,,,,,,,,,,,,,,,,,,,,,,,,,,,,,
ESPORTSTMNT03_2655962,1,,,,,,,,,,,,,,,,,,,,,,,,,,,,,,,,,,,
ESPORTSTMNT03_2655962,0,,,,,,,,,,,,,,,,,,,,,,,,,,,,,,,,,,,
ESPORTSTMNT03_2636648,1,,,,,,,,,,,,,,,,,,,,,,,,,,,,,,,,,,,
ESPORTSTMNT03_2636648,0,,,,,,,,,,,,,,,,,,,,,,,,,,,,,,,,,,,
ESPORTSTMNT03_2636692,1,,,,,,,,,,,,,,,,,,,,,,,,,,,,,,,,,,,
ESPORTSTMNT03_2636692,0,,,,,,,,,,,,,,,,,,,,,,,,,,,,,,,,,,,
ESPORTSTMNT03_2636727,1,,,,,,,,,,,,,,,,,,,,,,,,,,,,,,,,,,,
ESPORTSTMNT03_2636727,0,,,,,,,,,,,,,,,,,,,,,,,,,,,,,,,,,,,
ESPORTSTMNT03_2636739,1,,,,,,,,,,,,,,,,,,,,,,,,,,,,,,,,,,,
ESPORTSTMNT03_2636739,0,,,,,,,,,,,,,,,,,,,,,,,,,,,,,,,,,,,
ESPORTSTMNT03_2636906,1,,,,,,,,,,,,,,,,,,,,,,,,,,,,,,,,,,,
ESPORTSTMNT03_2636906,0,,,,,,,,,,,,,,,,,,,,,,,,,,,,,,,,,,,
ESPORTSTMNT03_2636915,1,,,,,,,,,,,,,,,,,,,,,,,,,,,,,,,,,,,
ESPORTSTMNT03_2636915,0,,,,,,,,,,,,,,,,,,,,,,,,,,,,,,,,,,,
ESPORTSTMNT03_2636935,1,,,,,,,,,,,,,,,,,,,,,,,,,,,,,,,,,,,
ESPORTSTMNT03_2636935,0,,,,,,,,,,,,,,,,,,,,,,,,,,,,,,,,,,,
ESPORTSTMNT03_2656620,1,,,,,,,,,,,,,,,,,,,,,,,,,,,,,,,,,,,
ESPORTSTMNT03_2656620,0,,,,,,,,,,,,,,,,,,,,,,,,,,,,,,,,,,,
ESPORTSTMNT03_2656623,1,,,,,,,,,,,,,,,,,,,,,,,,,,,,,,,,,,,
ESPORTSTMNT03_2656623,0,,,,,,,,,,,,,,,,,,,,,,,,,,,,,,,,,,,
ESPORTSTMNT03_2657090,1,,,,,,,,,,,,,,,,,,,,,,,,,,,,,,,,,,,
ESPORTSTMNT03_2657090,0,,,,,,,,,,,,,,,,,,,,,,,,,,,,,,,,,,,
ESPORTSTMNT03_2657101,1,,,,,,,,,,,,,,,,,,,,,,,,,,,,,,,,,,,
ESPORTSTMNT03_2657101,0,,,,,,,,,,,,,,,,,,,,,,,,,,,,,,,,,,,
ESPORTSTMNT03_2657112,1,,,,,,,,,,,,,,,,,,,,,,,,,,,,,,,,,,,
ESPORTSTMNT03_2657112,0,,,,,,,,,,,,,,,,,,,,,,,,,,,,,,,,,,,
ESPORTSTMNT03_2657120,1,,,,,,,,,,,,,,,,,,,,,,,,,,,,,,,,,,,
ESPORTSTMNT03_2657120,0,,,,,,,,,,,,,,,,,,,,,,,,,,,,,,,,,,,
ESPORTSTMNT03_2637518,1,,,,,,,,,,,,,,,,,,,,,,,,,,,,,,,,,,,
ESPORTSTMNT03_2637518,0,,,,,,,,,,,,,,,,,,,,,,,,,,,,,,,,,,,
ESPORTSTMNT03_2637520,1,,,,,,,,,,,,,,,,,,,,,,,,,,,,,,,,,,,
ESPORTSTMNT03_2637520,0,,,,,,,,,,,,,,,,,,,,,,,,,,,,,,,,,,,
ESPORTSTMNT03_2637524,1,,,,,,,,,,,,,,,,,,,,,,,,,,,,,,,,,,,
ESPORTSTMNT03_2637524,0,,,,,,,,,,,,,,,,,,,,,,,,,,,,,,,,,,,
ESPORTSTMNT03_2637527,1,,,,,,,,,,,,,,,,,,,,,,,,,,,,,,,,,,,
ESPORTSTMNT03_2637527,0,,,,,,,,,,,,,,,,,,,,,,,,,,,,,,,,,,,
ESPORTSTMNT03_2637710,1,,,,,,,,,,,,,,,,,,,,,,,,,,,,,,,,,,,
ESPORTSTMNT03_2637710,0,,,,,,,,,,,,,,,,,,,,,,,,,,,,,,,,,,,
ESPORTSTMNT03_2637720,1,,,,,,,,,,,,,,,,,,,,,,,,,,,,,,,,,,,
ESPORTSTMNT03_2637720,0,,,,,,,,,,,,,,,,,,,,,,,,,,,,,,,,,,,
ESPORTSTMNT03_2637728,1,,,,,,,,,,,,,,,,,,,,,,,,,,,,,,,,,,,
ESPORTSTMNT03_2637728,0,,,,,,,,,,,,,,,,,,,,,,,,,,,,,,,,,,,
ESPORTSTMNT03_2637737,1,,,,,,,,,,,,,,,,,,,,,,,,,,,,,,,,,,,
ESPORTSTMNT03_2637737,0,,,,,,,,,,,,,,,,,,,,,,,,,,,,,,,,,,,
ESPORTSTMNT03_2657561,1,,,,,,,,,,,,,,,,,,,,,,,,,,,,,,,,,,,
ESPORTSTMNT03_2657561,0,,,,,,,,,,,,,,,,,,,,,,,,,,,,,,,,,,,
ESPORTSTMNT03_2657570,1,,,,,,,,,,,,,,,,,,,,,,,,,,,,,,,,,,,
ESPORTSTMNT03_2657570,0,,,,,,,,,,,,,,,,,,,,,,,,,,,,,,,,,,,
ESPORTSTMNT03_2657588,1,,,,,,,,,,,,,,,,,,,,,,,,,,,,,,,,,,,
ESPORTSTMNT03_2657588,0,,,,,,,,,,,,,,,,,,,,,,,,,,,,,,,,,,,
ESPORTSTMNT03_2638171,1,,,,,,,,,,,,,,,,,,,,,,,,,,,,,,,,,,,
ESPORTSTMNT03_2638171,0,,,,,,,,,,,,,,,,,,,,,,,,,,,,,,,,,,,
ESPORTSTMNT03_2657884,1,,,,,,,,,,,,,,,,,,,,,,,,,,,,,,,,,,,
ESPORTSTMNT03_2657884,0,,,,,,,,,,,,,,,,,,,,,,,,,,,,,,,,,,,
ESPORTSTMNT03_2657886,1,,,,,,,,,,,,,,,,,,,,,,,,,,,,,,,,,,,
ESPORTSTMNT03_2657886,0,,,,,,,,,,,,,,,,,,,,,,,,,,,,,,,,,,,
ESPORTSTMNT03_2657889,1,,,,,,,,,,,,,,,,,,,,,,,,,,,,,,,,,,,
ESPORTSTMNT03_2657889,0,,,,,,,,,,,,,,,,,,,,,,,,,,,,,,,,,,,
ESPORTSTMNT03_2638213,1,,,,,,,,,,,,,,,,,,,,,,,,,,,,,,,,,,,
ESPORTSTMNT03_2638213,0,,,,,,,,,,,,,,,,,,,,,,,,,,,,,,,,,,,
ESPORTSTMNT03_2658136,1,,,,,,,,,,,,,,,,,,,,,,,,,,,,,,,,,,,
ESPORTSTMNT03_2658136,0,,,,,,,,,,,,,,,,,,,,,,,,,,,,,,,,,,,
ESPORTSTMNT03_2638459,1,,,,,,,,,,,,,,,,,,,,,,,,,,,,,,,,,,,
ESPORTSTMNT03_2638459,0,,,,,,,,,,,,,,,,,,,,,,,,,,,,,,,,,,,
ESPORTSTMNT03_2638460,1,,,,,,,,,,,,,,,,,,,,,,,,,,,,,,,,,,,
ESPORTSTMNT03_2638460,0,,,,,,,,,,,,,,,,,,,,,,,,,,,,,,,,,,,
ESPORTSTMNT03_2658140,1,,,,,,,,,,,,,,,,,,,,,,,,,,,,,,,,,,,
ESPORTSTMNT03_2658140,0,,,,,,,,,,,,,,,,,,,,,,,,,,,,,,,,,,,
ESPORTSTMNT03_2658141,1,,,,,,,,,,,,,,,,,,,,,,,,,,,,,,,,,,,
ESPORTSTMNT03_2658141,0,,,,,,,,,,,,,,,,,,,,,,,,,,,,,,,,,,,