game,flagSide,team,result,top,jungle,mid,carry,supp,ban1,ban2,ban3,ban4,ban5,firstBlood,firstTower,firstHerald,event1,event2,event3,event4,event5,event6,event7,event8,event9,event10,event11,event12,event13,event14,event15,event16,event17,event18,event19,event20,event21,event22,event23,event24,event25,event26,event27,event28,event29,event30,event31,event32,event33,event34,event35
ESPORTSTMNT01_2695708,1,LOUD,1,58,108,42,523,111,109,131,222,123,23,0,1.0,1.0,,herald,first_tower_top,,,first_tower_mid,first_tower_bot,,,,second_tower_mid,dragon,,second_tower_top,dragon,,baron,dragon,third_tower_top,inhibitor_top,nexus_tower,nexus_tower,nexus,,,,,,,,,,,,
ESPORTSTMNT01_2695708,0,FURIA Esports,0,84,5,61,202,89,64,412,4,145,51,1,0.0,0.0,first_blood,,,dragon,herald,,,dragon,first_tower_mid,baron,,,first_tower_bot,,,first_tower_top,,,,,,,,,,,,,,,,,,,
ESPORTSTMNT01_2695774,1,Netshoes Miners,1,23,108,123,145,89,222,4,51,112,134,0,1.0,1.0,,herald,dragon,herald,first_tower_mid,,,second_tower_mid,baron,,first_tower_bot,second_tower_bot,dragon,first_tower_top,dragon,baron,third_tower_mid,inhibitor_mid,third_tower_bot,second_tower_top,inhibitor_bot,nexus_tower,nexus_tower,nexus,,,,,,,,,,,
ESPORTSTMNT01_2695774,0,Flamengo Esports,0,109,5,61,202,57,76,42,131,64,126,1,0.0,0.0,first_blood,,,,,dragon,first_tower_bot,,,first_tower_top,,,,,,,,,,,,,,,,,,,,,,,,,
ESPORTSTMNT01_2695807,1,KaBuM! e-Sports,1,104,64,112,51,111,115,58,4,202,81,0,0.0,0.0,dragon,,,dragon,,first_tower_bot,first_tower_top,first_tower_mid,herald,,second_tower_bot,baron,dragon,second_tower_mid,third_tower_mid,inhibitor_mid,nexus_tower,nexus_tower,nexus,,,,,,,,,,,,,,,,
ESPORTSTMNT01_2695807,0,INTZ,0,109,5,7,15,43,42,126,84,85,24,1,1.0,1.0,,first_blood,herald,,first_tower_bot,,,,,dragon,,,,,,,,,,,,,,,,,,,,,,,,,
ESPORTSTMNT01_2695835,1,Rensga eSports,0,79,108,42,81,350,64,89,4,111,497,0,0.0,0.0,,,,,,,,first_tower_bot,,,dragon,first_tower_mid,,,,,elder_dragon,baron,second_tower_mid,third_tower_mid,inhibitor_mid,nexus_tower,nexus_tower,,,,,,,,,,,,
ESPORTSTMNT01_2695835,0,RED Canids,1,109,5,84,135,71,412,51,222,201,43,1,1.0,1.0,first_blood,dragon,herald,first_tower_bot,dragon,herald,first_tower_mid,,dragon,first_tower_top,,,dragon,baron,third_tower_bot,second_tower_top,,,,,,,,nexus_tower,nexus_tower,nexus,,,,,,,,,
ESPORTSTMNT01_2696159,1,Liberty,1,104,59,142,51,99,4,89,123,7,84,1,1.0,1.0,first_blood,,herald,first_tower_top,second_tower_top,first_tower_bot,dragon,first_tower_mid,second_tower_mid,second_tower_bot,third_tower_bot,dragon,,third_tower_top,inhibitor_top,third_tower_mid,inhibitor_mid,inhibitor_bot,dragon,baron,nexus_tower,nexus_tower,nexus,,,,,,,,,,,,
ESPORTSTMNT01_2696159,0,Rensga eSports,0,126,108,112,202,43,109,42,412,164,58,0,0.0,0.0,,dragon,,,,,,,,,,,first_tower_top,,,,,,,,,,,,,,,,,,,,,,
ESPORTSTMNT01_2696199,1,RED Canids,1,516,91,4,222,89,412,112,42,142,24,0,0.0,0.0,,,,dragon,herald,,first_tower_bot,,first_tower_top,,dragon,,,,,baron,,,first_tower_mid,second_tower_bot,third_tower_bot,inhibitor_bot,nexus_tower,nexus_tower,nexus,,,,,,,,,,
ESPORTSTMNT01_2696199,0,LOUD,0,266,5,134,51,99,109,64,131,164,59,1,1.0,1.0,first_blood,herald,first_tower_bot,,,dragon,,first_tower_mid,,second_tower_mid,,third_tower_mid,second_tower_bot,first_tower_top,dragon,,inhibitor_mid,dragon,,,,,,,,,,,,,,,,,
ESPORTSTMNT01_2696249,1,INTZ,0,24,64,42,523,111,145,81,23,126,5,0,1.0,0.0,,,,,first_tower_mid,herald,,first_tower_top,dragon,first_tower_bot,second_tower_bot,,,,baron,,second_tower_mid,dragon,third_tower_bot,inhibitor_bot,baron,third_tower_mid,inhibitor_mid,nexus_tower,,third_tower_top,,,,,,,,,
ESPORTSTMNT01_2696249,0,Netshoes Miners,1,164,78,38,202,89,4,222,51,109,58,1,0.0,1.0,first_blood,herald,dragon,dragon,,,first_tower_bot,,,,,first_tower_top,dragon,second_tower_bot,,third_tower_bot,,,,,,,,,dragon,,baron,third_tower_mid,inhibitor_top,nexus_tower,nexus_tower,nexus,,,
ESPORTSTMNT01_2696303,1,Flamengo Esports,0,84,59,112,202,89,58,23,517,99,412,1,0.0,1.0,dragon,first_blood,herald,,,first_tower_top,herald,,,,first_tower_bot,dragon,,,,,,first_tower_mid,,baron,,,,,,,,,,,,,,,
ESPORTSTMNT01_2696303,0,FURIA Esports,1,109,5,123,51,25,64,42,4,126,111,0,1.0,0.0,,,,dragon,first_tower_bot,,,dragon,first_tower_mid,first_tower_top,,,baron,second_tower_mid,third_tower_mid,inhibitor_mid,dragon,,second_tower_top,,inhibitor_mid,nexus_tower,nexus_tower,nexus,,,,,,,,,,,
ESPORTSTMNT01_2697106,1,LOUD Academy,1,875,5,517,51,99,43,7,42,111,555,1,0.0,0.0,first_blood,dragon,,,first_tower_bot,,first_tower_top,,dragon,first_tower_mid,second_tower_mid,,dragon,,dragon,third_tower_mid,baron,inhibitor_mid,second_tower_bot,third_tower_bot,inhibitor_bot,nexus_tower,nexus_tower,nexus,,,,,,,,,,,
ESPORTSTMNT01_2697106,0,FURIA Academy,0,266,131,157,202,53,58,64,123,112,84,0,1.0,1.0,,,herald,first_tower_mid,,herald,,first_tower_bot,,,,first_tower_bot,,second_tower_mid,,,,,,,,,,,,,,,,,,,,,
ESPORTSTMNT01_2697166,1,Netshoes Miners Academy,1,79,59,42,222,117,412,64,131,43,111,1,1.0,0.0,first_blood,,,,first_tower_bot,,,first_tower_top,,,baron,first_tower_mid,,,elder_dragon,baron,second_tower_mid,third_tower_mid,inhibitor_mid,second_tower_bot,third_tower_bot,inhibitor_bot,elder_dragon,nexus_tower,nexus_tower,nexus,,,,,,,,,
ESPORTSTMNT01_2697166,0,Flamengo Academy,0,118,5,84,81,497,51,7,58,516,108,0,0.0,1.0,,dragon,herald,dragon,,herald,first_tower_bot,,dragon,first_tower_top,,,dragon,first_tower_mid,,,,,,,,,,,,,,,,,,,,,
ESPORTSTMNT01_2697203,1,KaBuM! Academy,0,84,5,134,523,89,4,131,51,111,497,1,1.0,1.0,first_blood,dragon,herald,dragon,,first_tower_bot,,,,,,,first_tower_mid,,,,,,,,,,,,,,,,,,,,,,
ESPORTSTMNT01_2697203,0,INTZ Academy,1,109,59,112,202,12,43,42,412,7,123,0,0.0,0.0,,,,,herald,,first_tower_mid,dragon,first_tower_top,first_tower_bot,dragon,second_tower_mid,,dragon,baron,third_tower_mid,inhibitor_mid,second_tower_bot,third_tower_bot,inhibitor_bot,nexus_tower,nexus_tower,nexus,,,,,,,,,,,,
ESPORTSTMNT01_2697251,1,paiN Gaming Academy,1,516,64,112,51,111,109,412,131,164,266,0,1.0,1.0,,,herald,dragon,first_tower_top,,,,first_tower_bot,first_tower_mid,,,dragon,second_tower_mid,baron,third_tower_mid,inhibitor_mid,nexus_tower,nexus_tower,nexus,,,,,,,,,,,,,,,
ESPORTSTMNT01_2697251,0,Liberty Academy,0,875,5,123,202,89,126,42,59,25,99,1,0.0,0.0,first_blood,dragon,,,,dragon,first_tower_bot,first_tower_top,,,dragon,first_tower_mid,,,,,,,,,,,,,,,,,,,,,,,
ESPORTSTMNT01_2697278,1,Rensga Academy,0,79,64,61,523,412,4,43,5,42,202,1,0.0,0.0,first_blood,,,,,,,,,,,,,,,,,,,,,,,,,,,,,,,,,,
ESPORTSTMNT01_2697278,0,RED Academy,1,41,59,84,81,497,131,51,222,112,123,0,1.0,1.0,,herald,first_tower_bot,first_tower_top,herald,first_tower_mid,dragon,second_tower_top,dragon,second_tower_mid,baron,second_tower_bot,third_tower_bot,inhibitor_bot,dragon,nexus_tower,nexus_tower,third_tower_mid,nexus,,,,,,,,,,,,,,,,
ESPORTSTMNT01_2697526,1,paiN Gaming Academy,0,79,5,112,222,201,109,412,42,164,114,0,0.0,1.0,,herald,,,herald,dragon,first_tower_bot,,second_tower_bot,,,,,,first_tower_top,,,,,,,,,,,,,,,,,,,,
ESPORTSTMNT01_2697526,0,KaBuM! Academy,1,516,64,123,523,497,51,58,126,117,41,1,1.0,0.0,dragon,,dragon,first_tower_bot,,,,first_tower_top,,first_tower_mid,baron,dragon,second_tower_mid,second_tower_top,,second_tower_bot,third_tower_bot,inhibitor_bot,nexus_tower,nexus_tower,nexus,,,,,,,,,,,,,,
ESPORTSTMNT01_2697556,1,Liberty Academy,1,109,59,112,222,201,123,89,202,412,497,0,0.0,0.0,,dragon,,dragon,,,first_tower_bot,,,,first_tower_top,first_tower_mid,,,,baron,,second_tower_mid,dragon,,,,,baron,third_tower_mid,inhibitor_mid,nexus_tower,nexus_tower,nexus,,,,,,
ESPORTSTMNT01_2697556,0,Rensga Academy,0,23,64,13,110,12,42,51,5,4,117,1,1.0,1.0,first_blood,,herald,,first_tower_top,second_tower_top,,herald,first_tower_bot,dragon,,,dragon,second_tower_bot,first_tower_mid,,second_tower_mid,,,third_tower_mid,third_tower_bot,inhibitor_mid,inhibitor_bot,,,,,,,,,,,,
ESPORTSTMNT01_2697580,1,INTZ Academy,1,42,59,58,523,89,43,7,117,201,497,1,1.0,1.0,first_blood,,dragon,herald,first_tower_top,first_tower_mid,,first_tower_bot,second_tower_bot,,dragon,second_tower_top,dragon,baron,second_tower_mid,dragon,baron,,third_tower_top,inhibitor_top,nexus_tower,nexus_tower,nexus,,,,,,,,,,,,
ESPORTSTMNT01_2697580,0,Netshoes Miners Academy,0,54,131,157,222,79,109,51,202,5,412,0,0.0,0.0,,dragon,,,,,first_tower_bot,,,first_tower_top,,,,,,,,first_tower_mid,,,,,,,,,,,,,,,,,
ESPORTSTMNT01_2697602,1,Flamengo Academy,1,118,131,23,81,89,5,51,7,79,516,1,0.0,0.0,first_blood,,,dragon,,herald,dragon,first_tower_mid,,,first_tower_top,,first_tower_bot,baron,second_tower_mid,third_tower_mid,,,,,baron,,dragon,second_tower_top,,,baron,inhibitor_mid,nexus_tower,nexus_tower,nexus,,,,
ESPORTSTMNT01_2697602,0,FURIA Academy,0,24,59,4,222,117,64,58,42,43,157,0,1.0,1.0,,dragon,herald,,first_tower_bot,,,,first_tower_top,first_tower_mid,,dragon,,,,,second_tower_mid,second_tower_top,third_tower_top,dragon,,second_tower_bot,,,third_tower_mid,inhibitor_mid,,,,,,,,,
ESPORTSTMNT01_2697844,1,paiN Gaming,1,58,5,42,202,111,109,112,51,85,222,1,1.0,1.0,first_blood,herald,dragon,first_tower_mid,herald,first_tower_bot,second_tower_bot,,dragon,first_tower_top,,second_tower_mid,baron,second_tower_top,third_tower_mid,inhibitor_mid,third_tower_top,third_tower_bot,inhibitor_bot,dragon,inhibitor_top,nexus_tower,nexus_tower,nexus,,,,,,,,,,,
ESPORTSTMNT01_2697844,0,Liberty,0,106,108,517,523,89,64,412,126,497,201,0,0.0,0.0,,,,,,,,first_tower_top,,,first_tower_bot,,,,,,,,,,,,,,,,,,,,,,,,
ESPORTSTMNT01_2697879,1,paiN Gaming,0,109,5,268,110,89,51,126,112,142,134,1,0.0,0.0,first_blood,,,,herald,,,first_tower_mid,,,first_tower_bot,first_tower_top,,,,,,,,,,,,,,,,,,,,,,,
ESPORTSTMNT01_2697879,0,KaBuM! e-Sports,1,85,64,123,523,412,58,42,4,202,115,0,1.0,1.0,,dragon,herald,dragon,,first_tower_bot,dragon,,first_tower_top,first_tower_mid,,,dragon,second_tower_mid,elder_dragon,third_tower_mid,inhibitor_mid,baron,nexus_tower,nexus_tower,nexus,,,,,,,,,,,,,,
ESPORTSTMNT01_2697897,1,RED Academy,0,109,59,23,222,117,131,112,4,266,412,1,0.0,1.0,first_blood,herald,,,,,first_tower_bot,,first_tower_top,,first_tower_mid,second_tower_top,,,,,,,,,,,,,,,,,,,,,,,
ESPORTSTMNT01_2697897,0,LOUD Academy,1,122,5,42,523,89,84,7,51,350,497,0,1.0,0.0,,,dragon,first_tower_bot,first_tower_mid,first_tower_top,,herald,,first_tower_bot,,,dragon,baron,second_tower_mid,third_tower_bot,inhibitor_bot,nexus_tower,nexus_tower,nexus,,,,,,,,,,,,,,,
ESPORTSTMNT02_2552109,1,RED Canids,0,164,5,3,235,223,51,89,222,117,58,1,1.0,1.0,first_blood,herald,,first_tower_bot,,dragon,,,,first_tower_top,,,second_tower_top,dragon,,,,,,,,,,,,,,,,,,,,,
ESPORTSTMNT02_2552109,0,Liberty,1,79,64,112,523,71,4,42,109,61,142,0,0.0,0.0,,,dragon,,first_tower_mid,,first_tower_top,first_tower_bot,dragon,,second_tower_mid,baron,,,baron,third_tower_mid,inhibitor_mid,dragon,second_tower_bot,third_tower_bot,inhibitor_bot,nexus_tower,nexus_tower,nexus,,,,,,,,,,,
ESPORTSTMNT02_2552154,1,Netshoes Miners,1,164,5,123,145,3,4,412,51,109,58,0,0.0,1.0,herald,,,,,first_tower_mid,first_tower_bot,,,,,baron,,first_tower_top,second_tower_top,,third_tower_top,inhibitor_top,dragon,baron,second_tower_bot,third_tower_bot,inhibitor_bot,nexus_tower,nexus_tower,nexus,,,,,,,,,
ESPORTSTMNT02_2552154,0,paiN Gaming,0,114,64,112,523,89,235,42,131,497,111,1,1.0,0.0,,first_blood,first_tower_bot,dragon,first_tower_top,,,herald,first_tower_mid,dragon,second_tower_bot,,dragon,,,second_tower_top,,,,,,,,,,,,,,,,,,,
ESPORTSTMNT02_2552213,1,KaBuM! e-Sports,1,126,59,142,523,412,58,4,108,350,,1,1.0,1.0,first_blood,herald,,first_tower_top,dragon,herald,,first_tower_bot,first_tower_mid,,baron,second_tower_top,dragon,second_tower_bot,second_tower_mid,third_tower_mid,inhibitor_mid,third_tower_top,inhibitor_top,third_tower_bot,inhibitor_bot,nexus_tower,nexus_tower,nexus,,,,,,,,,,,
ESPORTSTMNT02_2552213,0,Rensga eSports,0,164,5,134,81,201,64,42,51,109,84,0,0.0,0.0,,,dragon,,,,first_tower_bot,,,dragon,,,,,,,,,,,,,,,,,,,,,,,,,
ESPORTSTMNT02_2552248,1,FURIA Esports,1,58,106,123,523,412,7,109,4,85,150,1,1.0,1.0,first_blood,herald,dragon,first_tower_bot,first_tower_top,herald,first_tower_mid,second_tower_mid,,second_tower_bot,dragon,second_tower_top,baron,third_tower_mid,inhibitor_mid,nexus_tower,third_tower_bot,inhibitor_bot,nexus_tower,nexus,,,,,,,,,,,,,,,
ESPORTSTMNT02_2552248,0,INTZ,0,79,108,112,222,89,42,51,84,59,131,0,0.0,0.0,,,,,,,,,first_tower_top,,,,,,,,,,,,,,,,,,,,,,,,,,
ESPORTSTMNT02_2552282,1,LOUD,1,875,64,4,222,111,84,109,89,412,266,0,1.0,0.0,,,dragon,first_tower_top,,first_tower_mid,dragon,first_tower_bot,,,baron,dragon,second_tower_bot,third_tower_bot,inhibitor_bot,second_tower_mid,second_tower_top,dragon,third_tower_mid,inhibitor_mid,inhibitor_bot,nexus_tower,nexus_tower,nexus,,,,,,,,,,,
ESPORTSTMNT02_2552282,0,Flamengo Esports,0,24,5,517,523,223,42,58,51,164,108,1,0.0,1.0,first_blood,herald,,,first_tower_mid,,,,first_tower_top,first_tower_bot,,,,,,,,,,,,,,,,,,,,,,,,,
ESPORTSTMNT02_2552610,1,RED Canids,1,516,59,112,51,99,126,412,42,7,85,1,1.0,1.0,dragon,herald,first_blood,first_tower_top,,second_tower_top,herald,,first_tower_bot,first_tower_mid,,second_tower_bot,dragon,baron,,third_tower_bot,inhibitor_bot,,second_tower_mid,third_tower_mid,inhibitor_mid,third_tower_top,inhibitor_top,nexus_tower,nexus_tower,nexus,,,,,,,,,
ESPORTSTMNT02_2552610,0,KaBuM! e-Sports,0,8,64,134,202,89,4,109,58,3,164,0,0.0,0.0,,,,,dragon,,,first_tower_bot,,,first_tower_top,,,,dragon,,,first_tower_mid,,,,,,,,,,,,,,,,,
ESPORTSTMNT02_2552653,1,Liberty,1,109,59,61,222,412,4,7,108,13,111,1,1.0,1.0,first_blood,herald,first_tower_top,,first_tower_bot,,,herald,first_tower_mid,dragon,,,baron,dragon,second_tower_bot,second_tower_mid,third_tower_bot,third_tower_mid,inhibitor_bot,inhibitor_mid,dragon,third_tower_top,nexus_tower,nexus_tower,nexus,,,,,,,,,,
ESPORTSTMNT02_2552653,0,LOUD,0,104,5,123,523,43,51,112,42,64,142,0,0.0,0.0,,,,dragon,,first_tower_top,dragon,,,,first_tower_bot,first_tower_mid,,,,,,,,,,,,,,,,,,,,,,,
ESPORTSTMNT02_2552740,1,Rensga eSports,1,79,5,61,235,223,64,89,4,123,112,0,0.0,0.0,,,,,,dragon,,first_tower_bot,,first_tower_mid,,,first_tower_top,dragon,,,,second_tower_mid,dragon,third_tower_mid,inhibitor_bot,nexus_tower,nexus_tower,nexus,,,,,,,,,,,
ESPORTSTMNT02_2552740,0,Netshoes Miners,0,104,108,268,202,111,42,51,222,134,142,1,1.0,1.0,first_blood,herald,dragon,first_tower_top,second_tower_top,,herald,,dragon,,first_tower_bot,first_tower_mid,,,baron,second_tower_bot,third_tower_bot,,,,,,,,,,,,,,,,,,
ESPORTSTMNT02_2552773,1,paiN Gaming,0,109,108,134,523,111,123,51,235,84,126,1,1.0,1.0,first_blood,,herald,first_tower_top,,,second_tower_top,,,,,dragon,,first_tower_bot,,,,,,,,,,,,,,,,,,,,,
ESPORTSTMNT02_2552773,0,FURIA Esports,1,23,5,112,222,89,42,4,58,61,157,0,0.0,0.0,,dragon,,,dragon,first_tower_bot,,herald,dragon,first_tower_mid,first_tower_top,,second_tower_mid,,dragon,baron,second_tower_bot,third_tower_bot,third_tower_mid,inhibitor_bot,inhibitor_mid,nexus_tower,nexus_tower,nexus,,,,,,,,,,,
ESPORTSTMNT02_2552817,1,INTZ,1,104,78,4,235,223,64,59,109,517,24,1,1.0,0.0,first_blood,,,first_tower_top,,herald,,first_tower_top,,first_tower_mid,dragon,baron,second_tower_bot,,third_tower_bot,inhibitor_bot,second_tower_mid,third_tower_mid,inhibitor_mid,dragon,baron,nexus_tower,nexus_tower,nexus,,,,,,,,,,,
ESPORTSTMNT02_2552817,0,Flamengo Esports,0,39,5,7,222,89,42,51,58,84,164,0,0.0,1.0,,dragon,herald,,first_tower_top,,first_tower_bot,,dragon,,,,,first_tower_mid,,,,,,,,,,,,,,,,,,,,,
ESPORTSTMNT02_2553725,1,RED Academy,1,79,5,42,81,497,4,222,235,126,118,1,1.0,1.0,first_blood,,herald,,,first_tower_bot,dragon,,,first_tower_top,,first_tower_mid,baron,,second_tower_mid,second_tower_top,second_tower_bot,,third_tower_bot,inhibitor_bot,third_tower_mid,,,inhibitor_mid,nexus_tower,nexus_tower,,nexus,,,,,,,
ESPORTSTMNT02_2553725,0,Liberty Academy,0,777,59,123,523,89,84,51,109,43,201,0,0.0,0.0,,dragon,,dragon,herald,,,first_tower_top,first_tower_bot,,second_tower_bot,,,dragon,,,,second_tower_top,,,,dragon,first_tower_mid,,,,baron,,,,,,,,
ESPORTSTMNT02_2553806,1,Netshoes Miners Academy,1,79,5,42,523,111,126,223,112,59,164,1,0.0,1.0,,first_blood,herald,,,,first_tower_bot,dragon,,,,,dragon,baron,first_tower_mid,second_tower_mid,,dragon,third_tower_mid,inhibitor_mid,nexus_tower,nexus_tower,nexus,,,,,,,,,,,,
ESPORTSTMNT02_2553806,0,paiN Gaming Academy,0,266,106,123,222,412,109,131,51,58,516,0,1.0,0.0,dragon,,,dragon,first_tower_top,herald,,,first_tower_mid,second_tower_top,first_tower_bot,second_tower_mid,,,,,second_tower_bot,,,,,,,,,,,,,,,,,,
ESPORTSTMNT02_2553847,1,KaBuM! Academy,1,85,59,3,523,111,23,51,64,58,412,1,1.0,1.0,dragon,herald,first_blood,first_tower_bot,dragon,first_tower_top,,herald,first_tower_mid,dragon,,dragon,baron,second_tower_mid,third_tower_mid,inhibitor_mid,second_tower_top,third_tower_top,inhibitor_top,nexus_tower,nexus_tower,nexus,,,,,,,,,,,,,
ESPORTSTMNT02_2553847,0,Rensga Academy,0,126,76,4,222,497,235,42,109,164,117,0,0.0,0.0,,,,,,,first_tower_bot,,,,second_tower_bot,,,,,,,,,,,,,,,,,,,,,,,,
ESPORTSTMNT02_2553886,1,FURIA Academy,1,58,64,61,222,497,59,126,109,118,235,1,0.0,1.0,first_blood,,herald,,,first_tower_mid,,second_tower_mid,dragon,,first_tower_bot,dragon,baron,first_tower_top,second_tower_bot,third_tower_bot,third_tower_mid,inhibitor_bot,nexus_tower,inhibitor_mid,dragon,second_tower_top,nexus_tower,nexus,,,,,,,,,,,
ESPORTSTMNT02_2553886,0,INTZ Academy,0,79,5,112,523,223,42,51,43,123,13,0,1.0,0.0,,dragon,,dragon,first_tower_bot,,first_tower_top,,,herald,,,,,,,,,,,,,,,,,,,,,,,,,
ESPORTSTMNT02_2553928,1,LOUD Academy,1,875,5,4,222,117,118,84,109,58,13,1,1.0,0.0,first_blood,,,,first_tower_bot,,herald,first_tower_top,first_tower_mid,second_tower_mid,,dragon,third_tower_mid,inhibitor_mid,second_tower_bot,,,baron,dragon,third_tower_bot,inhibitor_bot,nexus_tower,nexus_tower,nexus,,,,,,,,,,,
ESPORTSTMNT02_2553928,0,Flamengo Academy,0,24,64,61,498,497,51,42,235,112,123,0,0.0,1.0,,dragon,herald,dragon,,first_tower_mid,,,,,first_tower_top,,,,,first_tower_bot,second_tower_bot,,,,,,,,,,,,,,,,,,
ESPORTSTMNT02_2574293,1,RED Academy,1,114,5,45,81,497,235,84,64,89,117,1,1.0,1.0,first_blood,,herald,first_tower_top,second_tower_top,,,herald,first_tower_bot,first_tower_mid,second_tower_mid,dragon,baron,,second_tower_bot,,,dragon,dragon,,baron,third_tower_bot,dragon,third_tower_mid,inhibitor_mid,inhibitor_bot,nexus_tower,nexus_tower,nexus,,,,,,
ESPORTSTMNT02_2574293,0,KaBuM! Academy,0,109,59,123,222,26,51,42,112,4,41,0,0.0,0.0,,dragon,,,,dragon,first_tower_bot,,,,,,,first_tower_top,,,second_tower_top,,,second_tower_mid,,,,,,,,,,,,,,,
ESPORTSTMNT02_2574385,1,Liberty Academy,1,104,78,112,222,223,5,64,157,266,89,0,1.0,1.0,dragon,,herald,dragon,first_tower_top,,,second_tower_top,third_tower_top,first_tower_bot,,second_tower_mid,dragon,,,,,baron,inhibitor_top,nexus_tower,nexus_tower,nexus,,,,,,,,,,,,,
ESPORTSTMNT02_2574385,0,LOUD Academy,0,875,108,4,523,412,51,42,59,117,201,1,0.0,0.0,,first_blood,,,,dragon,first_tower_bot,,,,first_tower_top,,,first_tower_mid,baron,second_tower_mid,dragon,,,,,,,,,,,,,,,,,,
ESPORTSTMNT02_2574428,1,Rensga Academy,1,109,64,70,222,12,131,59,42,117,875,1,1.0,1.0,first_blood,,herald,,first_tower_top,,herald,first_tower_mid,dragon,first_tower_bot,baron,,second_tower_top,second_tower_mid,third_tower_top,inhibitor_top,third_tower_mid,inhibitor_mid,second_tower_bot,third_tower_bot,inhibitor_bot,dragon,nexus_tower,nexus_tower,nexus,,,,,,,,,,
ESPORTSTMNT02_2574428,0,Netshoes Miners Academy,0,79,5,112,523,111,51,235,110,123,134,0,0.0,0.0,,dragon,,dragon,,first_tower_bot,,,,,,dragon,,,,,,,,,,,,,,,,,,,,,,,
ESPORTSTMNT02_2574461,1,paiN Gaming Academy,1,516,108,4,222,412,64,131,43,109,3,0,1.0,1.0,dragon,,herald,first_tower_top,,first_tower_bot,dragon,,first_tower_mid,baron,second_tower_bot,second_tower_mid,third_tower_mid,inhibitor_mid,dragon,,second_tower_top,,dragon,inhibitor_mid,nexus_tower,nexus_tower,nexus,,,,,,,,,,,,
ESPORTSTMNT02_2574461,0,FURIA Academy,0,58,59,517,523,111,223,42,51,5,126,1,0.0,0.0,,first_blood,,,first_tower_top,,,herald,,,,,,,,first_tower_bot,,first_tower_mid,,,,,,,,,,,,,,,,,
ESPORTSTMNT02_2574506,1,INTZ Academy,0,109,59,517,523,89,7,118,84,64,5,0,1.0,1.0,,herald,,,first_tower_bot,,first_tower_top,,,,dragon,,second_tower_top,,,,,,,,,,,,,,,,,,,,,,
ESPORTSTMNT02_2574506,0,Flamengo Academy,1,85,108,4,235,223,51,42,58,112,412,1,0.0,0.0,first_blood,,dragon,herald,,first_tower_mid,,dragon,second_tower_mid,baron,,first_tower_bot,,first_tower_top,dragon,third_tower_mid,dragon,baron,second_tower_top,second_tower_bot,inhibitor_mid,third_tower_bot,inhibitor_bot,nexus_tower,nexus_tower,nexus,,,,,,,,,
ESPORTSTMNT02_2575812,1,Netshoes Miners,0,516,5,134,222,412,109,4,51,84,266,1,1.0,0.0,first_blood,dragon,herald,first_tower_top,,second_tower_top,,,first_tower_bot,,,,,,,,,,,,,,,,,,,,,,,,,,
ESPORTSTMNT02_2575812,0,RED Canids,1,164,59,112,235,223,42,124,123,61,268,0,0.0,1.0,,,,,first_tower_bot,,dragon,first_tower_top,,second_tower_top,dragon,baron,first_tower_mid,second_tower_bot,second_tower_mid,dragon,third_tower_bot,third_tower_mid,inhibitor_bot,inhibitor_mid,nexus_tower,nexus_tower,nexus,,,,,,,,,,,,
ESPORTSTMNT02_2575865,1,LOUD,1,150,64,4,222,201,235,109,7,517,412,0,1.0,1.0,herald,dragon,first_tower_bot,first_tower_top,,first_tower_mid,dragon,,second_tower_bot,,,dragon,baron,second_tower_mid,second_tower_top,third_tower_mid,third_tower_top,inhibitor_top,inhibitor_mid,third_tower_bot,nexus_tower,nexus_tower,nexus,,,,,,,,,,,,
ESPORTSTMNT02_2575865,0,INTZ,0,58,59,3,523,89,124,51,42,78,111,1,0.0,0.0,,,,,first_blood,,,herald,,first_tower_bot,second_tower_bot,,,,,,,,,,,,,,,,,,,,,,,,
ESPORTSTMNT02_2575902,1,KaBuM! e-Sports,1,109,2,112,124,350,58,4,42,84,164,1,0.0,1.0,first_blood,herald,,,first_tower_top,,first_tower_mid,first_tower_bot,baron,dragon,second_tower_top,second_tower_mid,third_tower_mid,inhibitor_mid,third_tower_top,inhibitor_top,nexus_tower,nexus_tower,nexus,,,,,,,,,,,,,,,,
ESPORTSTMNT02_2575902,0,Liberty,0,85,5,123,523,497,64,51,412,78,59,0,1.0,0.0,,,dragon,first_tower_bot,,dragon,,,,,,,,,,,,,,,,,,,,,,,,,,,,,
ESPORTSTMNT02_2575922,1,Flamengo Esports,0,58,64,112,523,111,109,89,124,150,85,0,0.0,1.0,,herald,,,,dragon,,,first_tower_bot,,first_tower_top,,,,,,,,,,,,,,,,,,,,,,,,
ESPORTSTMNT02_2575922,0,paiN Gaming,1,126,5,268,222,201,4,51,42,142,59,1,1.0,0.0,dragon,,first_blood,dragon,first_tower_top,,first_tower_bot,dragon,,first_tower_mid,,second_tower_mid,dragon,baron,second_tower_top,second_tower_bot,third_tower_bot,inhibitor_bot,elder_dragon,nexus_tower,nexus_tower,nexus,,,,,,,,,,,,,
ESPORTSTMNT02_2556220,1,KaBuM! e-Sports,1,126,59,123,124,350,58,4,51,3,13,0,0.0,1.0,,,herald,,,first_tower_top,,herald,first_tower_bot,first_tower_mid,dragon,second_tower_bot,,second_tower_mid,,second_tower_top,third_tower_bot,inhibitor_bot,nexus_tower,nexus_tower,nexus,,,,,,,,,,,,,,
ESPORTSTMNT02_2556220,0,LOUD,0,164,5,7,222,111,112,64,42,2,109,1,1.0,0.0,first_blood,dragon,,dragon,first_tower_bot,,second_tower_bot,,,,,,baron,,first_tower_top,,,,,,,,,,,,,,,,,,,,
ESPORTSTMNT02_2556267,1,RED Canids,0,104,59,13,51,99,23,109,222,7,84,0,0.0,0.0,,,,,,first_tower_bot,,,,first_tower_top,,,,second_tower_top,,,,,,,,,,,,,,,,,,,,,
ESPORTSTMNT02_2556267,0,FURIA Esports,1,126,5,123,202,53,4,42,124,516,112,1,1.0,1.0,first_blood,dragon,herald,first_tower_top,dragon,,second_tower_top,herald,first_tower_mid,,dragon,first_tower_bot,second_tower_bot,,second_tower_mid,dragon,baron,third_tower_mid,inhibitor_mid,third_tower_top,inhibitor_top,nexus_tower,nexus_tower,nexus,,,,,,,,,,,
ESPORTSTMNT02_2556322,1,paiN Gaming,0,104,78,4,523,412,235,7,350,5,164,0,1.0,1.0,,herald,,first_tower_bot,first_tower_top,,,first_tower_mid,,second_tower_mid,,,,,,,,,,,,,,,,,,,,,,,,,
ESPORTSTMNT02_2556322,0,INTZ,1,109,64,13,222,111,51,42,124,84,126,1,0.0,0.0,first_blood,,dragon,,,dragon,first_tower_bot,,dragon,,baron,first_tower_top,second_tower_top,third_tower_top,inhibitor_top,first_tower_mid,second_tower_mid,second_tower_bot,third_tower_mid,dragon,nexus_tower,nexus_tower,nexus,,,,,,,,,,,,
ESPORTSTMNT02_2556364,1,Liberty,1,79,64,61,124,117,123,5,4,78,266,0,1.0,1.0,,,herald,first_tower_bot,dragon,herald,first_tower_mid,dragon,first_tower_top,second_tower_bot,baron,dragon,second_tower_mid,second_tower_top,third_tower_top,inhibitor_top,third_tower_mid,inhibitor_mid,nexus_tower,nexus_tower,nexus,,,,,,,,,,,,,,
ESPORTSTMNT02_2556364,0,Netshoes Miners,0,58,2,112,236,350,42,51,109,111,497,1,0.0,0.0,first_blood,dragon,,,,,,,,,,,,,,,,,,,,,,,,,,,,,,,,,
ESPORTSTMNT02_2557476,1,Netshoes Miners Academy,1,58,59,4,51,43,109,111,84,126,114,1,1.0,1.0,dragon,herald,first_blood,dragon,first_tower_top,first_tower_bot,,,first_tower_mid,dragon,,,,baron,,second_tower_mid,second_tower_bot,,third_tower_bot,,,inhibitor_bot,,,,,,third_tower_mid,inhibitor_mid,dragon,nexus_tower,nexus_tower,nexus,,
ESPORTSTMNT02_2557476,0,RED Academy,0,41,5,112,202,497,42,124,222,13,7,0,0.0,0.0,,,,,,,herald,first_tower_bot,,,first_tower_top,dragon,first_tower_mid,,second_tower_bot,,,dragon,,dragon,second_mid_tower,,baron,third_tower_bot,inhibitor_bot,third_tower_mid,inhibitor_mid,,,,,,,,
ESPORTSTMNT02_2557532,1,LOUD Academy,1,106,5,123,124,26,109,126,236,111,89,1,1.0,1.0,,first_blood,herald,,first_tower_top,first_tower_bot,first_tower_mid,dragon,herald,second_tower_bot,third_tower_bot,,inhibitor_bot,second_tower_mid,dragon,third_tower_mid,second_tower_top,,dragon,,baron,inhibitor_mid,inhibitor_bot,nexus_tower,nexus_tower,nexus,,,,,,,,,
ESPORTSTMNT02_2557532,0,INTZ Academy,0,58,64,13,235,412,42,4,51,350,117,0,0.0,0.0,dragon,,,dragon,,,,,,,,first_tower_top,,,,,,first_tower_bot,,first_tower_mid,,,,,,,,,,,,,,,
ESPORTSTMNT02_2557567,1,FURIA Academy,1,84,64,13,202,43,412,51,222,111,39,0,1.0,1.0,,herald,first_tower_mid,dragon,,,first_tower_bot,,,second_tower_mid,,first_tower_top,,baron,second_tower_top,third_tower_mid,third_tower_top,inhibitor_top,inhibitor_mid,nexus_tower,nexus_tower,nexus,,,,,,,,,,,,,
ESPORTSTMNT02_2557567,0,Rensga Academy,0,58,109,123,523,497,131,42,124,24,23,1,0.0,0.0,first_blood,,,,first_tower_top,herald,,second_tower_top,dragon,,dragon,,first_tower_bot,,,,,,,,,,,,,,,,,,,,,,
ESPORTSTMNT02_2557604,1,KaBuM! Academy,0,109,108,134,235,223,43,58,51,117,412,1,0.0,0.0,first_blood,,,,,,,first_tower_top,dragon,,,,first_tower_bot,,,,,,,,,,,,,,,,,,,,,,
ESPORTSTMNT02_2557604,0,Liberty Academy,1,126,59,112,222,71,42,124,5,13,64,0,1.0,1.0,,herald,dragon,dragon,herald,first_tower_top,first_tower_bot,,,first_tower_mid,dragon,baron,,second_tower_mid,third_tower_mid,inhibitor_mid,dragon,second_tower_bot,third_tower_bot,baron,inhibitor_mid,nexus_tower,nexus_tower,nexus,,,,,,,,,,,
ESPORTSTMNT02_2557624,1,Flamengo Academy,0,79,108,112,222,111,59,126,124,516,58,0,0.0,0.0,,,,,first_tower_bot,,,dragon,,,first_tower_mid,dragon,,,,,,,,,,,,,,,,,,,,,,,
ESPORTSTMNT02_2557624,0,paiN Gaming Academy,1,266,106,13,523,412,42,350,51,118,109,1,1.0,1.0,first_blood,herald,dragon,first_tower_bot,,first_tower_top,herald,,second_tower_top,first_tower_mid,,,baron,second_tower_bot,third_tower_top,second_tower_mid,third_tower_bot,inhibitor_bot,third_tower_mid,inhibitor_mid,inhibitor_top,dragon,baron,nexus_tower,nexus_tower,nexus,,,,,,,,,
ESPORTSTMNT02_2557962,1,KaBuM! Academy,0,85,108,13,235,223,58,43,51,112,123,1,0.0,1.0,first_blood,herald,,,first_tower_top,herald,,,first_tower_mid,,dragon,,,second_tower_top,,,,,,,,,,,,,,,,,,,,,
ESPORTSTMNT02_2557962,0,LOUD Academy,1,266,5,4,222,117,42,124,109,59,64,0,1.0,0.0,,,dragon,first_tower_bot,,,dragon,first_tower_top,,first_tower_mid,,baron,second_tower_mid,,second_tower_bot,third_tower_mid,inhibitor_mid,nexus_tower,nexus_tower,nexus,,,,,,,,,,,,,,,
ESPORTSTMNT02_2557993,1,RED Academy,0,79,5,112,51,111,4,131,222,555,43,0,0.0,0.0,,,,,,first_tower_bot,dragon,first_tower_mid,,,,,dragon,,,,,,,,,,,,,,,,,,,,,,
ESPORTSTMNT02_2557993,0,FURIA Academy,1,266,64,13,202,89,109,42,124,99,24,1,1.0,1.0,first_blood,herald,dragon,herald,first_tower_mid,,,,first_tower_top,second_tower_mid,first_tower_bot,baron,,second_tower_bot,second_tower_top,third_tower_top,inhibitor_top,nexus_tower,nexus_tower,nexus,,,,,,,,,,,,,,,
ESPORTSTMNT02_2558009,1,paiN Gaming Academy,1,58,59,61,51,875,412,112,109,164,126,1,1.0,1.0,first_blood,herald,first_tower_bot,first_tower_top,,,herald,first_tower_mid,second_tower_bot,,,,baron,second_tower_mid,third_tower_mid,inhibitor_mid,second_tower_top,dragon,inhibitor_mid,nexus_tower,nexus_tower,nexus,,,,,,,,,,,,,
ESPORTSTMNT02_2558009,0,INTZ Academy,0,150,5,13,202,89,42,4,124,99,516,0,0.0,0.0,,,,,dragon,first_tower_bot,,,,first_tower_top,first_tower_mid,dragon,,,,,,,,,,,,,,,,,,,,,,,
ESPORTSTMNT02_2558340,1,FURIA Esports,1,109,64,7,222,412,235,5,43,126,84,1,1.0,1.0,first_blood,dragon,herald,first_tower_bot,dragon,first_tower_top,,,dragon,first_tower_mid,second_tower_mid,,baron,second_tower_top,third_tower_mid,second_tower_bot,dragon,inhibitor_mid,third_tower_bot,inhibitor_bot,baron,third_tower_top,nexus_tower,nexus_tower,nexus,,,,,,,,,,
ESPORTSTMNT02_2558340,0,Rensga eSports,0,79,59,112,523,111,42,51,124,13,123,0,0.0,0.0,,,,,,,first_tower_mid,herald,,,,first_tower_bot,,,,,,,,,,,,,,,,,,,,,,,
ESPORTSTMNT02_2558353,1,Rensga eSports,0,516,108,134,222,223,13,109,4,126,39,0,1.0,1.0,dragon,,herald,dragon,dragon,herald,first_tower_top,first_tower_bot,,second_tower_bot,,first_tower_mid,,,,,,dragon,,,,,,,,,,,,,,,,,
ESPORTSTMNT02_2558353,0,Flamengo Esports,1,875,5,61,523,497,51,42,124,123,164,1,0.0,0.0,,first_blood,,,,,,,first_tower_mid,,dragon,,first_tower_bot,dragon,second_tower_mid,baron,first_tower_top,,third_tower_mid,baron,inhibitor_mid,nexus_tower,nexus_tower,nexus,,,,,,,,,,,
ESPORTSTMNT03_2562201,1,INTZ,0,58,59,123,222,497,235,350,51,412,40,0,0.0,0.0,,,,,first_tower_bot,,,,first_tower_top,,,,,,,,,,,,,,,,,,,,,,,,,,
ESPORTSTMNT03_2562201,0,Rensga eSports,1,82,5,13,523,43,109,4,124,111,89,1,1.0,1.0,first_blood,herald,first_tower_top,dragon,,herald,first_tower_bot,dragon,,dragon,first_tower_mid,baron,second_tower_top,second_tower_mid,third_tower_mid,third_tower_top,inhibitor_top,inhibitor_mid,nexus_tower,nexus_tower,nexus,,,,,,,,,,,,,,
ESPORTSTMNT03_2562244,1,Flamengo Esports,1,164,5,142,222,223,131,84,51,7,24,1,0.0,0.0,dragon,first_blood,,,,,first_tower_bot,,,first_tower_top,,,dragon,first_tower_mid,second_tower_top,baron,dragon,second_tower_mid,second_tower_bot,,third_tower_bot,inhibitor_bot,,third_tower_mid,inhibitor_mid,,nexus_tower,third_tower_top,dragon,nexus_tower,nexus,,,,
ESPORTSTMNT03_2562244,0,RED Canids,0,122,64,112,523,117,124,109,4,126,61,0,1.0,1.0,,,dragon,herald,first_tower_top,second_tower_top,,dragon,first_tower_bot,,second_tower_bot,first_tower_mid,,,,,,,,third_tower_top,,,inhibitor_top,,,nexus_tower,,,,,,,,,
ESPORTSTMNT03_2562289,1,FURIA Esports,1,104,106,142,222,43,13,112,126,523,202,0,0.0,0.0,,,dragon,,,,herald,first_tower_bot,,first_tower_mid,,first_tower_top,,second_tower_top,,second_tower_mid,dragon,third_tower_mid,baron,,dragon,second_tower_bot,third_tower_bot,inhibitor_bot,inhibitor_mid,nexus_tower,nexus_tower,nexus,,,,,,,
ESPORTSTMNT03_2562289,0,Liberty,0,58,5,4,110,111,124,51,109,150,517,1,1.0,1.0,first_blood,herald,,first_tower_top,first_tower_bot,dragon,,,second_tower_top,,first_tower_mid,,second_tower_bot,,dragon,,,,,second_tower_mid,,,,,,,,,,,,,,,
ESPORTSTMNT03_2562322,1,LOUD,1,150,48,13,202,43,126,64,109,134,123,0,1.0,0.0,,,,,first_tower_top,herald,dragon,,first_tower_bot,first_tower_mid,second_tower_bot,,dragon,,,dragon,baron,second_tower_top,third_tower_bot,inhibitor_bot,second_tower_mid,third_tower_mid,inhibitor_mid,third_tower_top,inhibitor_top,nexus_tower,nexus_tower,nexus,,,,,,,
ESPORTSTMNT03_2562322,0,paiN Gaming,0,58,5,142,51,99,124,4,412,59,106,1,0.0,1.0,first_blood,dragon,herald,dragon,,,,first_tower_mid,,,,baron,,second_tower_mid,first_tower_top,,,,,,,,,,,,,,,,,,,,
ESPORTSTMNT03_2562354,1,Netshoes Miners,0,104,108,103,222,111,109,51,124,126,64,0,1.0,1.0,,,herald,first_tower_top,,second_tower_top,,,first_tower_mid,,dragon,first_tower_bot,,,,second_tower_top,dragon,,,,,,,,,,,,,,,,,,
ESPORTSTMNT03_2562354,0,KaBuM! e-Sports,1,118,59,13,523,412,58,123,4,223,5,1,0.0,0.0,first_blood,dragon,,,first_tower_bot,,dragon,herald,,first_tower_top,,,first_tower_mid,second_tower_bot,baron,,,second_tower_mid,dragon,third_tower_mid,inhibitor_mid,nexus_tower,nexus_tower,nexus,,,,,,,,,,,
ESPORTSTMNT03_2542608,1,Liberty,1,104,64,4,222,12,142,109,523,164,39,1,1.0,0.0,dragon,first_blood,first_tower_top,dragon,first_tower_bot,,first_tower_mid,dragon,,second_tower_mid,,,baron,second_tower_bot,third_tower_bot,third_tower_mid,inhibitor_bot,inhibitor_mid,nexus_tower,second_tower_top,third_tower_top,dragon,,,inhibitor_mid,nexus_tower,nexus,,,,,,,,
ESPORTSTMNT03_2542608,0,Flamengo Esports,0,24,5,13,202,89,51,42,124,223,40,0,0.0,1.0,,,,,,herald,,,first_tower_top,,first_tower_bot,dragon,,,,,,,,,,,baron,first_tower_mid,,,,,,,,,,,
ESPORTSTMNT03_2542652,1,KaBuM! e-Sports,0,104,238,103,222,412,58,4,51,5,64,0,0.0,1.0,,herald,,,first_tower_bot,herald,first_tower_top,,,second_tower_bot,,second_tower_top,,third_tower_top,,first_tower_mid,third_tower_bot,,,,,,inhibitor_bot,,,,,,,,,,,,
ESPORTSTMNT03_2542652,0,FURIA Esports,1,109,106,112,523,89,124,126,13,59,78,1,1.0,0.0,first_blood,,first_tower_bot,herald,,,,dragon,first_tower_top,,first_tower_mid,,second_tower_bot,,dragon,,,baron,second_tower_mid,second_tower_top,third_tower_top,inhibitor_top,,dragon,third_tower_bot,inhibitor_bot,third_tower_mid,baron,inhibitor_mid,nexus_tower,nexus_tower,nexus,,,
ESPORTSTMNT03_2542716,1,Netshoes Miners,0,109,48,112,222,111,412,51,124,117,201,0,1.0,0.0,FALHA NA HUD,FALHA NA HUD,FALHA NA HUD,FALHA NA HUD,FALHA NA HUD,FALHA NA HUD,FALHA NA HUD,FALHA NA HUD,FALHA NA HUD,FALHA NA HUD,FALHA NA HUD,FALHA NA HUD,FALHA NA HUD,FALHA NA HUD,FALHA NA HUD,FALHA NA HUD,FALHA NA HUD,FALHA NA HUD,FALHA NA HUD,FALHA NA HUD,FALHA NA HUD,FALHA NA HUD,FALHA NA HUD,FALHA NA HUD,FALHA NA HUD,FALHA NA HUD,FALHA NA HUD,FALHA NA HUD,FALHA NA HUD,FALHA NA HUD,FALHA NA HUD,FALHA NA HUD,FALHA NA HUD,FALHA NA HUD,FALHA NA HUD
ESPORTSTMNT03_2542716,0,LOUD,1,40,64,13,523,89,123,104,5,134,142,1,0.0,1.0,FALHA NA HUD,FALHA NA HUD,FALHA NA HUD,FALHA NA HUD,FALHA NA HUD,FALHA NA HUD,FALHA NA HUD,FALHA NA HUD,FALHA NA HUD,FALHA NA HUD,FALHA NA HUD,FALHA NA HUD,FALHA NA HUD,FALHA NA HUD,FALHA NA HUD,FALHA NA HUD,FALHA NA HUD,FALHA NA HUD,FALHA NA HUD,FALHA NA HUD,FALHA NA HUD,FALHA NA HUD,FALHA NA HUD,FALHA NA HUD,FALHA NA HUD,FALHA NA HUD,FALHA NA HUD,FALHA NA HUD,FALHA NA HUD,FALHA NA HUD,FALHA NA HUD,FALHA NA HUD,FALHA NA HUD,FALHA NA HUD,FALHA NA HUD
ESPORTSTMNT03_2542777,1,RED Canids,1,79,5,61,222,43,40,59,4,84,89,1,1.0,0.0,,first_blood,dragon,first_tower_bot,,second_tower_bot,,dragon,first_tower_top,first_tower_mid,,second_tower_top,second_tower_mid,third_tower_top,third_tower_mid,inhibitor_top,inhibitor_mid,nexus_tower,nexus_tower,nexus,,,,,,,,,,,,,,,
ESPORTSTMNT03_2542777,0,INTZ,0,126,64,13,523,111,124,51,109,164,412,0,0.0,1.0,herald,,,,first_tower_top,,first_tower_mid,,,,first_tower_bot,,,,,,,,,,,,,,,,,,,,,,,,
ESPORTSTMNT03_2542841,1,Rensga eSports,0,875,5,42,202,43,109,64,4,59,142,0,0.0,0.0,,,,,,herald,first_tower_top,,,,first_tower_bot,,,,,,,,,,,,,,,,,,,,,,,,
ESPORTSTMNT03_2542841,0,paiN Gaming,1,126,106,134,51,99,124,235,13,54,516,1,1.0,1.0,first_blood,dragon,dragon,first_tower_bot,first_tower_mid,,,dragon,first_tower_top,dragon,,second_tower_top,baron,third_tower_top,inhibitor_top,elder_dragon,second_tower_bot,third_tower_bot,inhibitor_bot,third_tower_mid,inhibitor_mid,nexus_tower,nexus_tower,nexus,,,,,,,,,,,
ESPORTSTMNT03_2544211,1,INTZ Academy,1,126,120,112,124,89,70,109,267,497,12,0,1.0,1.0,,herald,first_tower_top,herald,,,first_tower_bot,first_tower_mid,second_tower_mid,dragon,baron,second_tower_bot,third_tower_mid,inhibitor_mid,third_tower_bot,inhibitor_bot,second_tower_top,third_tower_top,inhibitor_top,nexus_tower,baron,inhibitor_mid,nexus_tower,nexus,,,,,,,,,,,
ESPORTSTMNT03_2544211,0,Rensga Academy,0,54,64,123,222,111,13,59,104,350,26,1,0.0,0.0,first_blood,,,,dragon,first_tower_bot,,,,,,,,,,,,,,,,,,,,,,,,,,,,,
ESPORTSTMNT03_2544300,1,Flamengo Academy,0,85,59,4,222,111,497,43,64,40,432,0,0.0,1.0,,herald,dragon,,,herald,,,first_tower_mid,,,,baron,second_tower_mid,first_tower_top,first_tower_bot,,,,,,,,,,,,,,,,,,,
ESPORTSTMNT03_2544300,0,RED Academy,1,104,5,7,51,99,124,131,118,126,23,1,1.0,0.0,first_blood,,,first_tower_bot,dragon,,first_tower_mid,first_tower_top,,second_tower_bot,dragon,dragon,,,,,dragon,second_tower_mid,third_tower_bot,inhibitor_bot,nexus_tower,nexus_tower,nexus,,,,,,,,,,,,
ESPORTSTMNT03_2544345,1,FURIA Academy,0,104,64,112,110,43,123,51,111,89,223,0,0.0,1.0,,,,herald,,,first_tower_mid,,,first_tower_bot,,herald,,second_tower_mid,,,,,,,,,,,,,,,,,,,,,
ESPORTSTMNT03_2544345,0,Liberty Academy,1,58,59,103,222,71,13,4,124,118,134,1,1.0,0.0,first_blood,dragon,dragon,,first_tower_top,first_tower_bot,,dragon,first_tower_mid,,second_tower_top,,second_tower_bot,,dragon,baron,second_tower_mid,third_tower_bot,third_tower_mid,inhibitor_mid,inhibitor_bot,nexus_tower,nexus_tower,nexus,,,,,,,,,,,
ESPORTSTMNT03_2544371,1,LOUD Academy,1,109,64,13,124,201,523,4,236,40,7,0,0.0,0.0,,dragon,,,,first_tower_bot,,dragon,,,,dragon,,dragon,,,,,,,elder_dragon,baron,first_tower_mid,second_tower_mid,inhibitor_mid,first_tower_top,second_tower_bot,,inhibitor_bot,nexus_tower,nexus_tower,nexus,,,
ESPORTSTMNT03_2544371,0,paiN Gaming Academy,0,126,106,61,18,111,5,51,350,117,26,1,1.0,1.0,first_blood,,herald,first_tower_top,dragon,,second_tower_top,,first_tower_mid,first_tower_bot,second_tower_mid,,second_tower_bot,,baron,third_tower_top,inhibitor_top,third_tower_bot,inhibitor_bot,nexus_tower,,,,,,,,inhibitor_top,,,,,,,
ESPORTSTMNT03_2544412,1,Netshoes Miners Academy,1,104,5,517,81,43,109,84,111,164,39,1,1.0,1.0,first_blood,dragon,herald,dragon,first_tower_bot,,first_tower_top,first_tower_mid,second_tower_mid,second_tower_bot,dragon,baron,third_tower_bot,third_tower_mid,inhibitor_mid,inhibitor_bot,dragon,second_tower_top,nexus_tower,nexus_tower,nexus,,,,,,,,,,,,,,
ESPORTSTMNT03_2544412,0,KaBuM! Academy,0,85,64,4,222,89,51,58,124,134,13,0,0.0,0.0,,,,,,first_tower_bot,,,,,,,,,,,,,,,,,,,,,,,,,,,,,
ESPORTSTMNT03_2564697,1,Liberty Academy,0,14,64,112,523,43,111,109,4,59,5,0,0.0,1.0,,dragon,herald,dragon,,,,,first_tower_bot,,,,,,,,,,,,,,,,,,,,,,,,,,
ESPORTSTMNT03_2564697,0,Flamengo Academy,1,118,78,142,81,223,124,222,51,13,164,1,1.0,0.0,first_blood,,,,first_tower_top,first_tower_bot,second_tower_bot,herald,,dragon,first_tower_mid,second_tower_mid,third_tower_bot,baron,third_tower_mid,inhibitor_mid,inhibitor_bot,second_tower_top,third_tower_top,dragon,inhibitor_bot,inhibitor_mid,inhibitor_top,nexus_tower,nexus_tower,nexus,,,,,,,,,
ESPORTSTMNT03_2564761,1,KaBuM! Academy,1,104,64,134,222,12,58,51,4,43,117,0,0.0,0.0,,dragon,,dragon,,,first_tower_bot,,,,first_tower_top,first_tower_mid,dragon,dragon,,,baron,,,second_tower_bot,third_tower_bot,inhibitor_bot,nexus_tower,nexus_tower,nexus,,,,,,,,,,
ESPORTSTMNT03_2564761,0,FURIA Academy,0,118,5,13,523,111,223,124,59,89,201,1,1.0,1.0,first_blood,,herald,,herald,first_tower_mid,,second_tower_mid,first_tower_top,first_tower_bot,,,,,second_tower_bot,third_tower_bot,,inhibitor_bot,third_tower_mid,,,,,,,,,,,,,,,,
ESPORTSTMNT03_2564782,1,Netshoes Miners Academy,0,58,120,103,51,99,5,13,111,109,82,1,0.0,0.0,first_blood,dragon,,,dragon,first_tower_bot,herald,,first_tower_top,,,first_tower_mid,,second_tower_mid,second_tower_bot,,,,third_tower_mid,,,,,,,,,,,,,,,,
ESPORTSTMNT03_2564782,0,LOUD Academy,1,104,64,123,202,89,124,4,43,59,106,0,1.0,1.0,,,herald,first_tower_bot,,,,first_tower_top,,dragon,first_tower_mid,,dragon,,,dragon,second_tower_bot,baron,,third_tower_bot,second_tower_mid,inhibitor_bot,nexus_tower,nexus_tower,nexus,,,,,,,,,,
ESPORTSTMNT03_2564812,1,RED Academy,0,104,48,42,81,43,235,109,4,111,126,1,0.0,1.0,,herald,first_blood,,,first_tower_top,,,herald,,,,,,,,,first_tower_mid,,,,,,,,,,,,,,,,,
ESPORTSTMNT03_2564812,0,INTZ Academy,1,39,120,112,222,53,64,51,124,59,5,0,1.0,0.0,dragon,,,dragon,first_tower_bot,,first_tower_top,dragon,,first_tower_mid,dragon,baron,second_tower_top,second_tower_mid,second_tower_bot,third_tower_bot,inhibitor_bot,,elder_dragon,third_tower_top,nexus_tower,nexus_tower,nexus,,,,,,,,,,,,
ESPORTSTMNT03_2564859,1,Rensga Academy,0,104,2,13,110,12,126,412,59,109,150,0,0.0,0.0,,,dragon,,,,,,,,,,,,first_tower_bot,,,,,,,,,,,,,,,,,,,,
ESPORTSTMNT03_2564859,0,paiN Gaming Academy,1,118,5,103,222,223,64,51,124,106,201,1,1.0,1.0,first_blood,herald,,first_tower_bot,second_tower_bot,herald,first_tower_top,first_tower_mid,second_tower_mid,dragon,baron,second_tower_top,third_tower_top,inhibitor_top,,third_tower_mid,inhibitor_mid,third_tower_bot,nexus_tower,inhibitor_bot,nexus_tower,nexus,,,,,,,,,,,,,
ESPORTSTMNT03_2566738,1,FURIA Esports,0,150,64,45,523,89,23,13,222,5,164,1,1.0,1.0,first_blood,herald,,dragon,first_tower_bot,herald,first_tower_top,first_tower_mid,baron,dragon,,second_tower_bot,second_tower_mid,,second_tower_top,,,,,,,,,baron,third_tower_mid,inhibitor_mid,dragon,third_tower_top,inhibitor_top,nexus_tower,,,,,
ESPORTSTMNT03_2566738,0,Netshoes Miners,1,104,108,123,81,201,109,51,124,142,4,0,0.0,0.0,,,dragon,,,,,,,,first_tower_top,,,first_tower_bot,,dragon,baron,first_tower_mid,second_tower_mid,third_tower_mid,inhibitor_mid,second_tower_bot,dragon,,,,,,,,inhibitor_mid,nexus_tower,nexus_tower,nexus,
ESPORTSTMNT03_2566789,1,paiN Gaming,0,104,64,13,222,111,109,43,54,164,134,1,1.0,0.0,first_blood,dragon,,first_tower_bot,,dragon,,,,,first_tower_top,,,,,,,,,,,,,,,,,,,,,,,,
ESPORTSTMNT03_2566789,0,RED Canids,1,23,5,96,523,89,4,124,51,412,126,0,0.0,1.0,,,herald,,first_tower_mid,,first_tower_bot,herald,dragon,first_tower_top,,second_tower_bot,dragon,baron,dragon,second_tower_mid,second_tower_top,third_tower_top,third_tower_mid,inhibitor_bot,nexus_tower,nexus_tower,nexus,,,,,,,,,,,,
ESPORTSTMNT03_2566823,1,Flamengo Esports,0,109,59,61,202,43,126,104,350,85,111,0,1.0,1.0,,dragon,herald,,first_tower_bot,,,,,,,first_tower_top,,,,,second_tower_bot,,,,,,,,,,,,,,,,,,
ESPORTSTMNT03_2566823,0,KaBuM! e-Sports,1,68,64,112,523,89,51,124,13,78,123,1,0.0,0.0,first_blood,,,dragon,,first_tower_mid,first_tower_top,second_tower_mid,first_tower_bot,dragon,baron,,dragon,second_tower_bot,second_tower_top,third_tower_top,,inhibitor_top,baron,third_tower_mid,inhibitor_mid,nexus_tower,nexus_tower,nexus,,,,,,,,,,,
ESPORTSTMNT03_2566834,1,LOUD,1,104,120,103,523,89,5,235,134,164,108,0,1.0,0.0,,,,,first_tower_bot,,second_tower_bot,,,,,first_tower_top,first_tower_mid,,dragon,baron,second_tower_top,second_tower_mid,third_tower_mid,third_tower_top,inhibitor_mid,inhibitor_top,third_tower_bot,dragon,nexus_tower,nexus_tower,nexus,,,,,,,,
ESPORTSTMNT03_2566834,0,Rensga eSports,0,126,48,142,236,267,124,13,4,64,111,1,0.0,1.0,first_blood,dragon,herald,dragon,,herald,,first_tower_mid,first_tower_top,dragon,second_tower_mid,,,first_tower_bot,,,,,,,,,,,,,,,,,,,,,
ESPORTSTMNT03_2566875,1,INTZ,0,104,120,61,222,111,4,412,51,23,24,0,0.0,0.0,,,,,,,,,,,,,,,,,,,,,,,,,,,,,,,,,,,
ESPORTSTMNT03_2566875,0,Liberty,1,126,5,42,523,89,124,109,13,64,59,1,1.0,1.0,,,,,,,,,,,,,,,,,,,,,,,,,,,,,,,,,,,
ESPORTSTMNT03_2567303,1,RED Canids,1,164,131,777,222,89,5,43,51,58,875,0,0.0,0.0,,,,,,,,,,,,,,,,,,,,,,,,,,,,,,,,,,,
ESPORTSTMNT03_2567303,0,Rensga eSports,0,84,108,13,523,223,124,109,64,157,61,1,1.0,1.0,,,,,,,,,,,,,,,,,,,,,,,,,,,,,,,,,,,
ESPORTSTMNT03_2567360,1,INTZ,1,109,59,4,222,89,412,64,51,142,103,1,1.0,0.0,,,,,,,,,,,,,,,,,,,,,,,,,,,,,,,,,,,
ESPORTSTMNT03_2567360,0,KaBuM! e-Sports,0,126,120,123,523,111,13,124,40,5,112,0,0.0,1.0,,,,,,,,,,,,,,,,,,,,,,,,,,,,,,,,,,,
ESPORTSTMNT03_2567414,1,Liberty,1,104,5,4,222,12,126,109,412,25,23,0,1.0,1.0,,,,,,,,,,,,,,,,,,,,,,,,,,,,,,,,,,,
ESPORTSTMNT03_2567414,0,paiN Gaming,0,150,64,13,51,89,124,99,59,111,201,1,0.0,0.0,,,,,,,,,,,,,,,,,,,,,,,,,,,,,,,,,,,
ESPORTSTMNT03_2567462,1,Flamengo Esports,0,104,5,103,429,875,23,123,222,164,58,0,0.0,0.0,,,,,,,,,,,,,,,,,,,,,,,,,,,,,,,,,,,
ESPORTSTMNT03_2567462,0,Netshoes Miners,1,150,64,13,523,223,124,51,109,202,81,1,1.0,1.0,,,,,,,,,,,,,,,,,,,,,,,,,,,,,,,,,,,
ESPORTSTMNT03_2567516,1,FURIA Esports,0,150,5,517,222,412,23,13,523,111,43,0,1.0,1.0,,,,,,,,,,,,,,,,,,,,,,,,,,,,,,,,,,,
ESPORTSTMNT03_2567516,0,LOUD,1,104,64,4,202,497,109,124,89,123,142,1,0.0,0.0,,,,,,,,,,,,,,,,,,,,,,,,,,,,,,,,,,,
ESPORTSTMNT03_2568522,1,FURIA Academy,0,109,104,13,498,89,4,43,51,23,84,1,0.0,0.0,,,,,,,,,,,,,,,,,,,,,,,,,,,,,,,,,,,
ESPORTSTMNT03_2568522,0,Netshoes Miners Academy,1,39,120,61,81,44,124,222,64,523,119,0,1.0,1.0,,,,,,,,,,,,,,,,,,,,,,,,,,,,,,,,,,,
ESPORTSTMNT03_2568557,1,paiN Gaming Academy,0,150,106,13,202,223,64,7,51,89,109,1,0.0,1.0,,,,,,,,,,,,,,,,,,,,,,,,,,,,,,,,,,,
ESPORTSTMNT03_2568557,0,RED Academy,1,104,5,112,523,117,120,124,222,126,23,0,1.0,0.0,,,,,,,,,,,,,,,,,,,,,,,,,,,,,,,,,,,
ESPORTSTMNT03_2568582,1,Flamengo Academy,1,126,5,103,222,223,39,59,523,164,43,1,1.0,1.0,,,,,,,,,,,,,,,,,,,,,,,,,,,,,,,,,,,
ESPORTSTMNT03_2568582,0,KaBuM! Academy,0,104,64,123,202,111,118,51,124,78,45,0,0.0,0.0,,,,,,,,,,,,,,,,,,,,,,,,,,,,,,,,,,,
ESPORTSTMNT03_2568597,1,LOUD Academy,1,875,2,4,523,350,109,64,13,89,104,1,1.0,0.0,,,,,,,,,,,,,,,,,,,,,,,,,,,,,,,,,,,
ESPORTSTMNT03_2568597,0,Rensga Academy,0,24,120,61,115,497,124,5,222,117,111,0,0.0,1.0,,,,,,,,,,,,,,,,,,,,,,,,,,,,,,,,,,,
ESPORTSTMNT03_2568626,1,INTZ Academy,1,104,64,61,222,111,43,59,51,103,7,1,1.0,0.0,,,,,,,,,,,,,,,,,,,,,,,,,,,,,,,,,,,
ESPORTSTMNT03_2568626,0,Liberty Academy,0,126,5,517,523,201,124,109,120,54,106,0,0.0,1.0,,,,,,,,,,,,,,,,,,,,,,,,,,,,,,,,,,,
ESPORTSTMNT03_2569082,1,RED Academy,1,118,120,112,523,111,109,5,2,141,106,1,1.0,1.0,,,,,,,,,,,,,,,,,,,,,,,,,,,,,,,,,,,
ESPORTSTMNT03_2569082,0,Rensga Academy,0,126,104,70,222,12,124,84,64,350,117,0,0.0,0.0,,,,,,,,,,,,,,,,,,,,,,,,,,,,,,,,,,,
ESPORTSTMNT03_2569119,1,INTZ Academy,1,104,106,103,222,111,43,64,109,150,89,0,1.0,1.0,,,,,,,,,,,,,,,,,,,,,,,,,,,,,,,,,,,
ESPORTSTMNT03_2569119,0,KaBuM! Academy,0,164,5,7,523,412,124,51,13,120,123,1,0.0,0.0,,,,,,,,,,,,,,,,,,,,,,,,,,,,,,,,,,,
ESPORTSTMNT03_2569137,1,Liberty Academy,1,58,64,13,51,99,126,59,103,106,120,1,1.0,1.0,,,,,,,,,,,,,,,,,,,,,,,,,,,,,,,,,,,
ESPORTSTMNT03_2569137,0,paiN Gaming Academy,0,104,131,157,202,350,5,112,222,109,84,0,0.0,0.0,,,,,,,,,,,,,,,,,,,,,,,,,,,,,,,,,,,
ESPORTSTMNT03_2569151,1,Flamengo Academy,0,118,5,112,202,223,43,81,51,4,13,0,0.0,0.0,,,,,,,,,,,,,,,,,,,,,,,,,,,,,,,,,,,
ESPORTSTMNT03_2569151,0,Netshoes Miners Academy,1,39,120,61,145,497,222,124,523,103,78,1,1.0,1.0,,,,,,,,,,,,,,,,,,,,,,,,,,,,,,,,,,,
ESPORTSTMNT03_2569185,1,FURIA Academy,1,23,5,43,222,201,4,123,51,134,875,0,1.0,1.0,,,,,,,,,,,,,,,,,,,,,,,,,,,,,,,,,,,
ESPORTSTMNT03_2569185,0,LOUD Academy,0,104,64,42,523,111,124,109,13,118,61,1,0.0,0.0,,,,,,,,,,,,,,,,,,,,,,,,,,,,,,,,,,,
ESPORTSTMNT01_2731643,1,FURIA Esports,1,109,120,142,523,89,4,23,64,126,84,1,1.0,0.0,,,,,,,,,,,,,,,,,,,,,,,,,,,,,,,,,,,
ESPORTSTMNT01_2731643,0,Flamengo Esports,0,114,5,13,222,412,124,51,104,103,45,0,0.0,1.0,,,,,,,,,,,,,,,,,,,,,,,,,,,,,,,,,,,
ESPORTSTMNT01_2731682,1,LOUD,0,104,106,13,222,111,5,131,109,164,23,0,1.0,1.0,,,,,,,,,,,,,,,,,,,,,,,,,,,,,,,,,,,
ESPORTSTMNT01_2731682,0,RED Canids,1,48,64,103,523,89,124,4,120,108,134,1,0.0,0.0,,,,,,,,,,,,,,,,,,,,,,,,,,,,,,,,,,,
ESPORTSTMNT01_2731711,1,Rensga eSports,1,777,106,103,222,412,58,4,109,24,123,1,1.0,1.0,,,,,,,,,,,,,,,,,,,,,,,,,,,,,,,,,,,
ESPORTSTMNT01_2731711,0,Liberty,0,164,5,61,523,111,124,51,13,84,120,0,0.0,0.0,,,,,,,,,,,,,,,,,,,,,,,,,,,,,,,,,,,
ESPORTSTMNT01_2731745,1,KaBuM! e-Sports,0,104,108,103,124,111,51,109,4,89,142,1,0.0,1.0,,,,,,,,,,,,,,,,,,,,,,,,,,,,,,,,,,,
ESPORTSTMNT01_2731745,0,paiN Gaming,1,126,5,134,222,12,64,350,120,59,123,0,1.0,0.0,,,,,,,,,,,,,,,,,,,,,,,,,,,,,,,,,,,
ESPORTSTMNT01_2731791,1,Netshoes Miners,1,164,108,13,202,3,109,120,4,134,45,1,1.0,1.0,,,,,,,,,,,,,,,,,,,,,,,,,,,,,,,,,,,
ESPORTSTMNT01_2731791,0,INTZ,0,104,5,103,523,89,123,124,222,23,39,0,0.0,0.0,,,,,,,,,,,,,,,,,,,,,,,,,,,,,,,,,,,
ESPORTSTMNT01_2742201,1,Flamengo Esports,1,126,64,112,222,201,104,51,4,164,89,0,0.0,0.0,,,,,,,,,,,,,,,,,,,,,,,,,,,,,,,,,,,
ESPORTSTMNT01_2742201,0,LOUD,0,54,108,103,523,111,109,124,134,412,223,1,1.0,1.0,,,,,,,,,,,,,,,,,,,,,,,,,,,,,,,,,,,
ESPORTSTMNT01_2742246,1,INTZ,0,164,106,45,222,12,5,123,13,517,23,0,1.0,1.0,,,,,,,,,,,,,,,,,,,,,,,,,,,,,,,,,,,
ESPORTSTMNT01_2742246,0,FURIA Esports,1,114,59,103,124,89,4,109,64,134,7,1,0.0,0.0,,,,,,,,,,,,,,,,,,,,,,,,,,,,,,,,,,,
ESPORTSTMNT01_2742333,1,paiN Gaming,1,150,64,61,124,111,123,5,523,12,108,1,1.0,0.0,,,,,,,,,,,,,,,,,,,,,,,,,,,,,,,,,,,
ESPORTSTMNT01_2742333,0,Netshoes Miners,0,109,120,13,18,89,51,126,222,134,142,0,0.0,1.0,,,,,,,,,,,,,,,,,,,,,,,,,,,,,,,,,,,
ESPORTSTMNT01_2742361,1,Liberty,0,114,59,142,51,99,109,222,89,23,103,0,1.0,1.0,,,,,,,,,,,,,,,,,,,,,,,,,,,,,,,,,,,
ESPORTSTMNT01_2742361,0,RED Canids,1,164,5,123,81,43,4,124,13,61,134,1,0.0,0.0,,,,,,,,,,,,,,,,,,,,,,,,,,,,,,,,,,,
ESPORTSTMNT01_2742426,1,Rensga eSports,0,84,5,103,523,111,64,126,123,58,68,1,1.0,1.0,,,,,,,,,,,,,,,,,,,,,,,,,,,,,,,,,,,
ESPORTSTMNT01_2742426,0,KaBuM! e-Sports,1,104,59,13,81,89,222,124,51,777,39,0,0.0,0.0,,,,,,,,,,,,,,,,,,,,,,,,,,,,,,,,,,,
ESPORTSTMNT01_2743756,1,FURIA Academy,1,62,106,61,222,497,4,118,111,103,142,1,0.0,1.0,,,,,,,,,,,,,,,,,,,,,,,,,,,,,,,,,,,
ESPORTSTMNT01_2743756,0,Flamengo Academy,0,126,5,268,523,223,124,64,13,164,23,0,1.0,0.0,,,,,,,,,,,,,,,,,,,,,,,,,,,,,,,,,,,
ESPORTSTMNT01_2743815,1,LOUD Academy,1,104,427,112,222,111,5,13,118,126,23,1,1.0,1.0,,,,,,,,,,,,,,,,,,,,,,,,,,,,,,,,,,,
ESPORTSTMNT01_2743815,0,RED Academy,0,164,120,16,523,350,124,4,109,2,875,0,0.0,0.0,,,,,,,,,,,,,,,,,,,,,,,,,,,,,,,,,,,
ESPORTSTMNT01_2743846,1,Rensga Academy,0,875,64,123,222,117,51,109,120,58,150,0,0.0,0.0,,,,,,,,,,,,,,,,,,,,,,,,,,,,,,,,,,,
ESPORTSTMNT01_2743846,0,Liberty Academy,1,266,5,103,523,89,124,13,43,201,111,1,1.0,1.0,,,,,,,,,,,,,,,,,,,,,,,,,,,,,,,,,,,
ESPORTSTMNT01_2743876,1,KaBuM! Academy,0,109,104,517,124,350,126,4,106,7,13,0,1.0,1.0,,,,,,,,,,,,,,,,,,,,,,,,,,,,,,,,,,,
ESPORTSTMNT01_2743876,0,paiN Gaming Academy,1,164,120,61,222,117,51,64,5,134,777,1,0.0,0.0,,,,,,,,,,,,,,,,,,,,,,,,,,,,,,,,,,,
ESPORTSTMNT01_2744457,1,Flamengo Academy,1,104,64,38,222,111,5,4,13,875,266,0,0.0,1.0,,,,,,,,,,,,,,,,,,,,,,,,,,,,,,,,,,,
ESPORTSTMNT01_2744457,0,LOUD Academy,0,109,120,103,523,89,124,118,126,123,84,1,1.0,0.0,,,,,,,,,,,,,,,,,,,,,,,,,,,,,,,,,,,
ESPORTSTMNT01_2744507,1,INTZ Academy,0,164,120,26,51,89,64,43,106,266,517,0,0.0,0.0,,,,,,,,,,,,,,,,,,,,,,,,,,,,,,,,,,,
ESPORTSTMNT01_2744507,0,FURIA Academy,1,118,5,13,222,555,111,109,124,39,24,1,1.0,1.0,,,,,,,,,,,,,,,,,,,,,,,,,,,,,,,,,,,
ESPORTSTMNT01_2744546,1,paiN Gaming Academy,1,85,108,13,51,111,43,109,120,39,103,1,1.0,1.0,,,,,,,,,,,,,,,,,,,,,,,,,,,,,,,,,,,
ESPORTSTMNT01_2744546,0,Netshoes Miners Academy,0,58,64,7,222,99,126,106,124,150,104,0,0.0,0.0,,,,,,,,,,,,,,,,,,,,,,,,,,,,,,,,,,,
ESPORTSTMNT01_2744573,1,Rensga Academy,0,104,2,43,222,89,5,103,39,164,109,1,0.0,0.0,,,,,,,,,,,,,,,,,,,,,,,,,,,,,,,,,,,
ESPORTSTMNT01_2744573,0,KaBuM! Academy,1,58,64,134,523,555,124,4,120,117,126,0,1.0,1.0,,,,,,,,,,,,,,,,,,,,,,,,,,,,,,,,,,,
ESPORTSTMNT01_2745172,1,Netshoes Miners Academy,1,875,5,61,222,412,53,126,120,103,266,1,1.0,1.0,,,,,,,,,,,,,,,,,,,,,,,,,,,,,,,,,,,
ESPORTSTMNT01_2745172,0,INTZ Academy,0,109,64,7,523,111,43,51,124,13,4,0,0.0,0.0,,,,,,,,,,,,,,,,,,,,,,,,,,,,,,,,,,,
ESPORTSTMNT01_2745222,1,Liberty Academy,1,58,64,103,222,201,104,43,109,13,126,1,1.0,0.0,,,,,,,,,,,,,,,,,,,,,,,,,,,,,,,,,,,
ESPORTSTMNT01_2745222,0,RED Academy,0,150,5,7,523,111,120,124,51,223,89,0,0.0,1.0,,,,,,,,,,,,,,,,,,,,,,,,,,,,,,,,,,,
ESPORTSTMNT01_2770585,1,FURIA Esports,1,126,106,517,124,89,64,4,51,39,164,1,0.0,0.0,,,,,,,,,,,,,,,,,,,,,,,,,,,,,,,,,,,
ESPORTSTMNT01_2770585,0,paiN Gaming,0,150,120,103,222,201,125,109,5,7,123,0,1.0,1.0,,,,,,,,,,,,,,,,,,,,,,,,,,,,,,,,,,,
ESPORTSTMNT01_2770628,1,LOUD,1,79,120,42,124,89,109,5,108,12,111,1,1.0,1.0,,,,,,,,,,,,,,,,,,,,,,,,,,,,,,,,,,,
ESPORTSTMNT01_2770628,0,Liberty,0,266,64,4,222,412,103,150,104,13,123,0,0.0,0.0,,,,,,,,,,,,,,,,,,,,,,,,,,,,,,,,,,,
ESPORTSTMNT01_2770671,1,Flamengo Esports,1,104,106,103,222,111,125,109,124,517,164,0,0.0,0.0,,,,,,,,,,,,,,,,,,,,,,,,,,,,,,,,,,,
ESPORTSTMNT01_2770671,0,INTZ,0,150,5,112,523,89,13,64,4,201,412,1,1.0,1.0,,,,,,,,,,,,,,,,,,,,,,,,,,,,,,,,,,,
ESPORTSTMNT01_2770695,1,Netshoes Miners,1,126,131,23,222,111,412,103,51,5,106,1,1.0,0.0,,,,,,,,,,,,,,,,,,,,,,,,,,,,,,,,,,,
ESPORTSTMNT01_2770695,0,Rensga eSports,0,150,108,13,523,89,123,109,124,39,64,0,0.0,1.0,,,,,,,,,,,,,,,,,,,,,,,,,,,,,,,,,,,
ESPORTSTMNT01_2781109,1,INTZ,0,150,106,13,523,201,104,111,4,23,3,0,0.0,0.0,,,,,,,,,,,,,,,,,,,,,,,,,,,,,,,,,,,
ESPORTSTMNT01_2781109,0,LOUD,1,18,120,103,124,89,109,222,5,12,145,1,1.0,1.0,,,,,,,,,,,,,,,,,,,,,,,,,,,,,,,,,,,
ESPORTSTMNT01_2781166,1,paiN Gaming,1,126,5,4,523,89,109,103,64,497,81,0,0.0,1.0,,,,,,,,,,,,,,,,,,,,,,,,,,,,,,,,,,,
ESPORTSTMNT01_2781166,0,Flamengo Esports,0,104,106,13,202,111,222,124,51,142,412,1,1.0,0.0,,,,,,,,,,,,,,,,,,,,,,,,,,,,,,,,,,,
ESPORTSTMNT01_2781212,1,RED Canids,1,39,5,84,222,497,13,23,111,123,4,1,1.0,1.0,,,,,,,,,,,,,,,,,,,,,,,,,,,,,,,,,,,
ESPORTSTMNT01_2781212,0,Netshoes Miners,0,126,64,1,523,89,109,51,124,516,164,0,0.0,0.0,,,,,,,,,,,,,,,,,,,,,,,,,,,,,,,,,,,
ESPORTSTMNT01_2781245,1,Liberty,0,150,5,4,222,497,126,13,412,103,123,0,0.0,0.0,,,,,,,,,,,,,,,,,,,,,,,,,,,,,,,,,,,
ESPORTSTMNT01_2781245,0,KaBuM! e-Sports,1,85,64,7,523,89,51,109,124,12,164,1,1.0,1.0,,,,,,,,,,,,,,,,,,,,,,,,,,,,,,,,,,,
ESPORTSTMNT01_2781270,1,Rensga eSports,1,54,106,7,51,125,109,123,126,89,23,1,1.0,1.0,,,,,,,,,,,,,,,,,,,,,,,,,,,,,,,,,,,
ESPORTSTMNT01_2781270,0,FURIA Esports,0,104,64,103,222,111,5,124,412,150,99,0,0.0,0.0,,,,,,,,,,,,,,,,,,,,,,,,,,,,,,,,,,,
ESPORTSTMNT01_2782376,1,FURIA Academy,0,266,131,118,222,125,4,108,111,164,126,1,0.0,0.0,,,,,,,,,,,,,,,,,,,,,,,,,,,,,,,,,,,
ESPORTSTMNT01_2782376,0,paiN Gaming Academy,1,85,5,23,523,412,64,51,124,555,157,0,1.0,1.0,,,,,,,,,,,,,,,,,,,,,,,,,,,,,,,,,,,
ESPORTSTMNT01_2782404,1,LOUD Academy,1,875,108,103,523,412,5,43,51,123,134,1,1.0,1.0,,,,,,,,,,,,,,,,,,,,,,,,,,,,,,,,,,,
ESPORTSTMNT01_2782404,0,Liberty Academy,0,109,59,13,145,111,124,222,64,122,266,0,0.0,0.0,,,,,,,,,,,,,,,,,,,,,,,,,,,,,,,,,,,
ESPORTSTMNT01_2782430,1,Flamengo Academy,1,104,64,84,81,223,13,4,51,164,39,0,1.0,1.0,,,,,,,,,,,,,,,,,,,,,,,,,,,,,,,,,,,
ESPORTSTMNT01_2782430,0,INTZ Academy,0,108,59,112,202,71,124,222,118,38,103,1,0.0,0.0,,,,,,,,,,,,,,,,,,,,,,,,,,,,,,,,,,,
ESPORTSTMNT01_2782447,1,Netshoes Miners Academy,1,109,120,13,523,43,70,115,64,23,150,1,1.0,1.0,,,,,,,,,,,,,,,,,,,,,,,,,,,,,,,,,,,
ESPORTSTMNT01_2782447,0,Rensga Academy,0,99,76,104,81,89,124,222,145,39,103,0,0.0,0.0,,,,,,,,,,,,,,,,,,,,,,,,,,,,,,,,,,,
ESPORTSTMNT01_2782469,1,KaBuM! Academy,1,58,64,13,523,125,4,51,120,81,126,0,0.0,0.0,,,,,,,,,,,,,,,,,,,,,,,,,,,,,,,,,,,
ESPORTSTMNT01_2782469,0,RED Academy,0,82,5,134,29,497,124,222,111,117,109,1,1.0,1.0,,,,,,,,,,,,,,,,,,,,,,,,,,,,,,,,,,,
ESPORTSTMNT01_2782842,1,INTZ Academy,0,85,106,13,222,53,5,51,4,875,266,1,1.0,1.0,,,,,,,,,,,,,,,,,,,,,,,,,,,,,,,,,,,
ESPORTSTMNT01_2782842,0,LOUD Academy,1,104,120,42,523,412,126,124,109,111,89,0,0.0,0.0,,,,,,,,,,,,,,,,,,,,,,,,,,,,,,,,,,,
ESPORTSTMNT01_2782871,1,paiN Gaming Academy,1,126,120,4,523,125,118,64,5,109,517,1,1.0,1.0,,,,,,,,,,,,,,,,,,,,,,,,,,,,,,,,,,,
ESPORTSTMNT01_2782871,0,Flamengo Academy,0,104,106,38,81,43,124,51,222,13,164,0,0.0,0.0,,,,,,,,,,,,,,,,,,,,,,,,,,,,,,,,,,,
ESPORTSTMNT01_2782880,1,RED Academy,0,23,5,13,81,71,58,51,43,117,497,1,1.0,0.0,,,,,,,,,,,,,,,,,,,,,,,,,,,,,,,,,,,
ESPORTSTMNT01_2782880,0,Netshoes Miners Academy,1,84,64,61,523,350,124,222,120,111,89,0,0.0,1.0,,,,,,,,,,,,,,,,,,,,,,,,,,,,,,,,,,,
ESPORTSTMNT01_2782900,1,Liberty Academy,1,109,5,103,124,89,64,120,51,106,59,0,0.0,1.0,,,,,,,,,,,,,,,,,,,,,,,,,,,,,,,,,,,
ESPORTSTMNT01_2782900,0,KaBuM! Academy,0,84,78,13,222,111,4,58,126,201,85,1,1.0,0.0,,,,,,,,,,,,,,,,,,,,,,,,,,,,,,,,,,,
ESPORTSTMNT01_2782918,1,Rensga Academy,0,104,421,103,222,12,555,131,43,223,412,0,0.0,1.0,,,,,,,,,,,,,,,,,,,,,,,,,,,,,,,,,,,
ESPORTSTMNT01_2782918,0,FURIA Academy,1,114,5,7,523,497,124,109,81,111,89,1,1.0,0.0,,,,,,,,,,,,,,,,,,,,,,,,,,,,,,,,,,,
ESPORTSTMNT01_2783230,1,KaBuM! e-Sports,1,150,64,123,81,89,109,51,120,39,164,1,1.0,1.0,,,,,,,,,,,,,,,,,,,,,,,,,,,,,,,,,,,
ESPORTSTMNT01_2783230,0,RED Canids,0,23,5,134,523,497,126,124,222,13,85,0,0.0,0.0,,,,,,,,,,,,,,,,,,,,,,,,,,,,,,,,,,,
ESPORTSTMNT02_2660083,1,Netshoes Miners,1,68,64,23,124,111,5,59,51,150,109,1,0.0,0.0,,,,,,,,,,,,,,,,,,,,,,,,,,,,,,,,,,,
ESPORTSTMNT02_2660083,0,Liberty,0,79,108,7,222,89,123,13,126,120,131,0,1.0,1.0,,,,,,,,,,,,,,,,,,,,,,,,,,,,,,,,,,,
ESPORTSTMNT02_2660115,1,Flamengo Esports,0,23,131,134,124,111,125,51,13,223,54,0,0.0,0.0,,,,,,,,,,,,,,,,,,,,,,,,,,,,,,,,,,,
ESPORTSTMNT02_2660115,0,Rensga eSports,1,875,106,103,222,412,64,123,109,7,157,1,1.0,1.0,,,,,,,,,,,,,,,,,,,,,,,,,,,,,,,,,,,
ESPORTSTMNT02_2660149,1,LOUD,0,102,104,142,124,89,126,64,523,108,123,0,0.0,0.0,,,,,,,,,,,,,,,,,,,,,,,,,,,,,,,,,,,
ESPORTSTMNT02_2660149,0,KaBuM! e-Sports,1,85,48,134,222,111,4,51,120,13,59,1,1.0,1.0,,,,,,,,,,,,,,,,,,,,,,,,,,,,,,,,,,,
ESPORTSTMNT02_2660180,1,FURIA Esports,1,109,120,112,81,201,64,23,51,164,777,0,0.0,0.0,,,,,,,,,,,,,,,,,,,,,,,,,,,,,,,,,,,
ESPORTSTMNT02_2660180,0,RED Canids,0,150,131,157,523,111,89,124,222,126,142,1,1.0,1.0,,,,,,,,,,,,,,,,,,,,,,,,,,,,,,,,,,,
ESPORTSTMNT02_2660207,1,INTZ,0,83,131,43,124,89,4,13,412,201,103,0,0.0,0.0,,,,,,,,,,,,,,,,,,,,,,,,,,,,,,,,,,,
ESPORTSTMNT02_2660207,0,paiN Gaming,1,126,120,123,222,12,5,106,45,23,164,1,1.0,1.0,,,,,,,,,,,,,,,,,,,,,,,,,,,,,,,,,,,
ESPORTSTMNT02_2660440,1,KaBuM! e-Sports,0,85,56,3,222,89,124,51,120,12,13,0,1.0,1.0,,,,,,,,,,,,,,,,,,,,,,,,,,,,,,,,,,,
ESPORTSTMNT02_2660440,0,Netshoes Miners,1,23,5,112,523,223,64,123,126,48,59,1,0.0,0.0,,,,,,,,,,,,,,,,,,,,,,,,,,,,,,,,,,,
ESPORTSTMNT02_2660501,1,Rensga eSports,1,777,113,7,51,125,58,109,523,64,120,0,1.0,1.0,,,,,,,,,,,,,,,,,,,,,,,,,,,,,,,,,,,
ESPORTSTMNT02_2660501,0,INTZ,0,84,106,3,81,43,124,222,13,4,103,1,0.0,0.0,,,,,,,,,,,,,,,,,,,,,,,,,,,,,,,,,,,
ESPORTSTMNT02_2660536,1,RED Canids,0,150,108,127,222,111,13,23,124,84,109,0,1.0,1.0,,,,,,,,,,,,,,,,,,,,,,,,,,,,,,,,,,,
ESPORTSTMNT02_2660536,0,Flamengo Esports,1,126,64,7,523,89,125,131,51,164,123,1,0.0,0.0,,,,,,,,,,,,,,,,,,,,,,,,,,,,,,,,,,,
ESPORTSTMNT02_2660574,1,paiN Gaming,1,23,106,103,124,497,4,7,120,222,145,1,0.0,1.0,,,,,,,,,,,,,,,,,,,,,,,,,,,,,,,,,,,
ESPORTSTMNT02_2660574,0,LOUD,0,78,108,134,523,111,126,64,5,89,12,0,1.0,0.0,,,,,,,,,,,,,,,,,,,,,,,,,,,,,,,,,,,
ESPORTSTMNT02_2660639,1,Liberty,1,104,108,26,222,12,103,5,13,517,7,0,0.0,0.0,,,,,,,,,,,,,,,,,,,,,,,,,,,,,,,,,,,
ESPORTSTMNT02_2660639,0,FURIA Esports,0,126,106,142,523,497,124,51,64,164,54,1,1.0,1.0,,,,,,,,,,,,,,,,,,,,,,,,,,,,,,,,,,,
ESPORTSTMNT02_2661502,1,Flamengo Academy,1,150,120,145,124,111,70,13,64,104,103,1,0.0,1.0,,,,,,,,,,,,,,,,,,,,,,,,,,,,,,,,,,,
ESPORTSTMNT02_2661502,0,Rensga Academy,0,43,108,45,222,12,118,23,4,517,126,0,1.0,0.0,,,,,,,,,,,,,,,,,,,,,,,,,,,,,,,,,,,
ESPORTSTMNT02_2661533,1,Netshoes Miners Academy,1,150,64,13,222,497,59,103,51,89,58,0,1.0,1.0,,,,,,,,,,,,,,,,,,,,,,,,,,,,,,,,,,,
ESPORTSTMNT02_2661533,0,Liberty Academy,0,164,5,112,523,223,124,120,145,111,126,1,0.0,0.0,,,,,,,,,,,,,,,,,,,,,,,,,,,,,,,,,,,
ESPORTSTMNT02_2661553,1,LOUD Academy,1,266,5,103,124,89,64,13,43,106,134,1,0.0,0.0,,,,,,,,,,,,,,,,,,,,,,,,,,,,,,,,,,,
ESPORTSTMNT02_2661553,0,KaBuM! Academy,0,126,72,84,222,111,4,120,51,109,350,0,1.0,1.0,,,,,,,,,,,,,,,,,,,,,,,,,,,,,,,,,,,
ESPORTSTMNT02_2661587,1,FURIA Academy,1,150,5,103,145,111,23,523,498,39,118,1,0.0,0.0,,,,,,,,,,,,,,,,,,,,,,,,,,,,,,,,,,,
ESPORTSTMNT02_2661587,0,RED Academy,0,104,64,134,81,223,124,222,131,126,109,0,1.0,1.0,,,,,,,,,,,,,,,,,,,,,,,,,,,,,,,,,,,
ESPORTSTMNT02_2661603,1,INTZ Academy,0,114,48,103,81,43,4,106,111,516,62,0,0.0,0.0,,,,,,,,,,,,,,,,,,,,,,,,,,,,,,,,,,,
ESPORTSTMNT02_2661603,0,paiN Gaming Academy,1,126,5,123,523,117,124,222,120,164,39,1,1.0,1.0,,,,,,,,,,,,,,,,,,,,,,,,,,,,,,,,,,,
ESPORTSTMNT02_2661844,1,KaBuM! Academy,0,58,76,13,222,89,51,120,4,109,106,1,0.0,0.0,,,,,,,,,,,,,,,,,,,,,,,,,,,,,,,,,,,
ESPORTSTMNT02_2661844,0,Netshoes Miners Academy,1,57,5,45,124,111,64,523,84,72,108,0,1.0,1.0,,,,,,,,,,,,,,,,,,,,,,,,,,,,,,,,,,,
ESPORTSTMNT02_2661895,1,Rensga Academy,0,145,120,103,117,125,126,109,523,517,164,0,0.0,0.0,,,,,,,,,,,,,,,,,,,,,,,,,,,,,,,,,,,
ESPORTSTMNT02_2661895,0,INTZ Academy,1,777,5,112,124,497,70,222,43,350,12,1,1.0,1.0,,,,,,,,,,,,,,,,,,,,,,,,,,,,,,,,,,,
ESPORTSTMNT02_2661909,1,RED Academy,0,114,64,112,523,111,120,118,145,38,126,0,0.0,1.0,,,,,,,,,,,,,,,,,,,,,,,,,,,,,,,,,,,
ESPORTSTMNT02_2661909,0,Flamengo Academy,1,85,78,23,51,43,124,5,222,134,13,1,1.0,0.0,,,,,,,,,,,,,,,,,,,,,,,,,,,,,,,,,,,
ESPORTSTMNT02_2661932,1,paiN Gaming Academy,0,516,59,123,222,412,43,5,120,122,109,0,1.0,1.0,,,,,,,,,,,,,,,,,,,,,,,,,,,,,,,,,,,
ESPORTSTMNT02_2661932,0,LOUD Academy,1,875,64,103,523,111,126,124,51,85,150,1,0.0,0.0,,,,,,,,,,,,,,,,,,,,,,,,,,,,,,,,,,,
ESPORTSTMNT02_2661963,1,Liberty Academy,0,126,108,103,523,111,5,145,51,89,223,0,1.0,1.0,,,,,,,,,,,,,,,,,,,,,,,,,,,,,,,,,,,
ESPORTSTMNT02_2661963,0,FURIA Academy,1,236,64,7,498,201,124,222,23,78,59,1,0.0,0.0,,,,,,,,,,,,,,,,,,,,,,,,,,,,,,,,,,,
ESPORTSTMNT03_2651434,1,paiN Gaming,1,23,5,123,222,89,412,777,51,497,12,0,0.0,0.0,,,,,,,,,,,,,,,,,,,,,,,,,,,,,,,,,,,
ESPORTSTMNT03_2651434,0,Rensga eSports,0,157,131,145,81,201,64,126,124,58,24,1,1.0,1.0,,,,,,,,,,,,,,,,,,,,,,,,,,,,,,,,,,,
ESPORTSTMNT03_2651447,1,FURIA Esports,0,23,5,103,145,89,126,64,7,350,108,0,0.0,1.0,,,,,,,,,,,,,,,,,,,,,,,,,,,,,,,,,,,
ESPORTSTMNT03_2651447,0,KaBuM! e-Sports,1,150,48,84,124,111,51,120,13,106,12,1,1.0,0.0,,,,,,,,,,,,,,,,,,,,,,,,,,,,,,,,,,,
ESPORTSTMNT03_2651460,1,Flamengo Esports,0,79,64,7,498,111,5,51,124,150,266,0,0.0,0.0,,,,,,,,,,,,,,,,,,,,,,,,,,,,,,,,,,,
ESPORTSTMNT03_2651460,0,Liberty,1,104,108,13,523,70,89,222,145,497,109,1,1.0,1.0,,,,,,,,,,,,,,,,,,,,,,,,,,,,,,,,,,,
ESPORTSTMNT03_2651473,1,INTZ,0,84,108,13,523,497,131,3,123,126,134,0,1.0,0.0,,,,,,,,,,,,,,,,,,,,,,,,,,,,,,,,,,,
ESPORTSTMNT03_2651473,0,RED Canids,1,150,64,112,81,89,51,222,124,5,164,1,0.0,1.0,,,,,,,,,,,,,,,,,,,,,,,,,,,,,,,,,,,
ESPORTSTMNT03_2651501,1,LOUD,0,150,120,4,523,89,23,123,64,108,5,0,1.0,0.0,,,,,,,,,,,,,,,,,,,,,,,,,,,,,,,,,,,
ESPORTSTMNT03_2651501,0,Netshoes Miners,1,68,104,13,498,111,51,222,142,134,61,1,0.0,1.0,,,,,,,,,,,,,,,,,,,,,,,,,,,,,,,,,,,
ESPORTSTMNT03_2631752,1,Liberty,1,104,64,61,124,111,109,5,13,164,23,0,1.0,0.0,,,,,,,,,,,,,,,,,,,,,,,,,,,,,,,,,,,
ESPORTSTMNT03_2631752,0,INTZ,0,39,106,134,236,350,222,145,108,4,3,1,0.0,1.0,,,,,,,,,,,,,,,,,,,,,,,,,,,,,,,,,,,
ESPORTSTMNT03_2631762,1,Rensga eSports,0,126,48,517,124,12,64,4,123,222,145,0,1.0,1.0,,,,,,,,,,,,,,,,,,,,,,,,,,,,,,,,,,,
ESPORTSTMNT03_2631762,0,LOUD,1,23,106,103,523,111,777,84,157,7,134,1,0.0,0.0,,,,,,,,,,,,,,,,,,,,,,,,,,,,,,,,,,,
ESPORTSTMNT03_2631796,1,Netshoes Miners,0,68,64,517,222,111,120,51,126,142,112,1,1.0,1.0,,,,,,,,,,,,,,,,,,,,,,,,,,,,,,,,,,,
ESPORTSTMNT03_2631796,0,FURIA Esports,1,109,108,61,124,12,23,13,123,164,7,0,0.0,0.0,,,,,,,,,,,,,,,,,,,,,,,,,,,,,,,,,,,
ESPORTSTMNT03_2631825,1,KaBuM! e-Sports,1,150,64,123,523,111,51,120,13,12,223,1,0.0,1.0,,,,,,,,,,,,,,,,,,,,,,,,,,,,,,,,,,,
ESPORTSTMNT03_2631825,0,Flamengo Esports,0,14,5,112,222,89,126,104,124,412,,0,1.0,0.0,,,,,,,,,,,,,,,,,,,,,,,,,,,,,,,,,,,
ESPORTSTMNT03_2631856,1,RED Canids,0,109,120,13,498,89,126,124,123,150,134,1,1.0,1.0,,,,,,,,,,,,,,,,,,,,,,,,,,,,,,,,,,,
ESPORTSTMNT03_2631856,0,paiN Gaming,1,23,5,103,81,111,51,222,64,164,112,0,0.0,0.0,,,,,,,,,,,,,,,,,,,,,,,,,,,,,,,,,,,
ESPORTSTMNT03_2652221,1,paiN Gaming Academy,1,164,120,61,145,497,43,70,64,104,106,1,1.0,0.0,,,,,,,,,,,,,,,,,,,,,,,,,,,,,,,,,,,
ESPORTSTMNT03_2652221,0,Rensga Academy,0,150,108,103,222,111,126,124,51,41,85,0,0.0,1.0,,,,,,,,,,,,,,,,,,,,,,,,,,,,,,,,,,,
ESPORTSTMNT03_2652267,1,FURIA Academy,1,150,131,13,124,111,84,222,51,39,126,0,1.0,0.0,,,,,,,,,,,,,,,,,,,,,,,,,,,,,,,,,,,
ESPORTSTMNT03_2652267,0,KaBuM! Academy,0,777,76,103,523,89,4,120,64,108,106,1,0.0,1.0,,,,,,,,,,,,,,,,,,,,,,,,,,,,,,,,,,,
ESPORTSTMNT03_2652286,1,Flamengo Academy,1,266,421,61,222,89,103,13,111,201,123,1,0.0,1.0,,,,,,,,,,,,,,,,,,,,,,,,,,,,,,,,,,,
ESPORTSTMNT03_2652286,0,Liberty Academy,0,104,64,112,110,223,124,118,145,23,109,0,1.0,0.0,,,,,,,,,,,,,,,,,,,,,,,,,,,,,,,,,,,
ESPORTSTMNT03_2652309,1,INTZ Academy,1,85,104,145,202,89,64,5,236,23,157,0,1.0,0.0,,,,,,,,,,,,,,,,,,,,,,,,,,,,,,,,,,,
ESPORTSTMNT03_2652309,0,RED Academy,0,777,131,18,22,111,222,120,124,110,498,1,0.0,1.0,,,,,,,,,,,,,,,,,,,,,,,,,,,,,,,,,,,
ESPORTSTMNT03_2652318,1,LOUD Academy,0,122,106,112,236,267,43,120,64,85,81,0,1.0,1.0,,,,,,,,,,,,,,,,,,,,,,,,,,,,,,,,,,,
ESPORTSTMNT03_2652318,0,Netshoes Miners Academy,1,150,108,134,145,111,103,222,5,201,13,1,0.0,0.0,,,,,,,,,,,,,,,,,,,,,,,,,,,,,,,,,,,
ESPORTSTMNT03_2632576,1,Liberty Academy,0,58,64,13,124,12,112,126,104,497,201,0,1.0,1.0,,,,,,,,,,,,,,,,,,,,,,,,,,,,,,,,,,,
ESPORTSTMNT03_2632576,0,INTZ Academy,1,150,5,61,498,111,103,222,145,350,223,1,0.0,0.0,,,,,,,,,,,,,,,,,,,,,,,,,,,,,,,,,,,
ESPORTSTMNT03_2632603,1,Rensga Academy,0,23,67,103,64,12,4,120,145,498,350,0,1.0,1.0,,,,,,,,,,,,,,,,,,,,,,,,,,,,,,,,,,,
ESPORTSTMNT03_2632603,0,LOUD Academy,1,104,5,123,124,497,76,134,222,89,111,1,0.0,0.0,,,,,,,,,,,,,,,,,,,,,,,,,,,,,,,,,,,
ESPORTSTMNT03_2632640,1,Netshoes Miners Academy,0,58,64,45,110,497,5,222,13,157,23,0,0.0,0.0,,,,,,,,,,,,,,,,,,,,,,,,,,,,,,,,,,,
ESPORTSTMNT03_2632640,0,FURIA Academy,1,150,131,103,145,555,124,51,111,134,517,1,1.0,1.0,,,,,,,,,,,,,,,,,,,,,,,,,,,,,,,,,,,
ESPORTSTMNT03_2632657,1,KaBuM! Academy,1,84,59,777,523,154,4,51,120,7,13,1,1.0,1.0,,,,,,,,,,,,,,,,,,,,,,,,,,,,,,,,,,,
ESPORTSTMNT03_2632657,0,Flamengo Academy,0,17,106,429,498,875,124,222,64,126,39,0,0.0,0.0,,,,,,,,,,,,,,,,,,,,,,,,,,,,,,,,,,,
ESPORTSTMNT03_2632679,1,RED Academy,0,126,102,103,81,125,222,111,124,164,89,0,0.0,0.0,,,,,,,,,,,,,,,,,,,,,,,,,,,,,,,,,,,
ESPORTSTMNT03_2632679,0,paiN Gaming Academy,1,23,120,123,22,70,64,145,43,104,5,1,1.0,1.0,,,,,,,,,,,,,,,,,,,,,,,,,,,,,,,,,,,
ESPORTSTMNT03_2653081,1,Netshoes Miners,0,126,5,112,222,111,51,12,108,89,201,1,0.0,1.0,,,,,,,,,,,,,,,,,,,,,,,,,,,,,,,,,,,
ESPORTSTMNT03_2653081,0,Liberty,1,14,64,61,523,70,123,13,124,48,131,0,1.0,0.0,,,,,,,,,,,,,,,,,,,,,,,,,,,,,,,,,,,
ESPORTSTMNT03_2653100,1,Liberty,1,104,48,13,124,125,123,23,5,164,68,0,1.0,1.0,,,,,,,,,,,,,,,,,,,,,,,,,,,,,,,,,,,
ESPORTSTMNT03_2653100,0,Netshoes Miners,0,126,108,134,145,111,51,222,64,89,12,1,0.0,0.0,,,,,,,,,,,,,,,,,,,,,,,,,,,,,,,,,,,
ESPORTSTMNT03_2653118,1,Liberty,1,126,108,13,523,89,123,23,124,164,68,1,1.0,1.0,,,,,,,,,,,,,,,,,,,,,,,,,,,,,,,,,,,
ESPORTSTMNT03_2653118,0,Netshoes Miners,0,150,64,112,498,111,51,222,70,12,125,0,0.0,0.0,,,,,,,,,,,,,,,,,,,,,,,,,,,,,,,,,,,
ESPORTSTMNT03_2633616,1,KaBuM! e-Sports,1,68,108,134,124,89,51,120,4,22,164,1,1.0,1.0,,,,,,,,,,,,,,,,,,,,,,,,,,,,,,,,,,,
ESPORTSTMNT03_2633616,0,RED Canids,0,150,5,13,81,111,126,64,222,85,,0,0.0,0.0,,,,,,,,,,,,,,,,,,,,,,,,,,,,,,,,,,,
ESPORTSTMNT03_2633644,1,RED Canids,0,23,131,236,222,497,126,124,134,150,85,0,0.0,0.0,,,,,,,,,,,,,,,,,,,,,,,,,,,,,,,,,,,
ESPORTSTMNT03_2633644,0,KaBuM! e-Sports,1,84,108,112,523,111,51,120,64,157,89,1,1.0,1.0,,,,,,,,,,,,,,,,,,,,,,,,,,,,,,,,,,,
ESPORTSTMNT03_2633657,1,RED Canids,0,150,108,123,222,111,126,124,134,104,85,0,0.0,0.0,,,,,,,,,,,,,,,,,,,,,,,,,,,,,,,,,,,
ESPORTSTMNT03_2633657,0,KaBuM! e-Sports,1,68,59,13,523,89,51,120,64,61,164,1,1.0,1.0,,,,,,,,,,,,,,,,,,,,,,,,,,,,,,,,,,,
ESPORTSTMNT03_2653763,1,paiN Gaming,1,126,5,4,222,223,112,104,51,123,7,0,1.0,1.0,,,,,,,,,,,,,,,,,,,,,,,,,,,,,,,,,,,
ESPORTSTMNT03_2653763,0,FURIA Esports,0,58,106,61,523,12,64,124,23,13,103,1,0.0,0.0,,,,,,,,,,,,,,,,,,,,,,,,,,,,,,,,,,,
ESPORTSTMNT03_2653778,1,FURIA Esports,1,23,121,7,124,89,64,126,5,223,111,0,0.0,0.0,,,,,,,,,,,,,,,,,,,,,,,,,,,,,,,,,,,
ESPORTSTMNT03_2653778,0,paiN Gaming,0,84,108,103,222,12,112,51,106,4,123,1,1.0,1.0,,,,,,,,,,,,,,,,,,,,,,,,,,,,,,,,,,,
ESPORTSTMNT03_2653794,1,FURIA Esports,1,23,108,13,145,111,126,5,222,110,498,1,1.0,0.0,,,,,,,,,,,,,,,,,,,,,,,,,,,,,,,,,,,
ESPORTSTMNT03_2653794,0,paiN Gaming,0,24,64,4,81,89,51,112,124,12,,0,0.0,1.0,,,,,,,,,,,,,,,,,,,,,,,,,,,,,,,,,,,
ESPORTSTMNT03_2653842,1,paiN Gaming,1,23,64,123,498,89,112,51,523,5,106,0,1.0,0.0,,,,,,,,,,,,,,,,,,,,,,,,,,,,,,,,,,,
ESPORTSTMNT03_2653842,0,FURIA Esports,0,875,78,45,81,111,126,222,124,145,110,1,0.0,1.0,,,,,,,,,,,,,,,,,,,,,,,,,,,,,,,,,,,
ESPORTSTMNT03_2653869,1,FURIA Esports,0,150,120,112,18,111,126,5,64,517,85,0,1.0,1.0,,,,,,,,,,,,,,,,,,,,,,,,,,,,,,,,,,,
ESPORTSTMNT03_2653869,0,paiN Gaming,1,164,108,4,81,89,124,23,222,145,51,1,0.0,0.0,,,,,,,,,,,,,,,,,,,,,,,,,,,,,,,,,,,
ESPORTSTMNT03_2655697,1,RED Canids,0,150,108,112,222,89,523,13,4,61,126,1,1.0,1.0,,,,,,,,,,,,,,,,,,,,,,,,,,,,,,,,,,,
ESPORTSTMNT03_2655697,0,Liberty,1,104,64,26,498,111,120,124,5,103,23,0,0.0,0.0,,,,,,,,,,,,,,,,,,,,,,,,,,,,,,,,,,,
ESPORTSTMNT03_2635924,1,RED Canids,1,150,108,123,22,89,523,13,4,26,112,1,1.0,1.0,,,,,,,,,,,,,,,,,,,,,,,,,,,,,,,,,,,
ESPORTSTMNT03_2635924,0,Liberty,0,14,64,61,498,111,120,124,5,103,23,0,0.0,0.0,,,,,,,,,,,,,,,,,,,,,,,,,,,,,,,,,,,
ESPORTSTMNT03_2635930,1,Liberty,0,104,108,103,222,223,120,23,22,164,150,0,1.0,0.0,,,,,,,,,,,,,,,,,,,,,,,,,,,,,,,,,,,
ESPORTSTMNT03_2635930,0,RED Canids,1,126,64,123,21,89,523,13,124,79,12,1,0.0,1.0,,,,,,,,,,,,,,,,,,,,,,,,,,,,,,,,,,,
ESPORTSTMNT03_2635949,1,Liberty,1,266,106,103,21,111,120,22,89,23,164,1,1.0,1.0,,,,,,,,,,,,,,,,,,,,,,,,,,,,,,,,,,,
ESPORTSTMNT03_2635949,0,RED Canids,0,150,64,123,202,12,523,124,13,104,114,0,0.0,0.0,,,,,,,,,,,,,,,,,,,,,,,,,,,,,,,,,,,
ESPORTSTMNT03_2635970,1,RED Canids,1,164,59,112,21,89,523,106,103,81,222,1,1.0,0.0,,,,,,,,,,,,,,,,,,,,,,,,,,,,,,,,,,,
ESPORTSTMNT03_2635970,0,Liberty,0,79,108,13,202,12,120,22,124,64,5,0,0.0,1.0,,,,,,,,,,,,,,,,,,,,,,,,,,,,,,,,,,,
ESPORTSTMNT03_2655923,1,KaBuM! e-Sports,0,150,108,13,523,89,4,51,22,103,23,0,0.0,0.0,,,,,,,,,,,,,,,,,,,,,,,,,,,,,,,,,,,
ESPORTSTMNT03_2655923,0,paiN Gaming,1,236,5,123,222,111,64,124,126,68,134,1,1.0,1.0,,,,,,,,,,,,,,,,,,,,,,,,,,,,,,,,,,,
ESPORTSTMNT03_2655944,1,KaBuM! e-Sports,0,85,104,112,498,89,4,51,236,108,5,0,0.0,1.0,,,,,,,,,,,,,,,,,,,,,,,,,,,,,,,,,,,
ESPORTSTMNT03_2655944,0,paiN Gaming,1,23,106,103,222,111,64,126,124,68,48,1,1.0,0.0,,,,,,,,,,,,,,,,,,,,,,,,,,,,,,,,,,,
ESPORTSTMNT03_2655962,1,paiN Gaming,1,85,5,103,222,89,68,124,64,48,123,1,1.0,1.0,,,,,,,,,,,,,,,,,,,,,,,,,,,,,,,,,,,
ESPORTSTMNT03_2655962,0,KaBuM! e-Sports,0,150,56,134,523,111,4,51,126,236,164,0,0.0,0.0,,,,,,,,,,,,,,,,,,,,,,,,,,,,,,,,,,,
ESPORTSTMNT03_2636648,1,Flamengo Academy,1,164,108,103,498,497,13,555,7,61,123,0,1.0,1.0,,,,,,,,,,,,,,,,,,,,,,,,,,,,,,,,,,,
ESPORTSTMNT03_2636648,0,FURIA Academy,0,84,64,145,523,111,124,23,43,89,223,1,0.0,0.0,,,,,,,,,,,,,,,,,,,,,,,,,,,,,,,,,,,
ESPORTSTMNT03_2636692,1,FURIA Academy,1,85,108,103,135,111,498,38,124,23,517,1,1.0,0.0,,,,,,,,,,,,,,,,,,,,,,,,,,,,,,,,,,,
ESPORTSTMNT03_2636692,0,Flamengo Academy,0,126,64,84,222,89,13,555,131,523,145,0,0.0,1.0,,,,,,,,,,,,,,,,,,,,,,,,,,,,,,,,,,,
ESPORTSTMNT03_2636727,1,FURIA Academy,0,266,108,103,523,89,498,38,124,164,23,0,0.0,1.0,,,,,,,,,,,,,,,,,,,,,,,,,,,,,,,,,,,
ESPORTSTMNT03_2636727,0,Flamengo Academy,1,150,64,123,222,111,13,555,131,85,84,1,1.0,0.0,,,,,,,,,,,,,,,,,,,,,,,,,,,,,,,,,,,
ESPORTSTMNT03_2636739,1,FURIA Academy,0,24,5,103,145,111,498,38,124,23,58,1,1.0,1.0,,,,,,,,,,,,,,,,,,,,,,,,,,,,,,,,,,,
ESPORTSTMNT03_2636739,0,Flamengo Academy,1,164,64,123,222,223,13,555,108,106,56,0,0.0,0.0,,,,,,,,,,,,,,,,,,,,,,,,,,,,,,,,,,,
ESPORTSTMNT03_2636906,1,INTZ Academy,1,126,5,13,81,412,106,523,222,164,123,1,1.0,1.0,,,,,,,,,,,,,,,,,,,,,,,,,,,,,,,,,,,
ESPORTSTMNT03_2636906,0,paiN Gaming Academy,0,23,120,103,498,497,104,124,89,43,350,0,0.0,0.0,,,,,,,,,,,,,,,,,,,,,,,,,,,,,,,,,,,
ESPORTSTMNT03_2636915,1,INTZ Academy,0,126,64,112,81,89,4,222,523,164,123,0,1.0,1.0,,,,,,,,,,,,,,,,,,,,,,,,,,,,,,,,,,,
ESPORTSTMNT03_2636915,0,paiN Gaming Academy,1,150,120,61,498,111,104,124,13,106,5,1,0.0,0.0,,,,,,,,,,,,,,,,,,,,,,,,,,,,,,,,,,,
ESPORTSTMNT03_2636935,1,paiN Gaming Academy,0,150,64,103,124,111,104,126,120,89,39,0,1.0,0.0,,,,,,,,,,,,,,,,,,,,,,,,,,,,,,,,,,,
ESPORTSTMNT03_2636935,0,INTZ Academy,1,164,5,7,22,412,106,222,4,123,127,1,0.0,1.0,,,,,,,,,,,,,,,,,,,,,,,,,,,,,,,,,,,
ESPORTSTMNT03_2656620,1,INTZ Academy,0,23,59,7,498,12,106,222,150,123,127,1,0.0,1.0,,,,,,,,,,,,,,,,,,,,,,,,,,,,,,,,,,,
ESPORTSTMNT03_2656620,0,paiN Gaming Academy,1,126,120,103,21,70,104,5,13,164,68,0,1.0,0.0,,,,,,,,,,,,,,,,,,,,,,,,,,,,,,,,,,,
ESPORTSTMNT03_2656623,1,paiN Gaming Academy,1,126,108,42,498,111,104,7,13,53,412,1,1.0,1.0,,,,,,,,,,,,,,,,,,,,,,,,,,,,,,,,,,,
ESPORTSTMNT03_2656623,0,INTZ Academy,0,164,5,145,22,223,106,222,120,123,103,0,0.0,0.0,,,,,,,,,,,,,,,,,,,,,,,,,,,,,,,,,,,
ESPORTSTMNT03_2657090,1,FURIA Esports,0,104,59,7,222,89,64,126,51,164,85,0,1.0,1.0,,,,,,,,,,,,,,,,,,,,,,,,,,,,,,,,,,,
ESPORTSTMNT03_2657090,0,RED Canids,1,150,120,123,523,125,23,124,106,108,84,1,0.0,0.0,,,,,,,,,,,,,,,,,,,,,,,,,,,,,,,,,,,
ESPORTSTMNT03_2657101,1,RED Canids,0,150,120,112,124,350,23,106,111,7,45,1,0.0,0.0,,,,,,,,,,,,,,,,,,,,,,,,,,,,,,,,,,,
ESPORTSTMNT03_2657101,0,FURIA Esports,1,104,108,103,51,43,64,21,126,123,164,0,1.0,1.0,,,,,,,,,,,,,,,,,,,,,,,,,,,,,,,,,,,
ESPORTSTMNT03_2657112,1,RED Canids,1,14,120,123,222,70,23,106,124,,,0,1.0,1.0,,,,,,,,,,,,,,,,,,,,,,,,,,,,,,,,,,,
ESPORTSTMNT03_2657112,0,FURIA Esports,0,109,108,61,51,99,64,21,126,164,43,1,0.0,0.0,,,,,,,,,,,,,,,,,,,,,,,,,,,,,,,,,,,
ESPORTSTMNT03_2657120,1,RED Canids,1,14,59,112,523,125,23,106,124,108,5,0,0.0,1.0,,,,,,,,,,,,,,,,,,,,,,,,,,,,,,,,,,,
ESPORTSTMNT03_2657120,0,FURIA Esports,0,104,68,103,498,111,64,123,120,164,7,1,1.0,0.0,,,,,,,,,,,,,,,,,,,,,,,,,,,,,,,,,,,
ESPORTSTMNT03_2637518,1,RED Canids,0,516,106,112,523,125,126,150,124,85,68,1,0.0,1.0,,,,,,,,,,,,,,,,,,,,,,,,,,,,,,,,,,,
ESPORTSTMNT03_2637518,0,KaBuM! e-Sports,1,41,59,103,222,412,51,120,64,123,164,0,1.0,0.0,,,,,,,,,,,,,,,,,,,,,,,,,,,,,,,,,,,
ESPORTSTMNT03_2637520,1,RED Canids,1,164,59,4,222,125,126,150,124,85,103,1,0.0,1.0,,,,,,,,,,,,,,,,,,,,,,,,,,,,,,,,,,,
ESPORTSTMNT03_2637520,0,KaBuM! e-Sports,0,41,48,84,498,89,51,64,120,112,123,0,1.0,0.0,,,,,,,,,,,,,,,,,,,,,,,,,,,,,,,,,,,
ESPORTSTMNT03_2637524,1,RED Canids,1,516,59,123,523,125,126,103,124,85,41,0,1.0,1.0,,,,,,,,,,,,,,,,,,,,,,,,,,,,,,,,,,,
ESPORTSTMNT03_2637524,0,KaBuM! e-Sports,0,68,48,112,222,412,51,64,120,164,150,1,0.0,0.0,,,,,,,,,,,,,,,,,,,,,,,,,,,,,,,,,,,
ESPORTSTMNT03_2637527,1,KaBuM! e-Sports,0,126,64,123,145,89,51,125,120,131,112,0,0.0,1.0,,,,,,,,,,,,,,,,,,,,,,,,,,,,,,,,,,,
ESPORTSTMNT03_2637527,0,RED Canids,1,54,56,7,222,111,124,103,59,498,81,1,1.0,0.0,,,,,,,,,,,,,,,,,,,,,,,,,,,,,,,,,,,
ESPORTSTMNT03_2637710,1,LOUD Academy,0,106,108,13,81,223,498,38,84,150,85,0,0.0,0.0,,,,,,,,,,,,,,,,,,,,,,,,,,,,,,,,,,,
ESPORTSTMNT03_2637710,0,Flamengo Academy,1,118,64,45,21,89,875,124,5,122,266,1,1.0,1.0,,,,,,,,,,,,,,,,,,,,,,,,,,,,,,,,,,,
ESPORTSTMNT03_2637720,1,Flamengo Academy,1,85,108,1,222,223,875,5,124,26,70,1,0.0,1.0,,,,,,,,,,,,,,,,,,,,,,,,,,,,,,,,,,,
ESPORTSTMNT03_2637720,0,LOUD Academy,0,23,120,103,22,125,498,21,64,84,38,0,1.0,0.0,,,,,,,,,,,,,,,,,,,,,,,,,,,,,,,,,,,
ESPORTSTMNT03_2637728,1,Flamengo Academy,0,79,108,1,222,89,875,5,124,26,123,1,0.0,0.0,,,,,,,,,,,,,,,,,,,,,,,,,,,,,,,,,,,
ESPORTSTMNT03_2637728,0,LOUD Academy,1,23,120,103,523,125,498,21,64,38,223,0,1.0,1.0,,,,,,,,,,,,,,,,,,,,,,,,,,,,,,,,,,,
ESPORTSTMNT03_2637737,1,LOUD Academy,0,23,120,43,523,70,498,21,64,84,38,0,1.0,1.0,,,,,,,,,,,,,,,,,,,,,,,,,,,,,,,,,,,
ESPORTSTMNT03_2637737,0,Flamengo Academy,1,79,108,103,222,223,875,5,124,125,26,1,0.0,0.0,,,,,,,,,,,,,,,,,,,,,,,,,,,,,,,,,,,
ESPORTSTMNT03_2657561,1,Netshoes Miners Academy,0,150,120,61,22,117,126,111,222,164,85,0,1.0,1.0,,,,,,,,,,,,,,,,,,,,,,,,,,,,,,,,,,,
ESPORTSTMNT03_2657561,0,paiN Gaming Academy,1,41,106,517,498,70,43,124,103,21,81,1,0.0,0.0,,,,,,,,,,,,,,,,,,,,,,,,,,,,,,,,,,,
ESPORTSTMNT03_2657570,1,paiN Gaming Academy,1,104,106,123,124,125,43,7,22,350,516,0,1.0,0.0,,,,,,,,,,,,,,,,,,,,,,,,,,,,,,,,,,,
ESPORTSTMNT03_2657570,0,Netshoes Miners Academy,0,150,120,103,21,70,126,111,222,164,114,1,0.0,1.0,,,,,,,,,,,,,,,,,,,,,,,,,,,,,,,,,,,
ESPORTSTMNT03_2657588,1,paiN Gaming Academy,1,126,108,268,498,111,43,7,64,54,23,0,1.0,0.0,,,,,,,,,,,,,,,,,,,,,,,,,,,,,,,,,,,
ESPORTSTMNT03_2657588,0,Netshoes Miners Academy,0,516,59,103,22,89,222,124,120,123,45,1,0.0,1.0,,,,,,,,,,,,,,,,,,,,,,,,,,,,,,,,,,,
ESPORTSTMNT03_2638171,1,paiN Gaming Academy,0,114,108,61,523,125,64,106,222,79,103,0,1.0,1.0,,,,,,,,,,,,,,,,,,,,,,,,,,,,,,,,,,,
ESPORTSTMNT03_2638171,0,Flamengo Academy,1,85,59,23,21,89,126,124,120,7,123,1,0.0,0.0,,,,,,,,,,,,,,,,,,,,,,,,,,,,,,,,,,,
ESPORTSTMNT03_2657884,1,Flamengo Academy,0,164,106,103,21,89,126,124,23,41,7,0,0.0,0.0,,,,,,,,,,,,,,,,,,,,,,,,,,,,,,,,,,,
ESPORTSTMNT03_2657884,0,paiN Gaming Academy,1,150,48,123,498,111,64,108,222,79,118,1,1.0,1.0,,,,,,,,,,,,,,,,,,,,,,,,,,,,,,,,,,,
ESPORTSTMNT03_2657886,1,paiN Gaming Academy,0,516,48,142,498,497,64,108,21,23,84,0,0.0,0.0,,,,,,,,,,,,,,,,,,,,,,,,,,,,,,,,,,,
ESPORTSTMNT03_2657886,0,Flamengo Academy,1,266,106,61,236,267,126,124,111,123,103,1,1.0,1.0,,,,,,,,,,,,,,,,,,,,,,,,,,,,,,,,,,,
ESPORTSTMNT03_2657889,1,Flamengo Academy,0,85,106,23,21,71,126,124,111,79,41,1,0.0,1.0,,,,,,,,,,,,,,,,,,,,,,,,,,,,,,,,,,,
ESPORTSTMNT03_2657889,0,paiN Gaming Academy,1,150,59,7,498,89,64,108,103,38,123,0,1.0,0.0,,,,,,,,,,,,,,,,,,,,,,,,,,,,,,,,,,,
ESPORTSTMNT03_2638213,1,paiN Gaming Academy,0,41,48,268,21,111,64,108,23,118,61,1,1.0,0.0,,,,,,,,,,,,,,,,,,,,,,,,,,,,,,,,,,,
ESPORTSTMNT03_2638213,0,Flamengo Academy,1,68,59,103,222,223,126,124,498,7,150,0,0.0,1.0,,,,,,,,,,,,,,,,,,,,,,,,,,,,,,,,,,,
ESPORTSTMNT03_2658136,1,RED Canids,0,14,59,112,222,875,23,126,103,7,150,0,0.0,1.0,,,,,,,,,,,,,,,,,,,,,,,,,,,,,,,,,,,
ESPORTSTMNT03_2658136,0,paiN Gaming,1,109,64,42,498,111,125,164,124,516,89,1,1.0,0.0,,,,,,,,,,,,,,,,,,,,,,,,,,,,,,,,,,,
ESPORTSTMNT03_2638459,1,RED Canids,1,79,120,112,222,111,23,498,64,109,106,0,1.0,1.0,,,,,,,,,,,,,,,,,,,,,,,,,,,,,,,,,,,
ESPORTSTMNT03_2638459,0,paiN Gaming,0,126,48,103,523,223,125,124,164,516,123,1,0.0,0.0,,,,,,,,,,,,,,,,,,,,,,,,,,,,,,,,,,,
ESPORTSTMNT03_2638460,1,RED Canids,0,79,108,103,222,111,23,498,64,89,109,1,0.0,1.0,,,,,,,,,,,,,,,,,,,,,,,,,,,,,,,,,,,
ESPORTSTMNT03_2638460,0,paiN Gaming,1,126,120,123,523,12,125,124,164,516,59,0,1.0,0.0,,,,,,,,,,,,,,,,,,,,,,,,,,,,,,,,,,,
ESPORTSTMNT03_2658140,1,RED Canids,1,516,120,103,523,497,23,498,64,111,201,1,1.0,1.0,,,,,,,,,,,,,,,,,,,,,,,,,,,,,,,,,,,
ESPORTSTMNT03_2658140,0,paiN Gaming,0,109,5,42,222,89,125,124,164,123,70,0,0.0,0.0,,,,,,,,,,,,,,,,,,,,,,,,,,,,,,,,,,,
ESPORTSTMNT03_2658141,1,RED Canids,1,14,59,103,124,12,23,498,64,106,109,0,0.0,1.0,,,,,,,,,,,,,,,,,,,,,,,,,,,,,,,,,,,
ESPORTSTMNT03_2658141,0,paiN Gaming,0,126,5,7,222,111,125,516,120,164,497,1,1.0,0.0,,,,,,,,,,,,,,,,,,,,,,,,,,,,,,,,,,,