game,league,blueteam,redteam,golId
10747-10747_game_1,LDL,Top Esports Challenger,Royal Club,
LOLTMNT04_24874,LVP SL,Movistar KOI,Los Heretics,54825
10728-10728_game_1,LDL,LNG Academy,Royal Club,
LOLTMNT05_16252,PRM,Eintracht Frankfurt,E WIE EINFACH E-SPORTS,
LOLTMNT02_31187,NLC,NORD Esports,Verdant,
LOLTMNT01_57341,LVP SL,Ramboot Club,Rebels Gaming,
LOLTMNT01_34432,LCS,NRG,Dignitas,55010
LOLTMNT04_25632,UL,GRP Esports,Orbit Anonymo Esports,
LOLTMNT04_27614,NLC,Lionscreed,DMG Esports,
LOLTMNT03_37004,LIT,ENEMI3S,Dsyre Esports,
LOLTMNT01_34458,NACL,Area of Effect Esports,Maryville University,
10721-10721_game_1,LDL,FunPlus Phoenix Blaze,Joy Dream,
10716-10716_game_1,LDL,ThunderTalk Gaming Young,Anyone's Legend.Young,
LOLTMNT05_20723,UL,GRP Esports,Iron Wolves,
LOLTMNT02_38326,ESLOL,ZennIT,Dynasty,
LOLTMNT01_46166,LCS,Dignitas,Team Liquid,54685
LOLTMNT04_27522,EBL,Partizan Esports,SPIKE Syndicate,
LOLTMNT01_43508,NACL,Team Liquid Challengers,Disguised,
LOLTMNT02_31144,LVP SL,Los Heretics,Ramboot Club,
LOLTMNT02_48355,NACL,Disguised,Cincinnati Fear,
LOLTMNT04_27501,LFL,Aegis,BK ROG Esports,
LOLTMNT04_20049,UL,Forsaken,Zero Tenacity,
LOLTMNT02_23294,PCS,West Point Esports,Deep Cross Gaming,
LOLTMNT03_29858,LCO,Dire Wolves,Team Bliss,
LOLTMNT04_19142,UL,Forsaken,Iron Wolves,
LOLTMNT01_44541,NACL,LiT Esports,Mirage Alliance,
LOLTMNT01_53418,CBLOL,RED Canids,Liberty,55051
LOLTMNT02_21514,LVP SL,UCAM Tokiers,Guasones,
LOLTMNT02_39072,LVP SL,Barça eSports,Los Heretics,
LOLTMNT01_35439,LCS,Immortals,FlyQuest,54036
LOLTMNT02_38830,LCK,FearX,Nongshim RedForce,
LOLTMNT02_29757,LCK,Nongshim RedForce,Dplus KIA,
LOLTMNT05_14533,TCL,Misa Esports,Papara SuperMassive,
LOLTMNT01_36691,NACL,Supernova,LiT Esports,
LOLTMNT01_58795,LJL,Sengoku Gaming,DetonatioN FocusMe,
LOLTMNT01_49623,LVP SL,Guasones,ZETA,
LOLTMNT02_26436,LCK,Hanwha Life Esports,Kwangdong Freecs,
LOLTMNT02_33234,CBLOL,Vivo Keyd Stars,INTZ,
LOLTMNT05_13239,LEC,SK Gaming,Team BDS,
LOLTMNT05_13355,PRM,Berlin International Gaming,Austrian Force willhaben,
LOLTMNT02_28846,GLL,Gamespace Mediterranean College Esports,Wild Panthers Esports,
LOLTMNT01_52481,AL,Anubis Gaming,Geekay Esports,
LOLTMNT02_27488,LCKC,OKSavingsBank BRION Challengers,Gen.G Global Academy,
LOLTMNT02_31777,HM,BRUTE,eSuba,
LOLTMNT02_43867,LLA,Isurus,Leviatan,
LOLTMNT02_26558,LJL,DetonatioN FocusMe,Burning Core Toyama,
LOLTMNT02_52103,LCO,Dire Wolves,FURY Global,
LOLTMNT04_26644,EBL,Cyber Wolves,Partizan Esports,
10661-10661_game_3,DCup,JD Gaming,Top Esports,
LOLTMNT03_33707,VCS,Team Whales,Team Secret,
LOLTMNT01_59622,PCS,Frank Esports,CTBC Flying Oyster,54955
LOLTMNT05_17295,LFL,Team BDS Academy,BK ROG Esports,
LOLTMNT05_14586,LPLOL,EGN Esports,SAW,
10684-10684_game_1,LPL,Royal Never Give Up,Ultra Prime,
LOLTMNT02_51705,ESLOL,Myth Esports,mCon esports,
LOLTMNT05_14124,LEC,Team BDS,Fnatic,
LOLTMNT02_43251,NACL,Disguised,Maryville University,
10750-10750_game_1,LDL,LGD Gaming Young Team,Bilibili Gaming Junior,
LOLTMNT03_33636,VCS,MGN Blue Esports,GAM Esports,
LOLTMNT01_34186,LCS,Team Liquid,100 Thieves,
10735-10735_game_3,LDL,Anyone's Legend.Young,Top Esports Challenger,
LOLTMNT05_16244,LFL,GameWard,Solary,
LOLTMNT01_55831,LVP SL,Guasones,Ramboot Club,
10660-10660_game_4,DCup,Rare Atom,LNG Esports,
10661-10661_game_5,DCup,JD Gaming,Top Esports,
LOLTMNT02_53348,CBLOLA,RED Academy,LOUD Academy,
LOLTMNT06_13803,LEC,MAD Lions KOI,SK Gaming,
LOLTMNT03_33278,VCS,CERBERUS Esports,Team Flash,
LOLTMNT01_56687,LFL,Solary,Vitality.Bee,
10722-10722_game_2,LDL,Ultra Prime Academy,Rare Atom Period,
LOLTMNT05_14302,LEC,Team Vitality,G2 Esports,53880
LOLTMNT01_45596,VCS,Rainbow Warriors,Team Flash,
LOLTMNT01_52589,LJL,Sengoku Gaming,AXIZ CREST,
10720-10720_game_1,LDL,FunPlus Phoenix Blaze,Bilibili Gaming Junior,
LOLTMNT04_25373,LEC,MAD Lions KOI,Fnatic,
10675-10675_game_1,LPL,Bilibili Gaming,Royal Never Give Up,
LOLTMNT05_16186,EBL,SPIKE Syndicate,Crvena zvezda Esports,
LOLTMNT04_27610,TCL,Beşiktaş Esports,Dark Passage,
LOLTMNT02_31212,ESLOL,Once Upon A Team,ZennIT,
10672-10672_game_2,LPL,ThunderTalk Gaming,LNG Esports,
LOLTMNT01_45349,NACL,Cincinnati Fear,FlyQuest Challengers,
LOLTMNT01_32044,UL,devils.one,Team ESCA Gaming,
LOLTMNT02_41061,LCK,Dplus KIA,Hanwha Life Esports,
LOLTMNT01_34450,NACL,Cincinnati Fear,Mirage Alliance,
LOLTMNT02_45685,NACL,Mirage Alliance,Maryville University,
LOLTMNT02_33560,LJL,Burning Core Toyama,AXIZ CREST,
LOLTMNT05_16298,LPLOL,Keypulse Esports,Hurricane of Feathers,
10677-10677_game_2,LPL,Ultra Prime,LGD Gaming,
LOLTMNT01_50027,ESLOL,One Way Esports,ZennIT,
LOLTMNT04_26379,LEC,MAD Lions KOI,Team Vitality,
LOLTMNT04_25787,LFL,Vitality.Bee,Team GO,
LOLTMNT03_29854,LCO,Team Bliss,Dire Wolves,
LOLTMNT03_34633,LIT,aNc Outplayed,Axolotl,
LOLTMNT04_26660,LPLOL,EGN Esports,Hurricane of Feathers,
LOLTMNT04_26359,LEC,MAD Lions KOI,Team Vitality,
10795-10795_game_1,LDL,Ultra Prime Academy,Rare Atom Period,
LOLTMNT02_30491,LVP SL,Movistar KOI,Rebels Gaming,53932
LOLTMNT03_35047,LIT,Axolotl,Atleta Esport,
LOLTMNT02_50734,HM,OGC Sigma Esports,Team UNiTY,
LOLTMNT01_52933,LJL,Sengoku Gaming,V3 Esports,
10715-10715_game_1,LDL,LGD Gaming Young Team,Rare Atom Period,
10698-10698_game_2,LPL,Weibo Gaming,Royal Never Give Up,
LOLTMNT01_56839,LCKC,FearX Youth,Dplus KIA Challengers,
LOLTMNT04_26092,LFL,Gentle Mates,Karmine Corp Blue,
LOLTMNT02_30416,LVP SL,Los Heretics,ZETA,
LOLTMNT02_38116,HM,eSuba,Dynamo Eclot,
LOLTMNT02_26479,LJL,AXIZ CREST,Sengoku Gaming,
LOLTMNT02_26035,LCK,OKSavingsBank BRION,FearX,
LOLTMNT01_57300,LVP SL,Movistar KOI,ZETA,53726
LOLTMNT02_37722,LVP SL,Movistar KOI,Ramboot Club,54449
10714-10714_game_1,LDL,Team WE Academy,unknown team,
LOLTMNT01_47788,LCO,FURY Global,Antic Esports,
LOLTMNT01_51852,LJL,Fukuoka SoftBank HAWKS gaming,V3 Esports,
LOLTMNT02_53331,LLA,Six Karma,INFINITY,54418
LOLTMNT02_22976,LVP SL,Movistar KOI,Guasones,53917
LOLTMNT02_34469,LCK,DRX,OKSavingsBank BRION,
LOLTMNT01_47130,LCS,NRG,Immortals,
LOLTMNT02_26884,LCO,MAMMOTH,Team Bliss,
LOLTMNT05_20706,PRM,Austrian Force willhaben,FC Schalke 04 Esports,
LOLTMNT02_51112,CBLOLA,RED Academy,Los Grandes Academy,
LOLTMNT01_52187,LLA,Leviatan,All Knights,
LOLTMNT02_29165,LCK,KT Rolster,Kwangdong Freecs,
10680-10680_game_2,LPL,JD Gaming,Rare Atom,
LOLTMNT02_29355,NLC,NORD Esports,Nativz,
LOLTMNT05_11152,PRM,MOUZ NXT,E WIE EINFACH E-SPORTS,
LOLTMNT02_53343,LLA,Six Karma,INFINITY,54419
LOLTMNT02_38611,GLL,Team Refuse,WLGaming Esports,
LOLTMNT03_37005,LIT,Axolotl,EKO Academy,
LOLTMNT04_28042,LEC,Team BDS,MAD Lions KOI,
LOLTMNT01_44528,NACL,Mirage Alliance,LiT Esports,
LOLTMNT02_23175,LCK,Hanwha Life Esports,DRX,
LOLTMNT01_58624,PCS,West Point Esports,HELL PIGS,
LOLTMNT01_44063,VCS,MGN Blue Esports,Team Flash,
LOLTMNT01_37973,NACL,Supernova,Maryville University,
LOLTMNT05_17306,LPLOL,EGN Esports,GTZ Esports,
10723-10723_game_2,LDL,Weibo Gaming Youth Team,Ji Jie Hao (集结号),
LOLTMNT02_25456,LCK,Hanwha Life Esports,Kwangdong Freecs,
LOLTMNT01_43911,CBLOL,INTZ,FURIA,
10758-10758_game_1,LPL,ThunderTalk Gaming,Rare Atom,
LOLTMNT02_27819,GLL,Team Phantasma,Zerolag Esports,
10678-10678_game_1,LPL,Top Esports,EDward Gaming,
LOLTMNT02_27758,GLL,Team Mythic,Team Refuse,
LOLTMNT02_28423,LCO,Kanga Esports,FURY Global,
LOLTMNT01_36968,LCS,NRG,FlyQuest,54157
10761-10761_game_3,LPL,LNG Esports,FunPlus Phoenix,
10759-10759_game_1,LPL,JD Gaming,LGD Gaming,
LOLTMNT02_21701,LCK,OKSavingsBank BRION,Dplus KIA,
LOLTMNT04_26526,NLC,DMG Esports,Lundqvist Lightside,
LOLTMNT02_34502,LJL,Sengoku Gaming,Fukuoka SoftBank HAWKS gaming,
LOLTMNT05_14695,LPLOL,Odivelas Sports Club,SAW,
LOLTMNT03_34612,VCS,Team Flash,Vikings Esports,
LOLTMNT04_24340,LEC,SK Gaming,Team Vitality,
10685-10685_game_1,LPL,LGD Gaming,EDward Gaming,
LOLTMNT02_30796,PCS,Frank Esports,HELL PIGS,54112
LOLTMNT01_59620,VCS,Vikings Esports,CERBERUS Esports,
LOLTMNT02_22940,LVP SL,Ramboot Club,ZETA,
LOLTMNT04_24439,LEC,Team BDS,Team Vitality,
LOLTMNT01_52586,LJL,AXIZ CREST,Sengoku Gaming,
LOLTMNT05_17251,EBL,Cyber Wolves,Crvena zvezda Esports,
10708-10708_game_1,LDL,FunPlus Phoenix Blaze,ThunderTalk Gaming Young,
LOLTMNT02_48904,NACL,FlyQuest Challengers,LiT Esports,
LOLTMNT04_24244,LEC,Team BDS,Team Heretics,
LOLTMNT04_24876,PRM,FC Schalke 04 Esports,E WIE EINFACH E-SPORTS,
LOLTMNT01_35473,NACL,Area of Effect Esports,Maryville University,
LOLTMNT01_51633,HM,Dynamo Eclot,GLORE,
LOLTMNT01_55477,GLL,Team Phantasma,Gamespace Mediterranean College Esports,
LOLTMNT01_48005,LCS,Shopify Rebellion,100 Thieves,
LOLTMNT02_42209,LCK,OKSavingsBank BRION,T1,
LOLTMNT05_13434,PRM,E WIE EINFACH E-SPORTS,Eintracht Spandau,
LOLTMNT04_20127,LFL,Aegis,Team BDS Academy,
LOLTMNT01_49839,LLA,Leviatan,INFINITY,
LOLTMNT04_24980,NLC,Venomcrest Esports,Verdant,
LOLTMNT06_13954,LEC,Karmine Corp,MAD Lions KOI,
LOLTMNT05_21807,LFL,Vitality.Bee,GameWard,
LOLTMNT02_43684,NACL,LiT Esports,Cincinnati Fear,
LOLTMNT02_27733,HM,BRUTE,Europe Saviors Club,
LOLTMNT01_56701,LVP SL,UCAM Esports,GIANTX Pride,
LOLTMNT04_28015,LEC,Fnatic,MAD Lions KOI,
LOLTMNT02_29779,PCS,PSG Talon,J Team,
LOLTMNT02_52146,LCK,Hanwha Life Esports,KT Rolster,
LOLTMNT02_51716,GLL,Team Refuse,Anorthosis Famagusta Esports,
LOLTMNT05_13247,LEC,MAD Lions KOI,Rogue,
LOLTMNT02_51173,CBLOLA,LOUD Academy,INTZ Academy,
LOLTMNT01_54665,CBLOLA,LOUD Academy,Fluxo Academy,
LOLTMNT01_55111,LCO,Kanga Esports,Team Bliss,
LOLTMNT02_47330,LLA,Six Karma,Movistar R7,53858
LOLTMNT01_47782,LCKC,DRX Challengers,KT Rolster Challengers,
LOLTMNT05_16182,EBL,Partizan Esports,Diamant Esports,
LOLTMNT02_48915,NACL,Cincinnati Fear,Team Liquid Challengers,
LOLTMNT01_53375,CBLOL,FURIA,KaBuM! Esports,
LOLTMNT02_43529,NACL,FlyQuest Challengers,Wildcard Gaming,
LOLTMNT01_47661,CBLOLA,Flamengo Academy,LOUD Academy,
LOLTMNT01_44094,PCS,CTBC Flying Oyster,J Team,
10688-10688_game_1,LPL,ThunderTalk Gaming,Oh My God,
LOLTMNT04_26326,LEC,G2 Esports,Team BDS,53697
LOLTMNT02_38442,LCK,Kwangdong Freecs,Dplus KIA,
LOLTMNT01_59669,PCS,PSG Talon,Deep Cross Gaming,
LOLTMNT02_31203,LVP SL,Barça eSports,GIANTX Pride,
LOLTMNT04_24477,LEC,Fnatic,G2 Esports,54229
LOLTMNT02_50538,LCO,MAMMOTH,ION Global Esports,
LOLTMNT03_34131,CBLOL,Vivo Keyd Stars,Los Grandes,
LOLTMNT01_45568,PCS,Deep Cross Gaming,J Team,
LOLTMNT02_23223,LCK,Hanwha Life Esports,DRX,
LOLTMNT04_25878,NLC,Verdant,Lionscreed,
LOLTMNT02_53139,GLL,Team Mythic,Team Refuse,
LOLTMNT04_26471,UL,GRP Esports,Team ESCA Gaming,
LOLTMNT04_26561,EBL,BeFive,Diamant Esports,
LOLTMNT05_13559,LPLOL,Odivelas Sports Club,Hurricane of Feathers,
LOLTMNT05_13639,TCL,Misa Esports,NASR eSports Turkey,
LOLTMNT01_49634,PRM,Eintracht Frankfurt,Unicorns of Love Sexy Edition,
10721-10721_game_2,LDL,Joy Dream,FunPlus Phoenix Blaze,
LOLTMNT04_27540,UL,Team ESCA Gaming,Iron Wolves,
10731-10731_game_2,LDL,Oh My God Academy,Anyone's Legend.Young,
10797-10797_game_3,LDL,Ji Jie Hao (集结号),FunPlus Phoenix Blaze,
LOLTMNT02_46021,LLA,Leviatan,Isurus,
LOLTMNT04_26645,PRM,Eintracht Spandau,Unicorns of Love Sexy Edition,
10660-10660_game_1,DCup,LNG Esports,Rare Atom,
LOLTMNT02_38204,HM,OGC Sigma Esports,BRUTE,
LOLTMNT01_43731,PCS,PSG Talon,Beyond Gaming,
LOLTMNT01_58454,LCK,Gen.G,Hanwha Life Esports,
LOLTMNT02_23326,PCS,Deep Cross Gaming,West Point Esports,
LOLTMNT01_43117,PCS,Deep Cross Gaming,HELL PIGS,
LOLTMNT03_34628,LIT,Atleta Esport,DREN Esports,
LOLTMNT02_35024,LCO,FURY Global,MAMMOTH,
LOLTMNT02_37247,UL,GRP Esports,Iron Wolves,
LOLTMNT02_52104,LCK,T1,Nongshim RedForce,
LOLTMNT04_27329,LEC,G2 Esports,Team BDS,55287
LOLTMNT01_52613,LJL,V3 Esports,Fukuoka SoftBank HAWKS gaming,
LOLTMNT05_14509,TCL,Dark Passage,Beşiktaş Esports,
10796-10796_game_1,LDL,LNG Academy,Team WE Academy,
LOLTMNT01_57128,PCS,J Team,West Point Esports,
LOLTMNT01_42697,PCS,Frank Esports,Beyond Gaming,54512
LOLTMNT01_56671,GLL,Gamespace Mediterranean College Esports,Team Refuse,
LOLTMNT02_37977,LVP SL,UCAM Esports,ZETA,
LOLTMNT03_36025,LIT,ENEMI3S,Macko Esports,
LOLTMNT01_55943,LIT,EKO Academy,Macko Esports,
LOLTMNT02_29136,LCK,KT Rolster,Kwangdong Freecs,
LOLTMNT05_13380,PRM,MOUZ NXT,FC Schalke 04 Esports,
LOLTMNT02_46046,LLA,INFINITY,Estral Esports,
LOLTMNT01_51789,LJL,DetonatioN FocusMe,Burning Core Toyama,
LOLTMNT02_26642,LJL,Fukuoka SoftBank HAWKS gaming,V3 Esports,
LOLTMNT01_58120,ESLOL,SNOOZE Esports,Myth Esports,
10743-10743_game_1,LDL,LNG Academy,Royal Club,
10700-10700_game_1,LPL,Ultra Prime,Anyone's Legend,
LOLTMNT04_27089,EBL,BeFive,Lupus Esports,
LOLTMNT02_28554,LCKC,OKSavingsBank BRION Challengers,Gen.G Global Academy,
LOLTMNT04_28070,LEC,MAD Lions KOI,G2 Esports,55603
LOLTMNT05_14768,LEC,G2 Esports,GiantX,54225
LOLTMNT02_25509,PCS,Beyond Gaming,West Point Esports,
LOLTMNT02_52438,GLL,Anorthosis Famagusta Esports,WLGaming Esports,
LOLTMNT05_17256,LFL,Aegis,Team du Sud,
LOLTMNT02_24257,LCK,T1,Kwangdong Freecs,
LOLTMNT01_41660,PCS,Frank Esports,Beyond Gaming,54513
10667-10667_game_2,LPL,Oh My God,Team WE,
LOLTMNT01_36609,LCS,100 Thieves,NRG,
LOLTMNT03_33277,VCS,Team Flash,CERBERUS Esports,
LOLTMNT02_37236,ESLOL,mCon esports,Team 7AM,
LOLTMNT01_53130,LJL,Burning Core Toyama,Fukuoka SoftBank HAWKS gaming,
LOLTMNT02_34515,LJL,Fukuoka SoftBank HAWKS gaming,Sengoku Gaming,
LOLTMNT02_40030,ESLOL,Dynasty,Once Upon A Team,
LOLTMNT02_31080,LVP SL,ZETA,Rebels Gaming,
LOLTMNT02_48703,CBLOL,INTZ,Liberty,
LOLTMNT01_55985,LCKC,Dplus KIA Challengers,FearX Youth,
10761-10761_game_2,LPL,LNG Esports,FunPlus Phoenix,
LOLTMNT01_54118,CBLOL,paiN Gaming,Vivo Keyd Stars,
LOLTMNT03_33548,VCS,Rainbow Warriors,Team Whales,
LOLTMNT04_27499,TCL,Papara SuperMassive,NASR eSports Turkey,
LOLTMNT01_50753,LLA,Movistar R7,Estral Esports,
LOLTMNT02_50982,LLA,Leviatan,Six Karma,53955
LOLTMNT01_52113,LVP SL,Ramboot Club,GIANTX Pride,
10700-10700_game_2,LPL,Anyone's Legend,Ultra Prime,
LOLTMNT01_55928,LIT,Dsyre Esports,Atleta Esport,
LOLTMNT01_49848,LLA,Leviatan,INFINITY,
10686-10686_game_1,LPL,Rare Atom,Invictus Gaming,
LOLTMNT02_51758,GLL,WLGaming Esports,Gamespace Mediterranean College Esports,
LOLTMNT04_26044,LPLOL,GTZ Esports,BWE Esports,
LOLTMNT02_32961,LCK,Gen.G,Dplus KIA,
LOLTMNT04_26686,LEC,MAD Lions KOI,Fnatic,
10756-10756_game_1,LPL,Ninjas in Pyjamas,Ultra Prime,
LOLTMNT04_24568,UL,Zero Tenacity,Iron Wolves,
10672-10672_game_1,LPL,LNG Esports,ThunderTalk Gaming,
LOLTMNT01_44777,VCS,GAM Esports,Vikings Esports,
LOLTMNT04_27436,UL,Orbit Anonymo Esports,Zero Tenacity,
10662-10662_game_3,DCup,Ninjas in Pyjamas,Bilibili Gaming,
10686-10686_game_2,LPL,Invictus Gaming,Rare Atom,
LOLTMNT05_20618,UL,Back2TheGame,GRP Esports,
LOLTMNT01_35289,NACL,Disguised,FlyQuest Challengers,
LOLTMNT05_14449,NLC,Verdant,Ruddy Esports,
LOLTMNT02_28380,LCO,FURY Global,Kanga Esports,
10693-10693_game_2,LPL,Rare Atom,Top Esports,
LOLTMNT04_24460,LEC,G2 Esports,Fnatic,55041
LOLTMNT01_55377,HM,Entropiq,BRUTE,
LOLTMNT01_50038,CBLOLA,Vivo Keyd Stars Academy,KaBuM! Academy,
LOLTMNT01_35293,NACL,Disguised,FlyQuest Challengers,
LOLTMNT01_56178,GLL,Anorthosis Famagusta Esports,Zerolag Esports,
LOLTMNT05_14904,LEC,SK Gaming,G2 Esports,54236
LOLTMNT01_57014,LCKC,DRX Challengers,Kwangdong Freecs Challengers,
LOLTMNT01_58147,ESLOL,KRC Genk Esports,Once Upon A Team,
LOLTMNT02_25974,LCKC,Nongshim Esports Academy,DRX Challengers,
LOLTMNT02_53024,LCK,Hanwha Life Esports,KT Rolster,
10689-10689_game_2,LPL,Weibo Gaming,LNG Esports,
LOLTMNT02_25120,LCK,Gen.G,Nongshim RedForce,
LOLTMNT02_43475,LCS,100 Thieves,Team Liquid,
LOLTMNT05_14483,TCL,FUT Esports,NASR eSports Turkey,
LOLTMNT05_13758,LEC,Rogue,Karmine Corp,
LOLTMNT01_35816,LLA,Leviatan,Six Karma,53956
LOLTMNT01_45927,CBLOL,Vivo Keyd Stars,Liberty,
LOLTMNT01_37000,NACL,Wildcard Gaming,Mirage Alliance,
LOLTMNT04_27601,LFL,Team du Sud,GameWard,
10734-10734_game_1,LDL,Joy Dream,LGD Gaming Young Team,
LOLTMNT04_27144,TCL,NASR eSports Turkey,Beşiktaş Esports,
10678-10678_game_2,LPL,EDward Gaming,Top Esports,
LOLTMNT01_52912,LJL,Fukuoka SoftBank HAWKS gaming,Burning Core Toyama,
LOLTMNT04_26608,PRM,E WIE EINFACH E-SPORTS,MOUZ NXT,
LOLTMNT04_27632,LFL,BK ROG Esports,Karmine Corp Blue,
LOLTMNT05_13717,LEC,Team BDS,Team Heretics,
10730-10730_game_2,LDL,LNG Academy,Weibo Gaming Youth Team,
LOLTMNT01_45470,LJL,Sengoku Gaming,Burning Core Toyama,
LOLTMNT01_52094,ESLOL,One Way Esports,Dynasty,
LOLTMNT04_24485,LEC,G2 Esports,Fnatic,55042
LOLTMNT01_48651,LCO,Team Bliss,ION Global Esports,
LOLTMNT04_19106,LFL,BK ROG Esports,Karmine Corp Blue,
LOLTMNT02_37804,LCKC,OKSavingsBank BRION Challengers,DRX Challengers,
LOLTMNT01_54352,LCO,MAMMOTH,Kanga Esports,
LOLTMNT01_45496,LJL,DetonatioN FocusMe,Fukuoka SoftBank HAWKS gaming,
10744-10744_game_1,LDL,LGD Gaming Young Team,Anyone's Legend.Young,
LOLTMNT01_51205,LIT,Atleta Esport,EKO Academy,
LOLTMNT01_46495,VCS,MGN Blue Esports,Team Secret,
LOLTMNT04_27508,EBL,Crvena zvezda Esports,Lupus Esports,
LOLTMNT05_17274,NLC,DMG Esports,NORD Esports,
LOLTMNT03_34659,VCS,Team Whales,Team Secret,
LOLTMNT01_59591,PCS,Frank Esports,CTBC Flying Oyster,54956
10703-10703_game_2,LPL,Royal Never Give Up,Invictus Gaming,
LOLTMNT01_48048,NACL,Wildcard Gaming,Disguised,
LOLTMNT02_51719,CBLOLA,Flamengo Academy,Vivo Keyd Stars Academy,
LOLTMNT02_38644,GLL,Zerolag Esports,Wild Panthers Esports,
LOLTMNT04_20113,LFL,Gentle Mates,GameWard,
LOLTMNT01_31613,LFL,Team du Sud,Karmine Corp Blue,
LOLTMNT01_38031,NACL,Maryville University,Supernova,
LOLTMNT04_27553,LFL,Team BDS Academy,Team du Sud,
LOLTMNT04_28043,LEC,MAD Lions KOI,Team BDS,
LOLTMNT02_24236,LCK,T1,Kwangdong Freecs,
LOLTMNT04_25943,TCL,Galakticos,Beşiktaş Esports,
LOLTMNT02_33054,LJL,V3 Esports,Sengoku Gaming,
10749-10749_game_1,LDL,LNG Academy,Top Esports Challenger,
LOLTMNT01_56166,ESLOL,Myth Esports,Dynasty,
LOLTMNT02_31702,HM,Europe Saviors Club,Dynamo Eclot,
LOLTMNT04_26564,NLC,Ruddy Esports,Venomcrest Esports,
LOLTMNT01_34239,LCS,FlyQuest,Shopify Rebellion,55003
LOLTMNT02_31412,LCK,T1,KT Rolster,
10677-10677_game_3,LPL,LGD Gaming,Ultra Prime,
10738-10738_game_1,LDL,Invictus Gaming Young,LNG Academy,
LOLTMNT02_52343,LVP SL,GIANTX Pride,Rebels Gaming,
LOLTMNT01_52730,CBLOL,Fluxo,paiN Gaming,55045
LOLTMNT01_51303,LIT,aNc Outplayed,ENEMI3S,
LOLTMNT01_44787,LJL,Sengoku Gaming,DetonatioN FocusMe,
LOLTMNT05_14553,LPLOL,BWE Esports,Keypulse Esports,
LOLTMNT05_14130,LEC,Karmine Corp,GiantX,
LOLTMNT05_16235,TCL,Dark Passage,NASR eSports Turkey,
LOLTMNT04_24893,LVP SL,Case Esports,GIANTX Pride,
LOLTMNT04_26203,LPLOL,Odivelas Sports Club,Keypulse Esports,
LOLTMNT02_50021,LCO,Dire Wolves,Kanga Esports,
LOLTMNT02_52339,GLL,Zerolag Esports,Team Phantasma,
LOLTMNT01_55097,LCO,Kanga Esports,Team Bliss,
LOLTMNT01_45533,LJL,Fukuoka SoftBank HAWKS gaming,DetonatioN FocusMe,
LOLTMNT05_20777,LFL,Karmine Corp Blue,Team du Sud,
LOLTMNT01_57313,AL,Fox Gaming,Anubis Gaming,
10737-10737_game_2,LDL,Bilibili Gaming Junior,LGD Gaming Young Team,
LOLTMNT02_37474,LCK,KT Rolster,OKSavingsBank BRION,
LOLTMNT02_33084,LJL,AXIZ CREST,DetonatioN FocusMe,
LOLTMNT04_27623,LPLOL,GTZ Esports,SAW,
LOLTMNT04_27603,NLC,Ruddy Esports,Verdant,
LOLTMNT05_13240,LEC,Fnatic,GiantX,
LOLTMNT02_48097,CBLOL,RED Canids,FURIA,55298
LOLTMNT01_56709,LIT,DREN Esports,aNc Outplayed,
LOLTMNT05_16181,NLC,Verdant,DMG Esports,
10673-10673_game_2,LPL,Team WE,Anyone's Legend,
10667-10667_game_1,LPL,Oh My God,Team WE,
LOLTMNT02_19363,LCKC,KT Rolster Challengers,OKSavingsBank BRION Challengers,
10681-10681_game_2,LPL,LNG Esports,Oh My God,
LOLTMNT02_19725,LCKC,Dplus KIA Challengers,Hanwha Life Esports Challengers,
10672-10672_game_3,LPL,LNG Esports,ThunderTalk Gaming,
LOLTMNT01_55899,GLL,Anorthosis Famagusta Esports,Wild Panthers Esports,
LOLTMNT02_43259,NACL,Team Liquid Challengers,Supernova,
10709-10709_game_1,LDL,Ultra Prime Academy,Top Esports Challenger,
LOLTMNT04_27257,LEC,SK Gaming,Team Heretics,
LOLTMNT02_37632,LVP SL,Barça eSports,Guasones,
LOLTMNT01_55979,LCKC,DRX Challengers,Kwangdong Freecs Challengers,
LOLTMNT05_18084,LPLOL,White Dragons,BWE Esports,
LOLTMNT01_52159,ESLOL,Myth Esports,ZennIT,
LOLTMNT03_33697,VCS,Team Whales,Team Secret,
LOLTMNT01_52947,LJL,V3 Esports,Sengoku Gaming,
LOLTMNT02_22767,LCK,FearX,KT Rolster,
LOLTMNT03_32337,LLA,Movistar R7,Six Karma,53859
10670-10670_game_1,LPL,Ultra Prime,Invictus Gaming,
LOLTMNT02_42116,HM,Europe Saviors Club,Team UNiTY,
10760-10760_game_2,LPL,Team WE,EDward Gaming,
LOLTMNT03_30769,LCO,ION Global Esports,FURY Global,
LOLTMNT01_44462,LCS,100 Thieves,FlyQuest,54684
LOLTMNT01_57336,AL,Geekay Esports,Nigma Galaxy Male,
10756-10756_game_3,LPL,Ninjas in Pyjamas,Ultra Prime,
LOLTMNT03_33182,CBLOL,Fluxo,FURIA,53719
LOLTMNT02_50572,LCKC,DRX Challengers,Hanwha Life Esports Challengers,
LOLTMNT02_48892,NACL,FlyQuest Challengers,LiT Esports,
LOLTMNT01_57111,PCS,West Point Esports,J Team,
LOLTMNT05_13659,LPLOL,EGN Esports,White Dragons,
10692-10692_game_1,LPL,Anyone's Legend,LGD Gaming,
LOLTMNT04_26250,LEC,SK Gaming,Team Heretics,
LOLTMNT02_25104,LJL,Burning Core Toyama,Sengoku Gaming,
10660-10660_game_2,DCup,LNG Esports,Rare Atom,
10671-10671_game_2,LPL,Rare Atom,Weibo Gaming,
LOLTMNT02_29472,GLL,Gamespace Mediterranean College Esports,Anorthosis Famagusta Esports,
LOLTMNT02_53292,CBLOLA,KaBuM! Academy,Flamengo Academy,
LOLTMNT01_46764,CBLOL,RED Canids,Fluxo,54634
LOLTMNT01_41718,PCS,PSG Talon,West Point Esports,
LOLTMNT04_26129,TCL,Dark Passage,Misa Esports,
LOLTMNT02_25884,LCO,Team Bliss,MAMMOTH,
LOLTMNT02_27526,LCKC,Gen.G Global Academy,OKSavingsBank BRION Challengers,
LOLTMNT01_52059,AL,RA'AD,Anubis Gaming,
LOLTMNT04_27008,NLC,Lionscreed,Nativz,
10703-10703_game_3,LPL,Invictus Gaming,Royal Never Give Up,
LOLTMNT05_17153,EBL,Lupus Esports,Ankora Gaming,
10704-10704_game_1,LPL,Weibo Gaming,Top Esports,
LOLTMNT01_43647,LJL,Burning Core Toyama,V3 Esports,
LOLTMNT02_36490,LCO,Ground Zero Gaming,Team Bliss,
LOLTMNT01_55058,LCO,Ground Zero Gaming,FURY Global,
LOLTMNT02_49779,LCKC,Gen.G Global Academy,Dplus KIA Challengers,
LOLTMNT01_58300,PCS,Deep Cross Gaming,Frank Esports,54944
LOLTMNT04_26015,LFL,BK ROG Esports,Solary,
LOLTMNT01_31121,UL,Orbit Anonymo Esports,Iron Wolves,
LOLTMNT02_23065,PRM,Austrian Force willhaben,FC Schalke 04 Esports,
LOLTMNT02_45623,LCS,Shopify Rebellion,FlyQuest,53711
LOLTMNT04_24975,PRM,Eintracht Frankfurt,FC Schalke 04 Esports,
10740-10740_game_2,LDL,Anyone's Legend.Young,MiaoJing (妙竞),
10706-10706_game_1,LDL,Ji Jie Hao (集结号),Anyone's Legend.Young,
LOLTMNT02_32443,LCK,FearX,DRX,
LOLTMNT02_41039,LCK,Kwangdong Freecs,Gen.G,
LOLTMNT03_34185,CBLOL,RED Canids,paiN Gaming,55305
LOLTMNT02_24037,LVP SL,UCAM Esports,Barça eSports,
10666-10666_game_1,LPL,Royal Never Give Up,EDward Gaming,
LOLTMNT02_45657,NACL,Wildcard Gaming,FlyQuest Challengers,
LOLTMNT01_58738,LCK,OKSavingsBank BRION,Nongshim RedForce,
LOLTMNT01_31134,UL,Zero Tenacity,Back2TheGame,
10664-10664_game_1,DCup,JD Gaming,Bilibili Gaming,
LOLTMNT02_38771,LCKC,Kwangdong Freecs Challengers,Dplus KIA Challengers,
10666-10666_game_3,LPL,Royal Never Give Up,EDward Gaming,
10736-10736_game_3,LDL,Royal Club,LNG Academy,
10682-10682_game_3,LPL,Team WE,FunPlus Phoenix,
LOLTMNT01_58103,LIT,aNc Outplayed,Macko Esports,
LOLTMNT01_48489,CBLOLA,paiN Gaming Academy,Los Grandes Academy,
LOLTMNT04_26265,LEC,Team Heretics,SK Gaming,
LOLTMNT03_31400,LLA,Isurus,Leviatan,
LOLTMNT06_13667,LEC,Karmine Corp,Fnatic,
LOLTMNT02_29043,LCK,FearX,Hanwha Life Esports,
LOLTMNT02_23050,LVP SL,Case Esports,Los Heretics,
LOLTMNT02_26584,LJL,Burning Core Toyama,DetonatioN FocusMe,
LOLTMNT01_43134,VCS,Team Flash,MGN Blue Esports,
LOLTMNT02_37817,LCKC,DRX Challengers,OKSavingsBank BRION Challengers,
LOLTMNT01_46513,VCS,MGN Blue Esports,Team Secret,
10763-10763_game_2,LPL,Weibo Gaming,Ultra Prime,
LOLTMNT04_27612,LFL,Team BDS Academy,Vitality.Bee,
LOLTMNT01_54710,CBLOLA,FURIA Academy,Vivo Keyd Stars Academy,
LOLTMNT02_49745,NACL,Area of Effect Esports,Supernova,
LOLTMNT04_24761,LFL,GameWard,BK ROG Esports,
LOLTMNT05_16183,PRM,MOUZ NXT,Austrian Force willhaben,
LOLTMNT05_13565,LFL,Team du Sud,Team GO,
LOLTMNT02_52502,CBLOLA,Vivo Keyd Stars Academy,paiN Gaming Academy,
10764-10764_game_1,LPL,Royal Never Give Up,Top Esports,
10676-10676_game_2,LPL,Ninjas in Pyjamas,Invictus Gaming,
LOLTMNT01_49314,LLA,Six Karma,Estral Esports,54838
10665-10665_game_2,LPL,Top Esports,Bilibili Gaming,
LOLTMNT02_41177,LCK,DRX,KT Rolster,
10687-10687_game_1,LPL,Ninjas in Pyjamas,JD Gaming,
LOLTMNT06_13695,LEC,MAD Lions KOI,Team Heretics,
LOLTMNT01_48990,HM,OGC Sigma Esports,Dynamo Eclot,
10662-10662_game_1,DCup,Ninjas in Pyjamas,Bilibili Gaming,
LOLTMNT02_32452,PCS,Beyond Gaming,Deep Cross Gaming,
LOLTMNT02_38672,GLL,Gamespace Mediterranean College Esports,Team Mythic,
LOLTMNT01_46595,PCS,J Team,Deep Cross Gaming,
LOLTMNT05_17112,UL,Back2TheGame,Iron Wolves,
LOLTMNT02_48804,CBLOL,paiN Gaming,RED Canids,53721
LOLTMNT04_26566,LFL,Team GO,Gentle Mates,
LOLTMNT05_13487,LFL,GameWard,Team BDS Academy,
LOLTMNT05_19016,TCL,Papara SuperMassive,FUT Esports,
LOLTMNT05_13105,LEC,Team Heretics,SK Gaming,
LOLTMNT05_14228,LEC,Rogue,Fnatic,
10718-10718_game_1,LDL,EDG Youth Team,Joy Dream,
LOLTMNT05_17291,LFL,Vitality.Bee,Gentle Mates,
LOLTMNT02_43642,LCS,Dignitas,NRG,54037
LOLTMNT01_52116,ESLOL,A One Man Army,Once Upon A Team,
LOLTMNT01_58354,PCS,PSG Talon,CTBC Flying Oyster,
LOLTMNT01_52437,LIT,Axolotl,Dsyre Esports,
LOLTMNT04_27545,PRM,FC Schalke 04 Esports,Unicorns of Love Sexy Edition,
10682-10682_game_2,LPL,Team WE,FunPlus Phoenix,
LOLTMNT02_32102,ESLOL,SNOOZE Esports,Team 7AM,
LOLTMNT02_41040,LCK,Kwangdong Freecs,Gen.G,
LOLTMNT02_34812,CBLOL,Liberty,paiN Gaming,
LOLTMNT02_30379,GLL,Team Mythic,Wild Panthers Esports,
LOLTMNT01_44110,VCS,Team Flash,MGN Blue Esports,
LOLTMNT03_34311,CBLOL,paiN Gaming,LOUD,
LOLTMNT02_53367,LLA,Movistar R7,All Knights,
LOLTMNT02_42123,HM,eSuba,GLORE,
LOLTMNT04_26074,PRM,Eintracht Spandau,MOUZ NXT,
LOLTMNT05_14696,LPLOL,Hurricane of Feathers,BWE Esports,
LOLTMNT01_57288,AL,Twisted Minds,RA'AD,
LOLTMNT01_58626,LJL,Burning Core Toyama,AXIZ CREST,
10696-10696_game_2,LPL,Ninjas in Pyjamas,Oh My God,
LOLTMNT02_26550,PCS,CTBC Flying Oyster,Deep Cross Gaming,
LOLTMNT01_49290,CBLOLA,Los Grandes Academy,Liberty Academy,
LOLTMNT02_29105,LCK,KT Rolster,Kwangdong Freecs,
LOLTMNT01_58133,LVP SL,Los Heretics,GIANTX Pride,
10759-10759_game_2,LPL,LGD Gaming,JD Gaming,
LOLTMNT03_33555,VCS,CERBERUS Esports,Team Secret,
LOLTMNT05_21851,UL,Zero Tenacity,devils.one,
LOLTMNT01_34206,LCS,Cloud9,NRG,
10674-10674_game_2,LPL,FunPlus Phoenix,Oh My God,
10745-10745_game_1,LDL,Bilibili Gaming Junior,Top Esports Challenger,
LOLTMNT02_48181,CBLOL,Vivo Keyd Stars,LOUD,
LOLTMNT02_20412,LCKC,OKSavingsBank BRION Challengers,KT Rolster Challengers,
LOLTMNT01_44179,VCS,Rainbow Warriors,Team Secret,
LOLTMNT01_59656,PCS,PSG Talon,Deep Cross Gaming,
LOLTMNT06_12814,LEC,GiantX,Team BDS,
LOLTMNT04_27509,UL,GRP Esports,devils.one,
10670-10670_game_2,LPL,Invictus Gaming,Ultra Prime,
LOLTMNT03_31582,LLA,Leviatan,All Knights,
LOLTMNT03_32525,LLA,All Knights,Leviatan,
LOLTMNT04_26444,UL,Back2TheGame,devils.one,
10752-10752_game_1,LDL,Top Esports Challenger,LGD Gaming Young Team,
LOLTMNT01_35808,LLA,Leviatan,Six Karma,53957
LOLTMNT02_49166,NACL,Disguised,Cincinnati Fear,
LOLTMNT02_38758,LCKC,Kwangdong Freecs Challengers,Dplus KIA Challengers,
LOLTMNT05_17113,NLC,Ruddy Esports,NORD Esports,
LOLTMNT04_28022,LEC,Fnatic,MAD Lions KOI,
LOLTMNT01_51306,LVP SL,Rebels Gaming,UCAM Esports,
LOLTMNT05_17135,UL,Forsaken,Team ESCA Gaming,
LOLTMNT02_41171,LCK,DRX,KT Rolster,
LOLTMNT01_56909,PCS,J Team,West Point Esports,
LOLTMNT02_34015,PCS,Frank Esports,PSG Talon,54121
LOLTMNT02_45667,NACL,Wildcard Gaming,FlyQuest Challengers,
LOLTMNT05_17167,NLC,Venomcrest Esports,Nativz,
LOLTMNT02_29737,LCK,Dplus KIA,Nongshim RedForce,
LOLTMNT06_13630,LEC,Team BDS,G2 Esports,55288
LOLTMNT02_25579,PCS,CTBC Flying Oyster,Deep Cross Gaming,
LOLTMNT01_49261,CBLOLA,FURIA Academy,Flamengo Academy,
LOLTMNT02_37728,GLL,Anorthosis Famagusta Esports,Team Phantasma,
LOLTMNT01_45949,LCS,Dignitas,FlyQuest,54689
LOLTMNT02_31434,PCS,CTBC Flying Oyster,West Point Esports,
LOLTMNT01_56275,CBLOLA,paiN Gaming Academy,FURIA Academy,
LOLTMNT02_33261,CBLOL,paiN Gaming,FURIA,
LOLTMNT03_34248,CBLOL,Los Grandes,Fluxo,54044
LOLTMNT01_35306,NACL,Wildcard Gaming,Team Liquid Challengers,
LOLTMNT01_56317,CBLOLA,Los Grandes Academy,KaBuM! Academy,
LOLTMNT02_37499,LCK,KT Rolster,OKSavingsBank BRION,
LOLTMNT04_27633,LPLOL,Keypulse Esports,White Dragons,
LOLTMNT01_52973,LJL,AXIZ CREST,DetonatioN FocusMe,
LOLTMNT01_56222,CBLOLA,Tropa XV,LOUD Academy,
10668-10668_game_2,LPL,FunPlus Phoenix,Anyone's Legend,
LOLTMNT04_26656,EBL,BeFive,Ankora Gaming,
LOLTMNT04_26024,LVP SL,Movistar KOI,Barça eSports,54830
LOLTMNT02_51913,LCO,Antic Esports,Kanga Esports,
LOLTMNT02_21206,LCK,DRX,Nongshim RedForce,
LOLTMNT02_40039,ESLOL,Myth Esports,unknown team,
LOLTMNT01_45891,CBLOL,Los Grandes,FURIA,
LOLTMNT04_27625,TCL,FUT Esports,NASR eSports Turkey,
10796-10796_game_2,LDL,Team WE Academy,LNG Academy,
10739-10739_game_2,LDL,LGD Gaming Young Team,MAX,
LOLTMNT02_45367,NACL,Team Liquid Challengers,Supernova,
LOLTMNT01_42724,VCS,GAM Esports,CERBERUS Esports,
LOLTMNT02_34011,LJL,Burning Core Toyama,Fukuoka SoftBank HAWKS gaming,
LOLTMNT04_26332,LEC,Team BDS,G2 Esports,55289
LOLTMNT05_17270,PRM,Eintracht Spandau,Berlin International Gaming,
10742-10742_game_1,LDL,Anyone's Legend.Young,Bilibili Gaming Junior,
LOLTMNT02_37821,LCKC,OKSavingsBank BRION Challengers,DRX Challengers,
LOLTMNT04_26075,NLC,DMG Esports,Ruddy Esports,
LOLTMNT01_37661,NACL,LiT Esports,Supernova,
10734-10734_game_2,LDL,LGD Gaming Young Team,Joy Dream,
LOLTMNT01_52516,LIT,DREN Esports,ENEMI3S,
10722-10722_game_1,LDL,Rare Atom Period,Ultra Prime Academy,
LOLTMNT02_43680,NACL,LiT Esports,Cincinnati Fear,
10732-10732_game_2,LDL,Bilibili Gaming Junior,EDG Youth Team,
LOLTMNT03_34616,VCS,Team Flash,Vikings Esports,
LOLTMNT03_33671,LIT,Dsyre Esports,Macko Esports,
LOLTMNT02_33972,LCO,ION Global Esports,Kanga Esports,
LOLTMNT01_35474,NACL,Area of Effect Esports,Maryville University,
LOLTMNT05_14840,LEC,Karmine Corp,SK Gaming,
LOLTMNT01_44709,VCS,Team Whales,CERBERUS Esports,
LOLTMNT02_26523,LCK,KT Rolster,Dplus KIA,
LOLTMNT02_29796,PCS,PSG Talon,J Team,
10700-10700_game_3,LPL,Ultra Prime,Anyone's Legend,
LOLTMNT01_56301,CBLOLA,Flamengo Academy,Liberty Academy,
10669-10669_game_2,LPL,LGD Gaming,Ninjas in Pyjamas,
LOLTMNT03_38003,LIT,DREN Esports,Macko Esports,
LOLTMNT05_14436,NLC,Venomcrest Esports,Lundqvist Lightside,
LOLTMNT05_11139,PRM,Unicorns of Love Sexy Edition,Eintracht Spandau,
10681-10681_game_1,LPL,Oh My God,LNG Esports,
LOLTMNT05_16290,PRM,Unicorns of Love Sexy Edition,MOUZ NXT,
LOLTMNT04_26657,PRM,Eintracht Frankfurt,Austrian Force willhaben,
LOLTMNT02_35072,LCKC,T1 Esports Academy,DRX Challengers,
LOLTMNT02_27489,LCO,Ground Zero Gaming,Antic Esports,
LOLTMNT01_54348,LCO,Kanga Esports,MAMMOTH,
LOLTMNT05_13574,LFL,Aegis,Vitality.Bee,
LOLTMNT01_42744,VCS,CERBERUS Esports,GAM Esports,
LOLTMNT01_58756,VCS,CERBERUS Esports,Vikings Esports,
LOLTMNT05_18047,TCL,Misa Esports,Beşiktaş Esports,
LOLTMNT04_24892,PRM,Berlin International Gaming,SK Gaming Prime,
10764-10764_game_2,LPL,Top Esports,Royal Never Give Up,
LOLTMNT02_25665,LJL,V3 Esports,Fukuoka SoftBank HAWKS gaming,
10729-10729_game_2,LDL,Rare Atom Period,Top Esports Challenger,
LOLTMNT04_24264,LEC,G2 Esports,GiantX,54696
LOLTMNT02_22632,LCKC,FearX Youth,OKSavingsBank BRION Challengers,
LOLTMNT01_57322,ESLOL,ZennIT,A One Man Army,
LOLTMNT01_55709,LCK,DRX,Kwangdong Freecs,
LOLTMNT05_14583,PRM,Eintracht Spandau,Eintracht Frankfurt,
LOLTMNT02_50928,ESLOL,A One Man Army,Dynasty,
LOLTMNT02_33989,LCO,Kanga Esports,ION Global Esports,
LOLTMNT05_13741,LEC,MAD Lions KOI,Fnatic,
LOLTMNT05_18059,TCL,NASR eSports Turkey,Galakticos,
LOLTMNT02_48935,NACL,Supernova,Area of Effect Esports,
LOLTMNT01_44689,LJL,Fukuoka SoftBank HAWKS gaming,AXIZ CREST,
LOLTMNT02_46237,LLA,Movistar R7,INFINITY,
10702-10702_game_2,LPL,Bilibili Gaming,LNG Esports,
10661-10661_game_4,DCup,Top Esports,JD Gaming,
LOLTMNT01_52392,AL,Nigma Galaxy Male,RA'AD,
LOLTMNT02_34052,PCS,Frank Esports,PSG Talon,54122
LOLTMNT01_59065,LCKC,OKSavingsBank BRION Challengers,Hanwha Life Esports Challengers,
LOLTMNT01_52206,LLA,Leviatan,All Knights,
LOLTMNT01_52111,LIT,Macko Esports,Axolotl,
LOLTMNT02_52081,LCK,T1,Nongshim RedForce,
LOLTMNT04_26096,PRM,SK Gaming Prime,Austrian Force willhaben,
LOLTMNT04_26271,LEC,MAD Lions KOI,GiantX,
LOLTMNT02_34042,PCS,PSG Talon,Frank Esports,54123
LOLTMNT01_45062,CBLOL,Vivo Keyd Stars,RED Canids,54632
LOLTMNT02_29335,LVP SL,Ramboot Club,Barça eSports,
LOLTMNT01_45373,NACL,Area of Effect Esports,Team Liquid Challengers,
LOLTMNT01_58199,LCKC,Hanwha Life Esports Challengers,OKSavingsBank BRION Challengers,
LOLTMNT01_44760,LJL,DetonatioN FocusMe,Sengoku Gaming,
LOLTMNT04_24594,UL,Forsaken,devils.one,
LOLTMNT01_51300,AL,Twisted Minds,Nigma Galaxy Male,
10733-10733_game_1,LDL,Royal Club,ThunderTalk Gaming Young,
LOLTMNT01_45259,LCS,Immortals,100 Thieves,
LOLTMNT01_56738,LVP SL,Case Esports,Movistar KOI,55221
LOLTMNT01_51484,HM,BRUTE,Team UNiTY,
LOLTMNT05_20726,PRM,E WIE EINFACH E-SPORTS,NNO Prime,
LOLTMNT01_46273,LCS,NRG,Shopify Rebellion,
LOLTMNT02_51831,CBLOLA,LOUD Academy,paiN Gaming Academy,
LOLTMNT04_19084,UL,GRP Esports,Forsaken,
10797-10797_game_1,LDL,Ji Jie Hao (集结号),FunPlus Phoenix Blaze,
LOLTMNT02_33595,LJL,AXIZ CREST,Burning Core Toyama,
10665-10665_game_1,LPL,Bilibili Gaming,Top Esports,
LOLTMNT05_19082,LPLOL,SAW,Hurricane of Feathers,
LOLTMNT02_34286,CBLOL,LOUD,Liberty,
LOLTMNT01_47254,LCKC,Dplus KIA Challengers,OKSavingsBank BRION Challengers,
LOLTMNT02_43271,NACL,Supernova,Team Liquid Challengers,
LOLTMNT04_26626,EBL,Diamant Esports,Crvena zvezda Esports,
10668-10668_game_1,LPL,Anyone's Legend,FunPlus Phoenix,
LOLTMNT01_41504,LLA,Estral Esports,All Knights,
LOLTMNT01_43735,LJL,AXIZ CREST,Fukuoka SoftBank HAWKS gaming,
LOLTMNT01_59105,LCK,Nongshim RedForce,KT Rolster,
10710-10710_game_1,LDL,Joy Dream,Team WE Academy,
LOLTMNT02_51147,CBLOLA,Vivo Keyd Stars Academy,Liberty Academy,
LOLTMNT01_58492,LJL,V3 Esports,DetonatioN FocusMe,
LOLTMNT02_53357,LLA,All Knights,Movistar R7,
LOLTMNT04_25852,UL,Orbit Anonymo Esports,Iron Wolves,
LOLTMNT05_12149,PRM,Berlin International Gaming,FC Schalke 04 Esports,
10697-10697_game_3,LPL,JD Gaming,LNG Esports,
LOLTMNT04_27622,LFL,Gentle Mates,Solary,
LOLTMNT01_52096,AL,Fox Gaming,GnG Amazigh,
LOLTMNT04_26041,NLC,Lundqvist Lightside,NORD Esports,
LOLTMNT01_54252,CBLOL,Fluxo,INTZ,55052
LOLTMNT05_17294,EBL,Ankora Gaming,SPIKE Syndicate,
LOLTMNT02_23024,PRM,Unicorns of Love Sexy Edition,Berlin International Gaming,
LOLTMNT02_47366,LLA,Estral Esports,Leviatan,
LOLTMNT01_45524,PCS,J Team,Deep Cross Gaming,
LOLTMNT01_45628,LJL,AXIZ CREST,V3 Esports,
LOLTMNT01_56424,LCO,Antic Esports,ION Global Esports,
LOLTMNT01_58775,VCS,Team Flash,Team Secret,
LOLTMNT02_21273,LCK,T1,Gen.G,
10690-10690_game_2,LPL,Ninjas in Pyjamas,Team WE,
LOLTMNT01_44425,LCS,Team Liquid,NRG,
LOLTMNT02_42276,LCK,Gen.G,FearX,
LOLTMNT01_43953,CBLOL,LOUD,Fluxo,54630
LOLTMNT02_24254,PCS,Beyond Gaming,CTBC Flying Oyster,
LOLTMNT02_31225,LLA,Six Karma,All Knights,55194
LOLTMNT02_45293,NACL,LiT Esports,Wildcard Gaming,
LOLTMNT05_14831,LEC,GiantX,MAD Lions KOI,
LOLTMNT05_17245,TCL,Papara SuperMassive,Beşiktaş Esports,
LOLTMNT05_19073,EBL,SPIKE Syndicate,BeFive,
LOLTMNT02_33489,LJL,DetonatioN FocusMe,V3 Esports,
LOLTMNT01_56440,LCK,Gen.G,KT Rolster,
LOLTMNT01_46312,NACL,Cincinnati Fear,FlyQuest Challengers,
LOLTMNT04_27551,TCL,FUT Esports,Beşiktaş Esports,
10719-10719_game_1,LDL,Ji Jie Hao (集结号),LNG Academy,
LOLTMNT03_30778,LCO,ION Global Esports,FURY Global,
LOLTMNT02_45820,LCS,FlyQuest,Immortals,55008
LOLTMNT04_19139,LFL,Solary,Gentle Mates,
LOLTMNT02_34050,LCK,Nongshim RedForce,Kwangdong Freecs,
LOLTMNT05_13512,LFL,Gentle Mates,BK ROG Esports,
LOLTMNT05_16190,PRM,NNO Prime,Berlin International Gaming,
10682-10682_game_1,LPL,FunPlus Phoenix,Team WE,
10701-10701_game_3,LPL,EDward Gaming,FunPlus Phoenix,
LOLTMNT04_26283,LEC,MAD Lions KOI,GiantX,
10758-10758_game_2,LPL,Rare Atom,ThunderTalk Gaming,
LOLTMNT04_27615,PRM,Berlin International Gaming,FC Schalke 04 Esports,
LOLTMNT05_13383,NLC,Lionscreed,DMG Esports,
LOLTMNT04_28041,LEC,MAD Lions KOI,Team BDS,
LOLTMNT02_42257,LCK,Nongshim RedForce,Hanwha Life Esports,
10755-10755_game_1,LDL,Bilibili Gaming Junior,LNG Academy,
LOLTMNT02_50954,CBLOLA,Los Grandes Academy,Tropa XV,
LOLTMNT02_28458,LCO,Antic Esports,Ground Zero Gaming,
LOLTMNT02_51967,LCO,FURY Global,Dire Wolves,
LOLTMNT01_50110,ESLOL,mCon esports,A One Man Army,
LOLTMNT02_25218,LJL,AXIZ CREST,V3 Esports,
LOLTMNT05_14437,UL,Team ESCA Gaming,Zero Tenacity,
LOLTMNT05_19034,EBL,Cyber Wolves,Diamant Esports,
LOLTMNT02_37356,ESLOL,Once Upon A Team,SNOOZE Esports,
LOLTMNT04_18219,LFL,Team du Sud,GameWard,
LOLTMNT02_35002,LCO,MAMMOTH,FURY Global,
LOLTMNT02_43687,NACL,Mirage Alliance,Area of Effect Esports,
LOLTMNT02_30454,LVP SL,GIANTX Pride,Guasones,
LOLTMNT04_27554,PRM,E WIE EINFACH E-SPORTS,Austrian Force willhaben,
LOLTMNT02_47308,LLA,Six Karma,Movistar R7,55197
LOLTMNT02_29074,LCK,Hanwha Life Esports,FearX,
LOLTMNT02_38839,LCK,Nongshim RedForce,FearX,
LOLTMNT02_33033,LCK,Kwangdong Freecs,Nongshim RedForce,
LOLTMNT05_16105,PRM,Eintracht Spandau,FC Schalke 04 Esports,
LOLTMNT04_25816,PRM,MOUZ NXT,NNO Prime,
LOLTMNT02_45278,NACL,LiT Esports,Wildcard Gaming,
LOLTMNT01_46493,PCS,CTBC Flying Oyster,HELL PIGS,
LOLTMNT05_18075,LPLOL,Odivelas Sports Club,GTZ Esports,
LOLTMNT02_51217,CBLOLA,KaBuM! Academy,FURIA Academy,
LOLTMNT04_27494,PRM,SK Gaming Prime,MOUZ NXT,
LOLTMNT01_58096,ESLOL,mCon esports,Dynasty,
LOLTMNT04_26706,LEC,Team BDS,MAD Lions KOI,
LOLTMNT05_16138,PRM,E WIE EINFACH E-SPORTS,Unicorns of Love Sexy Edition,
LOLTMNT02_22739,LCK,KT Rolster,FearX,
LOLTMNT01_34691,LLA,Estral Esports,Leviatan,
10723-10723_game_1,LDL,Ji Jie Hao (集结号),Weibo Gaming Youth Team,
LOLTMNT01_31665,LFL,BK ROG Esports,Team GO,
LOLTMNT01_44034,PCS,HELL PIGS,Deep Cross Gaming,
LOLTMNT02_25183,LJL,DetonatioN FocusMe,Fukuoka SoftBank HAWKS gaming,
LOLTMNT01_44662,LJL,V3 Esports,Burning Core Toyama,
LOLTMNT02_32346,LCK,KT Rolster,T1,
LOLTMNT01_58336,PCS,CTBC Flying Oyster,PSG Talon,
LOLTMNT04_25269,LEC,Team BDS,Team Heretics,
10797-10797_game_2,LDL,Ji Jie Hao (集结号),FunPlus Phoenix Blaze,
LOLTMNT03_35036,LIT,EKO Academy,DREN Esports,
LOLTMNT01_59546,LCK,FearX,T1,
LOLTMNT04_27621,EBL,SPIKE Syndicate,Lupus Esports,
LOLTMNT02_26237,LJL,V3 Esports,AXIZ CREST,
LOLTMNT01_51784,LJL,Burning Core Toyama,DetonatioN FocusMe,
10724-10724_game_3,LDL,ThunderTalk Gaming Young,Team WE Academy,
LOLTMNT01_51691,AL,GnG Amazigh,Twisted Minds,
10748-10748_game_1,LDL,LNG Academy,LGD Gaming Young Team,
LOLTMNT04_24856,LFL,Team BDS Academy,Karmine Corp Blue,
LOLTMNT02_22225,LCK,Gen.G,T1,
LOLTMNT05_13733,LEC,SK Gaming,Team Vitality,
LOLTMNT02_49826,LCO,Team Bliss,FURY Global,
LOLTMNT02_43652,LCS,Team Liquid,Shopify Rebellion,
LOLTMNT03_31018,LCO,Ground Zero Gaming,Kanga Esports,
LOLTMNT01_32292,UL,GRP Esports,Team ESCA Gaming,
LOLTMNT05_20749,NLC,Nativz,Lundqvist Lightside,
LOLTMNT02_38017,LCKC,Nongshim Esports Academy,Dplus KIA Challengers,
LOLTMNT01_48663,LCKC,KT Rolster Challengers,DRX Challengers,
LOLTMNT02_32285,LCKC,DRX Challengers,Dplus KIA Challengers,
LOLTMNT05_21838,PRM,SK Gaming Prime,Eintracht Spandau,
LOLTMNT01_58248,LCK,Nongshim RedForce,KT Rolster,
LOLTMNT02_34214,CBLOL,Fluxo,KaBuM! Esports,54159
LOLTMNT01_56859,LCKC,Dplus KIA Challengers,FearX Youth,
LOLTMNT02_33736,CBLOL,FURIA,LOUD,
LOLTMNT01_42253,LLA,Isurus,Estral Esports,
10736-10736_game_1,LDL,LNG Academy,Royal Club,
LOLTMNT04_27012,PRM,E WIE EINFACH E-SPORTS,Berlin International Gaming,
10754-10754_game_1,LDL,Anyone's Legend.Young,Top Esports Challenger,
LOLTMNT04_27092,LPLOL,White Dragons,Hurricane of Feathers,
LOLTMNT05_20737,LFL,Aegis,Solary,
LOLTMNT02_49729,NACL,Cincinnati Fear,Team Liquid Challengers,
LOLTMNT01_41731,PCS,PSG Talon,West Point Esports,
LOLTMNT02_22633,LCKC,Gen.G Global Academy,DRX Challengers,
LOLTMNT02_48317,NACL,LiT Esports,Area of Effect Esports,
LOLTMNT01_56111,GLL,Wild Panthers Esports,Team Refuse,
10669-10669_game_1,LPL,Ninjas in Pyjamas,LGD Gaming,
LOLTMNT01_44118,PCS,J Team,CTBC Flying Oyster,
LOLTMNT04_27072,EBL,Crvena zvezda Esports,Partizan Esports,
LOLTMNT01_35812,LLA,Leviatan,Six Karma,55487
LOLTMNT02_33438,LCK,DRX,OKSavingsBank BRION,
LOLTMNT01_50182,LLA,Estral Esports,Six Karma,54839
LOLTMNT02_34046,LJL,Sengoku Gaming,V3 Esports,
LOLTMNT02_51511,HM,Europe Saviors Club,Dynamo Eclot,
LOLTMNT02_21656,LCKC,DRX Challengers,Gen.G Global Academy,
LOLTMNT03_32323,LLA,Isurus,Leviatan,
10757-10757_game_1,LPL,Anyone's Legend,Oh My God,
LOLTMNT02_51845,LLA,Six Karma,Leviatan,55488
LOLTMNT04_20039,UL,Iron Wolves,Team ESCA Gaming,
LOLTMNT03_32335,LLA,Six Karma,Movistar R7,55198
10673-10673_game_1,LPL,Anyone's Legend,Team WE,
LOLTMNT02_42189,LCK,KT Rolster,DRX,
LOLTMNT02_33106,PCS,HELL PIGS,J Team,
LOLTMNT01_44450,LCS,Shopify Rebellion,Dignitas,54683
LOLTMNT01_52031,ESLOL,mCon esports,SNOOZE Esports,
LOLTMNT01_52497,LIT,EKO Academy,aNc Outplayed,
LOLTMNT02_42068,LCK,Dplus KIA,Hanwha Life Esports,
LOLTMNT01_47752,LCO,ION Global Esports,Team Bliss,
LOLTMNT04_27188,LPLOL,BWE Esports,EGN Esports,
LOLTMNT04_27524,PRM,Eintracht Spandau,NNO Prime,
LOLTMNT05_17241,PRM,SK Gaming Prime,FC Schalke 04 Esports,
LOLTMNT02_24096,LCKC,T1 Esports Academy,Dplus KIA Challengers,
LOLTMNT02_51300,LCO,Ground Zero Gaming,Dire Wolves,
LOLTMNT01_32688,LFL,Solary,Aegis,
10694-10694_game_3,LPL,Invictus Gaming,ThunderTalk Gaming,
LOLTMNT02_29510,GLL,Team Phantasma,WLGaming Esports,
LOLTMNT02_37820,LCKC,Kwangdong Freecs Challengers,Dplus KIA Challengers,
LOLTMNT01_36899,LCS,Dignitas,100 Thieves,54155
LOLTMNT05_16063,UL,devils.one,Zero Tenacity,
LOLTMNT01_59634,LJL,DetonatioN FocusMe,Sengoku Gaming,
LOLTMNT05_14246,LEC,GiantX,SK Gaming,
LOLTMNT01_58556,VCS,Rainbow Warriors,GAM Esports,
LOLTMNT05_17289,NLC,Lionscreed,Venomcrest Esports,
LOLTMNT04_24982,LFL,Aegis,GameWard,
LOLTMNT01_34263,LCS,Dignitas,Immortals,53712
LOLTMNT02_39008,ESLOL,A One Man Army,SNOOZE Esports,
LOLTMNT04_20115,LFL,Karmine Corp Blue,Vitality.Bee,
LOLTMNT05_18012,TCL,Dark Passage,BoostGate Esports,
LOLTMNT01_48925,HM,Team UNiTY,eSuba,
LOLTMNT01_58070,AL,GnG Amazigh,One More Esports,
LOLTMNT01_34283,NACL,Team Liquid Challengers,Wildcard Gaming,
LOLTMNT04_19119,LFL,Aegis,Team GO,
LOLTMNT01_41674,VCS,Vikings Esports,Team Whales,
LOLTMNT04_25824,LFL,Gentle Mates,Aegis,
LOLTMNT02_37663,LVP SL,ZETA,GIANTX Pride,
LOLTMNT05_21689,UL,devils.one,Iron Wolves,
LOLTMNT05_20734,NLC,Ruddy Esports,Lionscreed,
LOLTMNT01_48035,NACL,Disguised,Wildcard Gaming,
LOLTMNT05_13119,LEC,G2 Esports,MAD Lions KOI,53869
LOLTMNT02_32289,LCKC,OKSavingsBank BRION Challengers,Nongshim Esports Academy,
LOLTMNT04_24556,UL,Back2TheGame,Team ESCA Gaming,
LOLTMNT04_24249,LEC,G2 Esports,GiantX,54697
LOLTMNT05_13361,UL,GRP Esports,Back2TheGame,
10695-10695_game_2,LPL,Bilibili Gaming,EDward Gaming,
LOLTMNT02_31584,HM,Entropiq,GLORE,
LOLTMNT02_29804,LCK,OKSavingsBank BRION,Gen.G,
10739-10739_game_3,LDL,MAX,LGD Gaming Young Team,
LOLTMNT01_34400,LCS,Team Liquid,Shopify Rebellion,
LOLTMNT03_31598,LLA,Estral Esports,INFINITY,
LOLTMNT02_35519,LCKC,Nongshim Esports Academy,Dplus KIA Challengers,
LOLTMNT02_45836,NACL,Cincinnati Fear,LiT Esports,
LOLTMNT01_34408,LCS,100 Thieves,Cloud9,
LOLTMNT02_26125,PCS,Frank Esports,J Team,53997
LOLTMNT05_14237,LEC,G2 Esports,Team Heretics,53874
LOLTMNT03_32104,LLA,Isurus,INFINITY,
10729-10729_game_1,LDL,Top Esports Challenger,Rare Atom Period,
LOLTMNT01_45855,CBLOL,INTZ,LOUD,
10707-10707_game_1,LDL,EDG Youth Team,Rare Atom Period,
10684-10684_game_2,LPL,Ultra Prime,Royal Never Give Up,
LOLTMNT02_25093,LCK,Nongshim RedForce,Gen.G,
LOLTMNT01_49203,ESLOL,SNOOZE Esports,Dynasty,
LOLTMNT01_52195,LLA,All Knights,Leviatan,
10737-10737_game_1,LDL,LGD Gaming Young Team,Bilibili Gaming Junior,
10671-10671_game_1,LPL,Weibo Gaming,Rare Atom,
LOLTMNT05_16266,TCL,BoostGate Esports,FUT Esports,
10692-10692_game_2,LPL,LGD Gaming,Anyone's Legend,
LOLTMNT01_44398,LCS,Cloud9,Immortals,
LOLTMNT06_12701,LEC,Rogue,SK Gaming,
LOLTMNT02_37167,HM,GLORE,Europe Saviors Club,
LOLTMNT02_36020,LCKC,T1 Esports Academy,DRX Challengers,
10689-10689_game_1,LPL,LNG Esports,Weibo Gaming,
10732-10732_game_1,LDL,EDG Youth Team,Bilibili Gaming Junior,
LOLTMNT01_58334,LCK,FearX,Kwangdong Freecs,
LOLTMNT05_14882,LEC,Team BDS,Karmine Corp,
10763-10763_game_1,LPL,Ultra Prime,Weibo Gaming,
LOLTMNT05_13378,UL,Orbit Anonymo Esports,Forsaken,
10757-10757_game_3,LPL,Anyone's Legend,Oh My God,
10738-10738_game_2,LDL,LNG Academy,Invictus Gaming Young,
LOLTMNT01_43666,PCS,Frank Esports,West Point Esports,54525
LOLTMNT01_44746,VCS,GAM Esports,Vikings Esports,
LOLTMNT04_28065,LEC,MAD Lions KOI,G2 Esports,55604
LOLTMNT05_16289,EBL,BeFive,Partizan Esports,
LOLTMNT02_49102,CBLOL,Los Grandes,KaBuM! Esports,
LOLTMNT01_55683,LCK,DRX,Kwangdong Freecs,
LOLTMNT03_34244,VCS,GAM Esports,Team Whales,
10727-10727_game_1,LDL,Bilibili Gaming Junior,Top Esports Challenger,
LOLTMNT01_34810,LLA,INFINITY,All Knights,
10679-10679_game_1,LPL,ThunderTalk Gaming,Weibo Gaming,
LOLTMNT01_50130,LLA,All Knights,Isurus,
10735-10735_game_1,LDL,Top Esports Challenger,Anyone's Legend.Young,
10680-10680_game_1,LPL,Rare Atom,JD Gaming,
10732-10732_game_3,LDL,Bilibili Gaming Junior,EDG Youth Team,
10674-10674_game_1,LPL,Oh My God,FunPlus Phoenix,
LOLTMNT02_23222,PCS,Beyond Gaming,CTBC Flying Oyster,
LOLTMNT02_28675,HM,GLORE,Team UNiTY,
LOLTMNT01_56217,GLL,Team Mythic,WLGaming Esports,
LOLTMNT02_51327,LCO,Dire Wolves,Ground Zero Gaming,
LOLTMNT05_19055,LPLOL,EGN Esports,Keypulse Esports,
LOLTMNT03_31602,LLA,Estral Esports,INFINITY,
LOLTMNT02_51830,LLA,Isurus,Movistar R7,
LOLTMNT01_52089,LIT,DREN Esports,Dsyre Esports,
LOLTMNT01_42974,LLA,All Knights,Movistar R7,
LOLTMNT01_56898,LCK,Dplus KIA,T1,
LOLTMNT04_25812,UL,Team ESCA Gaming,devils.one,
LOLTMNT01_55642,LCK,KT Rolster,Gen.G,
10702-10702_game_1,LPL,LNG Esports,Bilibili Gaming,
LOLTMNT03_34174,CBLOL,Liberty,INTZ,
LOLTMNT05_13869,LEC,GiantX,Rogue,
LOLTMNT01_43549,NACL,Mirage Alliance,LiT Esports,
LOLTMNT01_48105,LCO,MAMMOTH,Ground Zero Gaming,
LOLTMNT04_24452,LEC,Team Vitality,Team BDS,
LOLTMNT04_27484,TCL,BoostGate Esports,Misa Esports,
LOLTMNT01_56728,GLL,Team Mythic,Team Phantasma,
10663-10663_game_2,DCup,Rare Atom,JD Gaming,
LOLTMNT01_59659,PCS,PSG Talon,Deep Cross Gaming,
LOLTMNT02_50962,CBLOLA,Liberty Academy,KaBuM! Academy,
LOLTMNT05_14916,LEC,Team Vitality,MAD Lions KOI,
LOLTMNT02_42100,HM,BRUTE,Dynamo Eclot,
LOLTMNT01_48838,HM,GLORE,BRUTE,
LOLTMNT01_48031,NACL,Disguised,Wildcard Gaming,
LOLTMNT04_27156,TCL,FUT Esports,Galakticos,
LOLTMNT02_22535,LVP SL,Los Heretics,GIANTX Pride,
LOLTMNT02_33947,LCKC,OKSavingsBank BRION Challengers,Kwangdong Freecs Challengers,
LOLTMNT02_46547,LLA,Leviatan,Estral Esports,
LOLTMNT01_49077,ESLOL,Myth Esports,Once Upon A Team,
LOLTMNT01_58142,LIT,DREN Esports,Axolotl,
LOLTMNT04_27638,LFL,Aegis,Team GO,
10664-10664_game_3,DCup,JD Gaming,Bilibili Gaming,
LOLTMNT05_14523,NLC,Nativz,Lundqvist Lightside,
LOLTMNT01_50681,NLC,Venomcrest Esports,NORD Esports,
LOLTMNT01_46367,NACL,Team Liquid Challengers,Area of Effect Esports,
LOLTMNT04_26385,LEC,SK Gaming,Fnatic,
10762-10762_game_2,LPL,Bilibili Gaming,Invictus Gaming,
10751-10751_game_1,LDL,Royal Club,Anyone's Legend.Young,
LOLTMNT04_25883,UL,Zero Tenacity,Back2TheGame,
LOLTMNT02_52392,GLL,Gamespace Mediterranean College Esports,Wild Panthers Esports,
LOLTMNT01_42560,LLA,Leviatan,Movistar R7,
10679-10679_game_2,LPL,Weibo Gaming,ThunderTalk Gaming,
LOLTMNT01_32644,LFL,GameWard,Vitality.Bee,
LOLTMNT05_20740,UL,Team ESCA Gaming,Orbit Anonymo Esports,
LOLTMNT01_46226,LCS,FlyQuest,Cloud9,54686
LOLTMNT02_48215,CBLOL,INTZ,paiN Gaming,
LOLTMNT01_48116,LCO,Ground Zero Gaming,MAMMOTH,
LOLTMNT01_56732,LVP SL,Los Heretics,Rebels Gaming,
LOLTMNT05_16300,PRM,NNO Prime,Austrian Force willhaben,
LOLTMNT01_49815,LLA,Isurus,Six Karma,54434
10663-10663_game_1,DCup,Rare Atom,JD Gaming,
LOLTMNT02_37244,GLL,Anorthosis Famagusta Esports,Team Mythic,
LOLTMNT05_21861,PRM,Berlin International Gaming,Unicorns of Love Sexy Edition,
LOLTMNT01_56047,HM,Team UNiTY,Dynamo Eclot,
LOLTMNT05_13780,LEC,Team Heretics,Team Vitality,
10721-10721_game_3,LDL,FunPlus Phoenix Blaze,Joy Dream,
LOLTMNT02_41262,LCK,Nongshim RedForce,Hanwha Life Esports,
LOLTMNT02_51348,LCO,MAMMOTH,ION Global Esports,
LOLTMNT04_26596,TCL,BoostGate Esports,Galakticos,
LOLTMNT02_31018,LVP SL,Guasones,Case Esports,
LOLTMNT03_34235,VCS,Team Whales,GAM Esports,
LOLTMNT01_59617,LJL,AXIZ CREST,Fukuoka SoftBank HAWKS gaming,
LOLTMNT01_37971,NACL,Supernova,Maryville University,
LOLTMNT01_57039,LCO,Dire Wolves,Antic Esports,
10712-10712_game_1,LDL,Weibo Gaming Youth Team,Royal Club,
LOLTMNT01_59378,LCK,DRX,Dplus KIA,
LOLTMNT05_14458,PRM,Eintracht Frankfurt,NNO Prime,
LOLTMNT02_32259,LCKC,Nongshim Esports Academy,OKSavingsBank BRION Challengers,
LOLTMNT02_30461,PRM,SK Gaming Prime,Unicorns of Love Sexy Edition,
LOLTMNT02_50847,HM,BRUTE,eSuba,
LOLTMNT02_42139,HM,Entropiq,OGC Sigma Esports,
LOLTMNT01_50660,LLA,Isurus,Six Karma,54433
LOLTMNT01_58614,PCS,HELL PIGS,West Point Esports,
LOLTMNT02_26046,LCK,FearX,OKSavingsBank BRION,
LOLTMNT04_24359,LEC,Team Vitality,SK Gaming,
LOLTMNT02_33508,LJL,V3 Esports,DetonatioN FocusMe,
LOLTMNT02_37689,LVP SL,Rebels Gaming,Case Esports,
LOLTMNT01_57060,LCO,Antic Esports,Dire Wolves,
LOLTMNT01_47189,NACL,Mirage Alliance,Supernova,
LOLTMNT05_13649,TCL,BoostGate Esports,Beşiktaş Esports,
LOLTMNT02_45768,LCS,100 Thieves,Cloud9,
LOLTMNT05_13530,NLC,Lionscreed,Ruddy Esports,
LOLTMNT04_26664,LPLOL,Odivelas Sports Club,BWE Esports,
LOLTMNT02_36509,LCO,Team Bliss,Ground Zero Gaming,
LOLTMNT02_28826,ESLOL,Once Upon A Team,Team 7AM,
10697-10697_game_2,LPL,LNG Esports,JD Gaming,
LOLTMNT02_21623,LCKC,Gen.G Global Academy,DRX Challengers,
10690-10690_game_3,LPL,Ninjas in Pyjamas,Team WE,
10661-10661_game_1,DCup,JD Gaming,Top Esports,
10703-10703_game_1,LPL,Invictus Gaming,Royal Never Give Up,
LOLTMNT05_21814,NLC,Verdant,NORD Esports,
LOLTMNT01_59177,LCK,Kwangdong Freecs,FearX,
10760-10760_game_1,LPL,EDward Gaming,Team WE,
LOLTMNT05_16165,PRM,SK Gaming Prime,Eintracht Frankfurt,
LOLTMNT01_54835,LCO,FURY Global,Ground Zero Gaming,
LOLTMNT02_31940,LCK,Gen.G,Dplus KIA,
LOLTMNT05_21749,UL,Team ESCA Gaming,Zero Tenacity,
10683-10683_game_2,LPL,Bilibili Gaming,Anyone's Legend,
LOLTMNT02_23139,LCKC,T1 Esports Academy,Dplus KIA Challengers,
LOLTMNT01_46114,CBLOL,Liberty,KaBuM! Esports,
LOLTMNT02_21295,LCK,T1,Gen.G,
LOLTMNT01_59465,VCS,MGN Blue Esports,Team Whales,
LOLTMNT01_58187,LCKC,Hanwha Life Esports Challengers,OKSavingsBank BRION Challengers,
LOLTMNT01_57282,LVP SL,Guasones,UCAM Esports,
10675-10675_game_2,LPL,Royal Never Give Up,Bilibili Gaming,
10756-10756_game_2,LPL,Ultra Prime,Ninjas in Pyjamas,
LOLTMNT06_12743,LEC,Team Vitality,GiantX,
LOLTMNT02_39059,ESLOL,ZennIT,mCon esports,
LOLTMNT01_58572,VCS,Rainbow Warriors,GAM Esports,
LOLTMNT02_49751,NACL,Supernova,Area of Effect Esports,
LOLTMNT04_28064,LEC,G2 Esports,MAD Lions KOI,55605
LOLTMNT01_37960,NACL,Mirage Alliance,Wildcard Gaming,
10740-10740_game_1,LDL,MiaoJing (妙竞),Anyone's Legend.Young,
LOLTMNT02_31234,LLA,Isurus,Movistar R7,
LOLTMNT01_50988,AL,Geekay Esports,One More Esports,
LOLTMNT01_51255,LVP SL,Los Heretics,Guasones,
LOLTMNT01_56673,LIT,ENEMI3S,Axolotl,
LOLTMNT02_31647,HM,Team UNiTY,OGC Sigma Esports,
LOLTMNT02_34077,PCS,HELL PIGS,J Team,
LOLTMNT01_43689,PCS,Frank Esports,West Point Esports,54524
LOLTMNT01_58736,LJL,Burning Core Toyama,V3 Esports,
LOLTMNT05_16293,LPLOL,BWE Esports,SAW,
LOLTMNT02_31496,LCK,DRX,FearX,
LOLTMNT05_21852,PRM,MOUZ NXT,Eintracht Frankfurt,
LOLTMNT02_35043,LCKC,DRX Challengers,T1 Esports Academy,
LOLTMNT02_29818,PCS,Frank Esports,HELL PIGS,54113
LOLTMNT02_31239,LLA,Movistar R7,Isurus,
LOLTMNT01_57193,PCS,Beyond Gaming,HELL PIGS,
LOLTMNT01_49295,LLA,All Knights,Isurus,
LOLTMNT02_51656,ESLOL,ZennIT,Once Upon A Team,
LOLTMNT03_31162,LLA,INFINITY,Isurus,
LOLTMNT04_27179,TCL,BoostGate Esports,Papara SuperMassive,
LOLTMNT01_58121,LIT,Dsyre Esports,EKO Academy,
LOLTMNT06_13841,LEC,Fnatic,Team Vitality,
LOLTMNT02_30424,GLL,Zerolag Esports,Team Refuse,
LOLTMNT04_26524,UL,Zero Tenacity,Forsaken,
10685-10685_game_2,LPL,LGD Gaming,EDward Gaming,
LOLTMNT06_13896,LEC,Team Vitality,Team BDS,
LOLTMNT02_50961,LLA,Isurus,Movistar R7,
LOLTMNT01_57068,LCK,T1,Dplus KIA,
LOLTMNT05_13494,NLC,Venomcrest Esports,DMG Esports,
LOLTMNT01_47769,LCKC,KT Rolster Challengers,DRX Challengers,
10694-10694_game_2,LPL,ThunderTalk Gaming,Invictus Gaming,
LOLTMNT01_41691,PCS,Beyond Gaming,Frank Esports,54514
LOLTMNT02_24107,LCKC,Dplus KIA Challengers,T1 Esports Academy,
LOLTMNT01_56080,HM,OGC Sigma Esports,GLORE,
LOLTMNT02_26537,LCK,Dplus KIA,KT Rolster,
LOLTMNT02_21947,PRM,Eintracht Spandau,SK Gaming Prime,
LOLTMNT04_26102,LPLOL,Keypulse Esports,SAW,
LOLTMNT01_58536,LJL,DetonatioN FocusMe,V3 Esports,
10717-10717_game_1,LDL,Weibo Gaming Youth Team,Top Esports Challenger,
LOLTMNT02_48979,LCKC,Gen.G Global Academy,Dplus KIA Challengers,
LOLTMNT04_26007,EBL,SPIKE Syndicate,Cyber Wolves,
LOLTMNT02_47065,LLA,All Knights,Six Karma,53961
LOLTMNT02_53280,LVP SL,Los Heretics,Case Esports,
10662-10662_game_2,DCup,Ninjas in Pyjamas,Bilibili Gaming,
10691-10691_game_1,LPL,Ultra Prime,FunPlus Phoenix,
10740-10740_game_3,LDL,MiaoJing (妙竞),Anyone's Legend.Young,
LOLTMNT02_31310,LCKC,Dplus KIA Challengers,DRX Challengers,
10753-10753_game_1,LDL,Royal Club,Bilibili Gaming Junior,
LOLTMNT01_55423,HM,Europe Saviors Club,eSuba,
LOLTMNT04_26048,TCL,FUT Esports,Misa Esports,
LOLTMNT04_25785,NLC,DMG Esports,Nativz,
10661-10661_game_2,DCup,Top Esports,JD Gaming,
LOLTMNT02_48829,CBLOL,KaBuM! Esports,LOUD,
LOLTMNT05_13795,LEC,Rogue,Team BDS,
LOLTMNT04_21108,LFL,BK ROG Esports,Team du Sud,
LOLTMNT04_26638,PRM,NNO Prime,SK Gaming Prime,
LOLTMNT01_59563,LJL,V3 Esports,Burning Core Toyama,
LOLTMNT03_34509,VCS,Rainbow Warriors,Team Whales,
LOLTMNT02_33954,LCKC,Kwangdong Freecs Challengers,OKSavingsBank BRION Challengers,
LOLTMNT05_16127,LFL,Team du Sud,Gentle Mates,
LOLTMNT01_32709,LFL,Team BDS Academy,Gentle Mates,
10665-10665_game_3,LPL,Bilibili Gaming,Top Esports,
LOLTMNT01_45338,NACL,Cincinnati Fear,FlyQuest Challengers,
LOLTMNT02_38295,ESLOL,A One Man Army,Myth Esports,
LOLTMNT04_20057,UL,Orbit Anonymo Esports,Back2TheGame,
LOLTMNT02_51414,LCKC,Hanwha Life Esports Challengers,DRX Challengers,
10762-10762_game_1,LPL,Invictus Gaming,Bilibili Gaming,
10687-10687_game_2,LPL,JD Gaming,Ninjas in Pyjamas,
LOLTMNT05_21711,UL,Forsaken,Orbit Anonymo Esports,
LOLTMNT02_38337,GLL,WLGaming Esports,Wild Panthers Esports,
LOLTMNT03_38004,LIT,Atleta Esport,aNc Outplayed,
LOLTMNT02_49210,NACL,Wildcard Gaming,Maryville University,
LOLTMNT02_31350,LCKC,Nongshim Esports Academy,OKSavingsBank BRION Challengers,
10691-10691_game_2,LPL,FunPlus Phoenix,Ultra Prime,
LOLTMNT02_22165,LCK,DRX,Nongshim RedForce,
10731-10731_game_1,LDL,Anyone's Legend.Young,Oh My God Academy,
LOLTMNT05_16263,NLC,Ruddy Esports,Nativz,
LOLTMNT02_37841,LCK,DRX,T1,
LOLTMNT02_21487,LVP SL,Ramboot Club,Rebels Gaming,
LOLTMNT01_54009,LJL,DetonatioN FocusMe,AXIZ CREST,
LOLTMNT02_38713,LVP SL,Los Heretics,UCAM Esports,
LOLTMNT01_45550,VCS,Rainbow Warriors,Team Flash,
LOLTMNT01_45582,LJL,V3 Esports,AXIZ CREST,
10701-10701_game_1,LPL,EDward Gaming,FunPlus Phoenix,
LOLTMNT05_16051,UL,Back2TheGame,Forsaken,
LOLTMNT02_28035,LCKC,Dplus KIA Challengers,KT Rolster Challengers,
LOLTMNT02_33787,CBLOL,Los Grandes,INTZ,
LOLTMNT02_45306,NACL,Maryville University,Disguised,
LOLTMNT04_28023,LEC,MAD Lions KOI,Fnatic,
LOLTMNT01_35686,LLA,Movistar R7,INFINITY,
LOLTMNT01_44151,VCS,Team Secret,Rainbow Warriors,
LOLTMNT01_36939,LCS,Shopify Rebellion,Cloud9,
LOLTMNT02_28851,ESLOL,A One Man Army,ZennIT,
LOLTMNT04_26635,NLC,Venomcrest Esports,Lundqvist Lightside,
LOLTMNT02_52097,LCK,Nongshim RedForce,T1,
10699-10699_game_2,LPL,LGD Gaming,Team WE,
LOLTMNT02_34878,CBLOL,Fluxo,Vivo Keyd Stars,54168
LOLTMNT04_27185,EBL,Crvena zvezda Esports,BeFive,
LOLTMNT04_27519,UL,Orbit Anonymo Esports,Back2TheGame,
LOLTMNT02_27884,GLL,WLGaming Esports,Anorthosis Famagusta Esports,
10739-10739_game_1,LDL,MAX,LGD Gaming Young Team,
LOLTMNT02_31525,PCS,Beyond Gaming,Deep Cross Gaming,
LOLTMNT05_14577,PRM,E WIE EINFACH E-SPORTS,SK Gaming Prime,
LOLTMNT05_14253,LEC,Karmine Corp,Team Vitality,
10704-10704_game_2,LPL,Top Esports,Weibo Gaming,
LOLTMNT01_59570,LCK,Nongshim RedForce,OKSavingsBank BRION,
LOLTMNT02_48298,NACL,Area of Effect Esports,LiT Esports,
LOLTMNT05_16273,EBL,Lupus Esports,Diamant Esports,
LOLTMNT01_36649,LCS,Immortals,Shopify Rebellion,
LOLTMNT05_18071,EBL,Lupus Esports,Partizan Esports,
LOLTMNT04_28040,LEC,Team BDS,MAD Lions KOI,
LOLTMNT05_16158,LFL,Aegis,Karmine Corp Blue,
LOLTMNT02_37886,LCK,FearX,Nongshim RedForce,
LOLTMNT01_37539,LCS,Cloud9,Dignitas,54151
LOLTMNT04_27083,LPLOL,EGN Esports,Odivelas Sports Club,
LOLTMNT01_51583,HM,Europe Saviors Club,OGC Sigma Esports,
LOLTMNT02_31982,LCK,Dplus KIA,Gen.G,
LOLTMNT04_27204,EBL,Cyber Wolves,Lupus Esports,
LOLTMNT05_14680,LPLOL,Keypulse Esports,GTZ Esports,
LOLTMNT01_59621,LJL,Fukuoka SoftBank HAWKS gaming,AXIZ CREST,
LOLTMNT05_13669,TCL,Galakticos,Papara SuperMassive,
LOLTMNT02_37288,GLL,Team Phantasma,Team Refuse,
LOLTMNT01_41935,LLA,All Knights,Movistar R7,
LOLTMNT01_59130,LCK,Kwangdong Freecs,FearX,
LOLTMNT01_50994,LVP SL,Case Esports,ZETA,
LOLTMNT02_39057,LVP SL,Case Esports,Ramboot Club,
LOLTMNT04_27629,NLC,NORD Esports,Nativz,
LOLTMNT01_55878,LVP SL,ZETA,Barça eSports,
10725-10725_game_1,LDL,LGD Gaming Young Team,Oh My God Academy,
LOLTMNT03_33353,CBLOL,FURIA,Liberty,
LOLTMNT05_17277,LFL,Team GO,Karmine Corp Blue,
LOLTMNT01_37598,LCS,FlyQuest,Team Liquid,54153
LOLTMNT01_36981,LCS,Team Liquid,Immortals,
LOLTMNT05_14310,LEC,Team Heretics,Karmine Corp,
LOLTMNT06_12963,LEC,SK Gaming,Fnatic,
LOLTMNT01_43766,PCS,Beyond Gaming,PSG Talon,
10677-10677_game_1,LPL,Ultra Prime,LGD Gaming,
LOLTMNT02_43686,NACL,Area of Effect Esports,Mirage Alliance,
LOLTMNT01_45446,LJL,Burning Core Toyama,Sengoku Gaming,
LOLTMNT01_41202,LLA,Six Karma,INFINITY,55490
LOLTMNT01_37645,NACL,Team Liquid Challengers,FlyQuest Challengers,
LOLTMNT01_55445,ESLOL,mCon esports,Once Upon A Team,
LOLTMNT02_51060,HM,OGC Sigma Esports,eSuba,
LOLTMNT01_44990,CBLOL,paiN Gaming,Los Grandes,
10696-10696_game_1,LPL,Oh My God,Ninjas in Pyjamas,
LOLTMNT05_12117,PRM,Eintracht Frankfurt,Austrian Force willhaben,
LOLTMNT01_35704,LLA,Estral Esports,Leviatan,
LOLTMNT02_19742,LCKC,Hanwha Life Esports Challengers,Dplus KIA Challengers,
LOLTMNT04_18202,LFL,Vitality.Bee,Team BDS Academy,
LOLTMNT02_37839,LCK,T1,DRX,
LOLTMNT03_31152,LLA,Movistar R7,Estral Esports,
LOLTMNT04_24954,LFL,Team BDS Academy,Team GO,
LOLTMNT01_53577,LCO,Antic Esports,Team Bliss,
10761-10761_game_1,LPL,FunPlus Phoenix,LNG Esports,
LOLTMNT04_27389,LEC,SK Gaming,Fnatic,
LOLTMNT03_34116,CBLOL,LOUD,KaBuM! Esports,
LOLTMNT01_49385,LCO,ION Global Esports,Ground Zero Gaming,
LOLTMNT02_48363,NACL,Disguised,Cincinnati Fear,
10697-10697_game_1,LPL,JD Gaming,LNG Esports,
LOLTMNT01_55830,GLL,Zerolag Esports,WLGaming Esports,
LOLTMNT01_52765,CBLOL,LOUD,RED Canids,55046
LOLTMNT03_35041,LIT,Dsyre Esports,aNc Outplayed,
LOLTMNT03_32083,LLA,Movistar R7,Estral Esports,
LOLTMNT02_32307,LCKC,Dplus KIA Challengers,DRX Challengers,
LOLTMNT04_27044,EBL,Ankora Gaming,Diamant Esports,
LOLTMNT01_47176,NACL,Supernova,Mirage Alliance,
LOLTMNT02_30776,LCK,OKSavingsBank BRION,Gen.G,
LOLTMNT02_39068,LVP SL,Movistar KOI,GIANTX Pride,54451
10795-10795_game_2,LDL,Rare Atom Period,Ultra Prime Academy,
LOLTMNT02_50927,CBLOLA,FURIA Academy,Fluxo Academy,
10683-10683_game_1,LPL,Bilibili Gaming,Anyone's Legend,
LOLTMNT02_53250,CBLOLA,Fluxo Academy,Liberty Academy,
LOLTMNT02_32480,PCS,Beyond Gaming,Deep Cross Gaming,
LOLTMNT05_21848,LFL,Team GO,BK ROG Esports,
10735-10735_game_2,LDL,Anyone's Legend.Young,Top Esports Challenger,
LOLTMNT02_19707,LCKC,Hanwha Life Esports Challengers,Dplus KIA Challengers,
LOLTMNT01_41246,LLA,Estral Esports,Isurus,
LOLTMNT02_49563,CBLOL,FURIA,Fluxo,55304
LOLTMNT03_33564,VCS,Team Secret,CERBERUS Esports,
10724-10724_game_1,LDL,ThunderTalk Gaming Young,Team WE Academy,
LOLTMNT04_26167,LPLOL,SAW,White Dragons,
LOLTMNT01_47069,LCS,Team Liquid,Cloud9,
LOLTMNT03_34594,VCS,MGN Blue Esports,GAM Esports,
LOLTMNT01_46474,PCS,CTBC Flying Oyster,HELL PIGS,
LOLTMNT02_27839,HM,OGC Sigma Esports,eSuba,
LOLTMNT01_52171,LLA,INFINITY,Isurus,
10660-10660_game_3,DCup,LNG Esports,Rare Atom,
LOLTMNT04_28019,LEC,MAD Lions KOI,Fnatic,
LOLTMNT05_14558,TCL,Galakticos,BoostGate Esports,
10693-10693_game_1,LPL,Top Esports,Rare Atom,
10699-10699_game_1,LPL,Team WE,LGD Gaming,
LOLTMNT04_21116,LFL,Solary,Team GO,
LOLTMNT05_13165,LEC,MAD Lions KOI,Team BDS,
LOLTMNT02_38424,LCK,Kwangdong Freecs,Dplus KIA,
LOLTMNT01_46811,CBLOL,KaBuM! Esports,paiN Gaming,
LOLTMNT02_33526,LCK,Hanwha Life Esports,T1,
LOLTMNT02_22425,LVP SL,Barça eSports,Case Esports,
LOLTMNT02_28870,ESLOL,SNOOZE Esports,Myth Esports,
LOLTMNT02_31433,LCK,KT Rolster,T1,
LOLTMNT04_26012,TCL,Dark Passage,Papara SuperMassive,
10758-10758_game_3,LPL,ThunderTalk Gaming,Rare Atom,
LOLTMNT04_25889,LFL,Team du Sud,Solary,
LOLTMNT02_32510,LCK,DRX,FearX,
10724-10724_game_2,LDL,Team WE Academy,ThunderTalk Gaming Young,
LOLTMNT05_17244,NLC,Lundqvist Lightside,Verdant,
10746-10746_game_1,LDL,Anyone's Legend.Young,LNG Academy,
LOLTMNT03_34283,CBLOL,KaBuM! Esports,Vivo Keyd Stars,
10690-10690_game_1,LPL,Ninjas in Pyjamas,Team WE,
LOLTMNT01_59435,LJL,Fukuoka SoftBank HAWKS gaming,Sengoku Gaming,
LOLTMNT02_25488,LCK,Dplus KIA,KT Rolster,
LOLTMNT01_51507,HM,Entropiq,eSuba,
LOLTMNT01_48126,LCKC,OKSavingsBank BRION Challengers,Dplus KIA Challengers,
LOLTMNT02_50756,GLL,Team Phantasma,Wild Panthers Esports,
10698-10698_game_1,LPL,Royal Never Give Up,Weibo Gaming,
LOLTMNT02_32386,PCS,CTBC Flying Oyster,West Point Esports,
LOLTMNT02_41281,LCK,FearX,Gen.G,
LOLTMNT02_34441,LCK,OKSavingsBank BRION,DRX,
LOLTMNT04_26533,PRM,Berlin International Gaming,Eintracht Frankfurt,
LOLTMNT02_26127,LJL,Sengoku Gaming,Burning Core Toyama,
10701-10701_game_2,LPL,FunPlus Phoenix,EDward Gaming,
LOLTMNT04_28061,LEC,G2 Esports,MAD Lions KOI,55606
LOLTMNT02_28784,HM,Dynamo Eclot,Entropiq,
LOLTMNT02_52295,LVP SL,Ramboot Club,ZETA,
LOLTMNT06_12924,LEC,Team Heretics,GiantX,
LOLTMNT01_47781,LCO,Antic Esports,FURY Global,
LOLTMNT02_52445,CBLOLA,FURIA Academy,Tropa XV,
LOLTMNT02_37188,GLL,Gamespace Mediterranean College Esports,Zerolag Esports,
LOLTMNT02_48145,CBLOL,Liberty,Fluxo,55299
LOLTMNT01_42231,LLA,INFINITY,Six Karma,55491
LOLTMNT02_42207,LCK,T1,OKSavingsBank BRION,
LOLTMNT02_21688,LCK,OKSavingsBank BRION,Dplus KIA,
LOLTMNT02_43453,LCS,Immortals,Dignitas,55006
LOLTMNT02_34130,LJL,DetonatioN FocusMe,AXIZ CREST,
LOLTMNT01_59445,VCS,Team Whales,MGN Blue Esports,
LOLTMNT05_14635,TCL,FUT Esports,Dark Passage,
LOLTMNT05_21817,LFL,Team BDS Academy,Gentle Mates,
LOLTMNT02_39015,LVP SL,Guasones,Rebels Gaming,
LOLTMNT06_12874,LEC,Rogue,Team Heretics,
LOLTMNT01_49879,LLA,Estral Esports,Movistar R7,
LOLTMNT02_34853,CBLOL,KaBuM! Esports,RED Canids,54167
LOLTMNT01_51350,LLA,Isurus,INFINITY,
LOLTMNT01_58693,LCK,FearX,T1,
LOLTMNT05_17194,LFL,Team GO,GameWard,
10796-10796_game_3,LDL,LNG Academy,Team WE Academy,
LOLTMNT01_41682,VCS,Team Whales,Vikings Esports,
LOLTMNT02_49832,LCO,Team Bliss,FURY Global,
LOLTMNT01_31354,UL,Orbit Anonymo Esports,Zero Tenacity,
10736-10736_game_2,LDL,LNG Academy,Royal Club,
LOLTMNT01_58277,PCS,Deep Cross Gaming,Frank Esports,54943
LOLTMNT02_49982,HM,Dynamo Eclot,Entropiq,
LOLTMNT04_24783,UL,GRP Esports,Forsaken,
LOLTMNT01_36661,NACL,FlyQuest Challengers,Team Liquid Challengers,
LOLTMNT01_57141,LCK,OKSavingsBank BRION,Hanwha Life Esports,
LOLTMNT05_21803,UL,Forsaken,Back2TheGame,
LOLTMNT01_52436,AL,One More Esports,Fox Gaming,
LOLTMNT05_17114,LFL,Vitality.Bee,BK ROG Esports,
LOLTMNT02_47055,LLA,Movistar R7,INFINITY,
LOLTMNT02_49217,NACL,Wildcard Gaming,Maryville University,
LOLTMNT02_24001,LVP SL,GIANTX Pride,Rebels Gaming,
10699-10699_game_3,LPL,Team WE,LGD Gaming,
LOLTMNT01_53038,CBLOL,KaBuM! Esports,INTZ,
10691-10691_game_3,LPL,Ultra Prime,FunPlus Phoenix,
LOLTMNT01_44513,NACL,Disguised,Team Liquid Challengers,
LOLTMNT04_26572,EBL,Cyber Wolves,Ankora Gaming,
LOLTMNT01_49858,LLA,Leviatan,INFINITY,
LOLTMNT05_16157,UL,Zero Tenacity,GRP Esports,
LOLTMNT01_58466,LCK,Hanwha Life Esports,Gen.G,
LOLTMNT04_26557,LFL,GameWard,Karmine Corp Blue,
LOLTMNT06_12845,LEC,G2 Esports,Karmine Corp,53786
10730-10730_game_1,LDL,Weibo Gaming Youth Team,LNG Academy,
LOLTMNT02_21552,LVP SL,ZETA,Movistar KOI,55230
LOLTMNT02_21624,LCKC,OKSavingsBank BRION Challengers,FearX Youth,
10741-10741_game_1,LDL,LGD Gaming Young Team,Royal Club,
LOLTMNT01_56443,LCO,MAMMOTH,Dire Wolves,
LOLTMNT06_13904,LEC,G2 Esports,Rogue,53790
LOLTMNT02_43410,LCS,NRG,Cloud9,
LOLTMNT04_27048,LFL,Team du Sud,Vitality.Bee,
10733-10733_game_2,LDL,ThunderTalk Gaming Young,Royal Club,
LOLTMNT02_50812,GLL,Zerolag Esports,Team Mythic,
LOLTMNT05_13491,PRM,Berlin International Gaming,MOUZ NXT,
LOLTMNT02_38262,HM,Team UNiTY,Entropiq,
LOLTMNT04_27523,NLC,Nativz,Verdant,
10694-10694_game_1,LPL,Invictus Gaming,ThunderTalk Gaming,
LOLTMNT02_50788,HM,GLORE,Entropiq,
LOLTMNT03_31006,LCO,Ground Zero Gaming,Kanga Esports,
LOLTMNT04_24383,LEC,MAD Lions KOI,Fnatic,
LOLTMNT02_53237,LVP SL,Movistar KOI,Guasones,55546
LOLTMNT04_25983,TCL,BoostGate Esports,NASR eSports Turkey,
LOLTMNT02_43876,LLA,INFINITY,Estral Esports,
LOLTMNT01_58794,VCS,Team Secret,Team Flash,
LOLTMNT05_14528,PRM,Unicorns of Love Sexy Edition,Austrian Force willhaben,
LOLTMNT01_55616,LCO,Antic Esports,ION Global Esports,
LOLTMNT01_59407,LJL,Sengoku Gaming,Fukuoka SoftBank HAWKS gaming,
LOLTMNT01_56450,LCO,Dire Wolves,MAMMOTH,
LOLTMNT05_16016,UL,Orbit Anonymo Esports,Team ESCA Gaming,
LOLTMNT02_48921,NACL,Team Liquid Challengers,Cincinnati Fear,
LOLTMNT02_27906,ESLOL,Dynasty,mCon esports,
LOLTMNT02_31182,ESLOL,mCon esports,Myth Esports,
LOLTMNT05_18058,EBL,Ankora Gaming,Crvena zvezda Esports,
LOLTMNT01_57261,LVP SL,Case Esports,Barça eSports,
10713-10713_game_1,LDL,Ultra Prime Academy,Royal Club,
LOLTMNT01_50529,LVP SL,UCAM Esports,Ramboot Club,
LOLTMNT04_21044,UL,devils.one,GRP Esports,
10663-10663_game_3,DCup,JD Gaming,Rare Atom,
LOLTMNT02_25131,PCS,J Team,Frank Esports,53998
10695-10695_game_1,LPL,Bilibili Gaming,EDward Gaming,
LOLTMNT02_26530,LJL,Sengoku Gaming,AXIZ CREST,
LOLTMNT02_52076,LCO,Antic Esports,Kanga Esports,
LOLTMNT04_26398,LEC,Fnatic,SK Gaming,
LOLTMNT01_49374,LCO,Ground Zero Gaming,ION Global Esports,
LOLTMNT02_26933,LCKC,Nongshim Esports Academy,DRX Challengers,
LOLTMNT04_18208,UL,devils.one,Back2TheGame,
LOLTMNT05_13535,PRM,NNO Prime,FC Schalke 04 Esports,
LOLTMNT05_17182,UL,devils.one,Orbit Anonymo Esports,
10688-10688_game_2,LPL,Oh My God,ThunderTalk Gaming,
LOLTMNT02_34511,LCK,Hanwha Life Esports,T1,
LOLTMNT01_57206,PCS,HELL PIGS,Beyond Gaming,
LOLTMNT04_25843,NLC,Ruddy Esports,Lundqvist Lightside,
LOLTMNT04_26204,LPLOL,Hurricane of Feathers,GTZ Esports,
10757-10757_game_2,LPL,Oh My God,Anyone's Legend,
10676-10676_game_1,LPL,Invictus Gaming,Ninjas in Pyjamas,
LOLTMNT05_16282,TCL,Galakticos,Misa Esports,
LOLTMNT05_13097,LEC,Team Vitality,Rogue,
LOLTMNT04_26142,EBL,SPIKE Syndicate,Diamant Esports,
LOLTMNT05_16179,LFL,Solary,Team BDS Academy,
10711-10711_game_1,LDL,LGD Gaming Young Team,LNG Academy,
LOLTMNT01_51340,LLA,INFINITY,Isurus,
LOLTMNT02_25519,PCS,Beyond Gaming,West Point Esports,
10705-10705_game_1,LDL,Oh My God Academy,Bilibili Gaming Junior,
LOLTMNT04_25850,PRM,Austrian Force willhaben,Eintracht Spandau,
LOLTMNT01_35693,LLA,INFINITY,Movistar R7,
LOLTMNT02_25146,LJL,Fukuoka SoftBank HAWKS gaming,DetonatioN FocusMe,
LOLTMNT01_56981,PCS,HELL PIGS,Beyond Gaming,
LOLTMNT04_26612,TCL,Misa Esports,Papara SuperMassive,
LOLTMNT01_57117,LCK,Hanwha Life Esports,OKSavingsBank BRION,
LOLTMNT01_59434,PCS,West Point Esports,HELL PIGS,
LOLTMNT02_23253,PCS,Beyond Gaming,CTBC Flying Oyster,
LOLTMNT02_21435,PRM,NNO Prime,SK Gaming Prime,
LOLTMNT01_42540,LLA,All Knights,Estral Esports,
LOLTMNT01_54744,CBLOLA,Fluxo Academy,Los Grandes Academy,
LOLTMNT02_26922,LCKC,DRX Challengers,Nongshim Esports Academy,
LOLTMNT02_31980,LJL,Fukuoka SoftBank HAWKS gaming,Burning Core Toyama,
LOLTMNT01_58761,PCS,Frank Esports,CTBC Flying Oyster,54957
LOLTMNT02_43688,NACL,Area of Effect Esports,Mirage Alliance,
LOLTMNT05_14894,LEC,Fnatic,Team Heretics,
LOLTMNT02_32016,ESLOL,Dynasty,A One Man Army,
LOLTMNT03_34636,LIT,ENEMI3S,EKO Academy,
LOLTMNT01_50600,LVP SL,Barça eSports,Rebels Gaming,
LOLTMNT04_27043,PRM,NNO Prime,Unicorns of Love Sexy Edition,
LOLTMNT05_14822,LEC,Fnatic,G2 Esports,55043
LOLTMNT04_26481,UL,Iron Wolves,Forsaken,
LOLTMNT02_23051,PRM,Eintracht Frankfurt,MOUZ NXT,
10692-10692_game_3,LPL,Anyone's Legend,LGD Gaming,
LOLTMNT04_26159,EBL,Ankora Gaming,Partizan Esports,
LOLTMNT01_59663,VCS,Team Secret,Team Flash,
LOLTMNT01_58620,LJL,AXIZ CREST,Burning Core Toyama,
LOLTMNT02_43575,NACL,Mirage Alliance,Maryville University,
LOLTMNT02_23004,PRM,E WIE EINFACH E-SPORTS,NNO Prime,
LOLTMNT05_16274,LPLOL,Odivelas Sports Club,White Dragons,
10689-10689_game_3,LPL,LNG Esports,Weibo Gaming,
LOLTMNT02_46264,LLA,Six Karma,All Knights,55195
LOLTMNT02_42258,LCK,Hanwha Life Esports,Nongshim RedForce,
LOLTMNT05_20709,NLC,DMG Esports,Venomcrest Esports,
10759-10759_game_3,LPL,JD Gaming,LGD Gaming,
10726-10726_game_1,LDL,EDG Youth Team,Anyone's Legend.Young,
LOLTMNT01_58502,LCK,Dplus KIA,DRX,
LOLTMNT01_52475,LIT,Macko Esports,Atleta Esport,
LOLTMNT01_47571,CBLOLA,Liberty Academy,FURIA Academy,
LOLTMNT02_29518,LVP SL,UCAM Esports,Case Esports,
LOLTMNT02_31222,LLA,Six Karma,All Knights,53962
LOLTMNT01_43684,VCS,CERBERUS Esports,Team Whales,
LOLTMNT02_31179,LVP SL,Movistar KOI,UCAM Esports,53936
LOLTMNT03_33323,CBLOL,INTZ,RED Canids,54045
LOLTMNT02_50906,ESLOL,KRC Genk Esports,SNOOZE Esports,
10664-10664_game_2,DCup,Bilibili Gaming,JD Gaming,
LOLTMNT01_54374,LCO,Antic Esports,Team Bliss,
10666-10666_game_2,LPL,EDward Gaming,Royal Never Give Up,