game,blueTopChampion,blueTopGP,blueTopWR,blueTopKDA,blueJungleChampion,blueJungleGP,blueJungleWR,blueJungleKDA,blueMidChampion,blueMidGP,blueMidWR,blueMidKDA,blueADCChampion,blueADCGP,blueADCWR,blueADCKDA,blueSupportChampion,blueSupportGP,blueSupportWR,blueSupportKDA,redTopChampion,redTopGP,redTopWR,redTopKDA,redJungleChampion,redJungleGP,redJungleWR,redJungleKDA,redMidChampion,redMidGP,redMidWR,redMidKDA,redAdcChampion,redAdcGP,redAdcWR,redAdcKDA,redSupportChampion,redSupportGP,redSupportWR,redSupportKDA,result
LOLTMNT03_33323,Aatrox,0,0,0,Rell,0,0,0,Orianna,0,0,0,Xayah,0,0,0,Rakan,0,0,0,K'Sante,0,0,0,Nocturne,0,0,0,Azir,0,0,0,Varus,0,0,0,Nautilus,0,0,0,1
LOLTMNT02_34853,Udyr,0,0,0,Lee Sin,0,0,0,Corki,0,0,0,Lucian,0,0,0,Milio,1,1.0,3.0,Aatrox,0,0,0,Xin Zhao,0,0,0,Orianna,0,0,0,Seraphine,0,0,0,Senna,0,0,0,1
LOLTMNT01_46764,Udyr,0,0,0,Amumu,0,0,0,Yone,0,0,0,Kalista,0,0,0,Renata Glasc,0,0,0,Olaf,0,0,0,Vi,1,1.0,8.5,Azir,0,0,0,Senna,0,0,0,Seraphine,0,0,0,0
LOLTMNT01_52765,Jax,2,1.0,4.6,Maokai,0,0,0,LeBlanc,1,0.0,10,Lucian,1,1.0,11,Nami,1,1.0,13,Aatrox,1,1.0,1.2,Vi,0,0,0,Lissandra,0,0,0,Caitlyn,0,0,0,Milio,0,0,0,1
LOLTMNT02_48804,Aatrox,0,0,0,Maokai,4,0.5,11.6,Hwei,0,0,0,Xayah,1,1.0,1.5,Rakan,0,0,0,K'Sante,3,1.0,4.71,Zac,0,0,0,Taliyah,1,1.0,9.0,Smolder,0,0,0,Tahm Kench,0,0,0,1
LOLTMNT03_34185,K'Sante,0,0,0,Jax,0,0,0,Neeko,0,0,0,Aphelios,0,0,0,Nautilus,0,0,0,Kayle,0,0,0,Xin Zhao,0,0,0,Azir,0,0,0,Xayah,0,0,0,Rell,0,0,0,1
LOLTMNT02_48097,Twisted Fate,0,0,0,Rell,0,0,0,Taliyah,1,1.0,9.0,Smolder,0,0,0,Nautilus,3,1.0,3.83,Vladimir,0,0,0,Lee Sin,0,0,0,Azir,4,0.25,3.78,Varus,2,1.0,12.5,Maokai,0,0,0,1
LOLTMNT01_53418,K'Sante,2,1.0,6.5,Brand,0,0,0,Taliyah,0,0,0,Kalista,1,0.0,5.0,Nautilus,2,1.0,3.4,Olaf,0,0,0,Ivern,0,0,0,Azir,4,0.75,3.0,Varus,3,0.67,1.64,Leona,0,0,0,1
LOLTMNT01_45062,K'Sante,2,0.5,6.67,Nocturne,1,1.0,7,Orianna,0,0,0,Aphelios,2,0.5,9.5,Blitzcrank,0,0,0,Udyr,0,0,0,Xin Zhao,1,1.0,0.67,Neeko,1,1.0,17.0,Lucian,0,0,0,Milio,0,0,0,0
LOLTMNT02_39068,Aatrox,0,0,0,Xin Zhao,2,0.5,4.2,Akali,0,0,0,Lucian,0,0,0,Nami,0,0,0,Ornn,0,0,0,Maokai,1,0.0,12.0,Azir,3,0.0,3.56,Aphelios,1,0.0,2.5,Milio,1,0.0,19,1
LOLTMNT02_51845,Aatrox,3,0.33,2.0,Vi,3,0.0,2.77,Taliyah,3,0.33,7.6,Smolder,0,0,0,Braum,0,0,0,Gwen,0,0,0,Ivern,0,0,0,Azir,6,0.5,2.38,Varus,5,0.6,2.75,Nautilus,2,0.0,1.5,0
LOLTMNT02_47308,K'Sante,6,0.67,1.2,Vi,2,0.0,2.9,Orianna,2,1.0,1.0,Lucian,1,0.0,9.0,Milio,1,0.0,10,Gwen,0,0,0,Xin Zhao,2,0.5,9.0,Taliyah,2,0.5,14.0,Varus,2,1.0,14.0,Nautilus,0,0,0,0
LOLTMNT02_53331,Gnar,0,0,0,Poppy,1,1.0,2.0,Taliyah,3,0.33,7.6,Varus,4,0.5,0.83,Rell,1,0.0,9,Yone,1,1.0,1.4,Sejuani,3,0.67,2.4,Azir,4,0.5,3.45,Smolder,0,0,0,Leona,0,0,0,1
LOLTMNT02_34042,Udyr,2,1.0,6.67,Nocturne,2,1.0,7.67,Orianna,0,0,0,Aphelios,0,0,0,Milio,1,1.0,8.0,K'Sante,2,1.0,6.0,Maokai,0,0,0,Yone,0,0,0,Varus,1,0.0,3.67,Tahm Kench,1,0.0,7.5,1
LOLTMNT02_29818,K'Sante,1,1.0,3,Rell,2,0.5,7.33,Azir,0,0,0,Xayah,0,0,0,Nautilus,1,1.0,10,Udyr,0,0,0,Nocturne,0,0,0,Orianna,0,0,0,Varus,0,0,0,Rakan,0,0,0,1
LOLTMNT01_42231,K'Sante,0,0,0,Wukong,0,0,0,Corki,2,0.0,1.5,Varus,0,0,0,Nautilus,0,0,0,Jax,0,0,0,Maokai,0,0,0,Azir,0,0,0,Kalista,1,0.0,2.0,Rell,0,0,0,0
LOLTMNT01_36968,K'Sante,1,1.0,0.25,Ivern,0,0,0,Azir,0,0,0,Kalista,0,0,0,Rell,0,0,0,Darius,0,0,0,Sejuani,0,0,0,Corki,0,0,0,Varus,0,0,0,Renata Glasc,0,0,0,1
LOLTMNT04_28061,Akali,0,0,0,Vi,6,0.83,4.29,Twisted Fate,0,0,0,Senna,2,1.0,37,Nautilus,3,0.67,2.25,Yasuo,0,0,0,Zac,0,0,0,Orianna,0,0,0,Varus,1,1.0,6.5,Rell,0,0,0,0
LOLTMNT01_35816,Jax,1,1.0,15,Sejuani,0,0,0,Azir,1,0.0,8,Kalista,0,0,0,Rell,1,1.0,1.0,Ornn,0,0,0,Xin Zhao,0,0,0,Taliyah,0,0,0,Xayah,0,0,0,Rakan,0,0,0,1
LOLTMNT01_49815,Jayce,0,0,0,Lee Sin,0,0,0,Neeko,1,1.0,4.0,Ashe,0,0,0,Leona,0,0,0,Aatrox,0,0,0,Nocturne,0,0,0,LeBlanc,0,0,0,Ezreal,1,0.0,3.57,Alistar,1,1.0,1.25,1
LOLTMNT02_43642,K'Sante,0,0,0,Ivern,0,0,0,Tristana,0,0,0,Xayah,0,0,0,Nautilus,0,0,0,Zac,0,0,0,Nocturne,1,0.0,1.33,Orianna,1,0.0,4.33,Smolder,0,0,0,Leona,0,0,0,1
LOLTMNT01_49314,Sejuani,0,0,0,Viego,0,0,0,Azir,2,0.5,8.5,Varus,2,0.5,1.0,Nautilus,1,0.0,2.0,Zac,0,0,0,Maokai,1,1.0,9.0,Yone,1,1.0,6,Ezreal,0,0,0,Ashe,1,0.0,18.0,0
LOLTMNT02_34052,Jax,2,0.5,12.5,Viego,0,0,0,Orianna,1,1.0,7.0,Xayah,1,1.0,15.0,Leona,0,0,0,Udyr,2,1.0,6.67,Nocturne,2,1.0,7.67,Akali,0,0,0,Varus,0,0,0,Renata Glasc,0,0,0,1
LOLTMNT01_58761,Gnar,1,0.0,3.0,Viego,2,0.5,7.0,Azir,5,0.6,6.71,Xayah,4,0.5,10.5,Leona,4,0.75,13.5,K'Sante,7,0.71,22.67,Lee Sin,2,0.5,4.2,Hwei,0,0,0,Senna,0,0,0,Nautilus,0,0,0,1
LOLTMNT03_32335,K'Sante,0,0,0,Rell,0,0,0,Neeko,0,0,0,Kalista,0,0,0,Renata Glasc,0,0,0,Aatrox,0,0,0,Xin Zhao,0,0,0,Orianna,0,0,0,Caitlyn,0,0,0,Varus,0,0,0,0
LOLTMNT06_13904,Jax,0,0,0,Trundle,0,0,0,Neeko,1,0.0,9,Aphelios,1,0.0,4.5,Rell,0,0,0,K'Sante,0,0,0,Xin Zhao,0,0,0,Azir,0,0,0,Varus,1,0.0,1.5,Rakan,1,0.0,1.33,0
LOLTMNT01_57300,K'Sante,3,1.0,6.0,Xin Zhao,3,0.67,3.1,Akali,1,1.0,7.0,Varus,4,0.5,3.46,Nautilus,2,1.0,3.38,Aatrox,1,1.0,0.6,Rell,0,0,0,Orianna,0,0,0,Ashe,0,0,0,Heimerdinger,0,0,0,1
LOLTMNT04_27329,K'Sante,4,0.75,10.67,Ivern,0,0,0,Hwei,2,1.0,18.0,Kalista,2,1.0,4.6,Leona,0,0,0,Jax,0,0,0,Brand,0,0,0,Azir,5,0.6,10.43,Varus,5,0.4,8.12,Nautilus,3,0.67,2.8,1
LOLTMNT02_26125,K'Sante,0,0,0,Rell,0,0,0,Orianna,0,0,0,Aphelios,0,0,0,Nautilus,0,0,0,Gragas,0,0,0,Nocturne,0,0,0,Azir,0,0,0,Lucian,0,0,0,Milio,0,0,0,1
LOLTMNT01_56738,K'Sante,4,0.5,5.8,Xin Zhao,3,0.33,4.5,Hwei,0,0,0,Ashe,2,0.5,24,Maokai,3,1.0,3.25,Gwen,0,0,0,Vi,1,0.0,1.0,Azir,2,1.0,9.67,Senna,0,0,0,Rell,2,0.0,2.7,1
LOLTMNT06_12845,Kennen,0,0,0,Viego,0,0,0,LeBlanc,0,0,0,Aphelios,0,0,0,Nautilus,0,0,0,Malphite,0,0,0,Vi,0,0,0,Neeko,0,0,0,Lucian,0,0,0,Milio,0,0,0,1
LOLTMNT05_14904,Jax,1,1.0,14,Xin Zhao,1,0.0,15,Azir,2,0.0,7.0,Xayah,0,0,0,Rakan,1,1.0,0.5,K'Sante,3,1.0,8.33,Lillia,1,1.0,15.0,LeBlanc,2,1.0,3.33,Aphelios,3,0.33,2.3,Renata Glasc,1,0.0,1.75,0
LOLTMNT02_53237,Aatrox,1,1.0,8,Lee Sin,0,0,0,Karma,0,0,0,Senna,1,1.0,3.0,Tahm Kench,0,0,0,Jax,0,0,0,Vi,2,1.0,4.14,Taliyah,2,1.0,6.0,Smolder,0,0,0,Rakan,1,1.0,1.5,0
LOLTMNT01_50660,Gnar,2,0.5,2.33,Brand,0,0,0,Tristana,0,0,0,Ashe,0,0,0,Rell,0,0,0,Jax,1,0.0,3.5,Maokai,2,0.5,3.5,Orianna,1,1.0,1.25,Varus,2,0.5,1.0,Nautilus,1,0.0,2.0,1
LOLTMNT02_30491,Gnar,0,0,0,Poppy,0,0,0,Azir,0,0,0,Varus,1,0.0,2.5,Nautilus,1,1.0,3.2,K'Sante,1,0.0,6.5,Sejuani,0,0,0,Sylas,0,0,0,Lucian,0,0,0,Milio,0,0,0,1
LOLTMNT01_34263,Gragas,0,0,0,Vi,0,0,0,Corki,0,0,0,Varus,0,0,0,Rakan,0,0,0,Jax,0,0,0,Maokai,0,0,0,Azir,0,0,0,Jhin,0,0,0,Rell,0,0,0,1
LOLTMNT04_26326,Twisted Fate,0,0,0,Vi,5,0.8,4.58,Azir,3,1.0,5.2,Kalista,2,1.0,4.6,Taric,0,0,0,Rumble,1,1.0,17.0,Poppy,1,1.0,13,Orianna,4,0.5,20.0,Varus,5,0.4,8.12,Rell,1,1.0,3.0,1
LOLTMNT01_58300,K'Sante,2,1.0,1.4,Maokai,0,0,0,Tristana,0,0,0,Lucian,2,0.5,4.14,Milio,4,0.75,16.33,Gnar,0,0,0,Brand,0,0,0,Azir,4,0.75,6.0,Senna,1,1.0,8,Tahm Kench,3,0.67,6.67,0
LOLTMNT01_44450,K'Sante,0,0,0,Maokai,0,0,0,Garen,0,0,0,Kalista,0,0,0,Senna,0,0,0,Gnar,0,0,0,Sejuani,0,0,0,Taliyah,0,0,0,Varus,1,1.0,12,Renata Glasc,0,0,0,0
LOLTMNT01_36899,Poppy,0,0,0,Vi,1,1.0,14.0,Akali,0,0,0,Jhin,0,0,0,Ashe,0,0,0,K'Sante,0,0,0,Trundle,0,0,0,Azir,0,0,0,Varus,0,0,0,Senna,0,0,0,0
LOLTMNT04_24460,Zac,1,1.0,11,Maokai,1,1.0,2.33,LeBlanc,3,0.67,3.0,Lucian,0,0,0,Nami,0,0,0,Poppy,0,0,0,Xin Zhao,3,0.67,4.43,Azir,2,1.0,2.5,Senna,0,0,0,Nautilus,0,0,0,1
LOLTMNT02_22976,K'Sante,0,0,0,Xin Zhao,0,0,0,Corki,0,0,0,Ashe,0,0,0,Nautilus,0,0,0,Malphite,0,0,0,Jax,0,0,0,Azir,0,0,0,Varus,0,0,0,Rakan,0,0,0,1
LOLTMNT05_14768,K'Sante,2,1.0,6.0,Maokai,0,0,0,LeBlanc,1,1.0,3.0,Kalista,0,0,0,Neeko,0,0,0,Gwen,0,0,0,Sejuani,1,1.0,1.33,Azir,1,1.0,1.0,Xayah,0,0,0,Rakan,1,1.0,3.0,1
LOLTMNT01_41660,K'Sante,3,1.0,2.0,Poppy,0,0,0,Azir,2,1.0,28.0,Lucian,0,0,0,Milio,0,0,0,Gwen,0,0,0,Xin Zhao,0,0,0,Orianna,0,0,0,Senna,0,0,0,Tahm Kench,0,0,0,0
LOLTMNT02_34214,Rumble,1,1.0,15.0,Maokai,0,0,0,Tristana,0,0,0,Jhin,0,0,0,Nautilus,0,0,0,Ornn,0,0,0,Rell,0,0,0,Corki,0,0,0,Varus,0,0,0,Rakan,1,1.0,9,0
LOLTMNT01_43953,Jax,1,1.0,3.67,Sejuani,0,0,0,Azir,0,0,0,Kalista,2,1.0,3.25,Rell,0,0,0,K'Sante,0,0,0,Vi,1,1.0,8.5,Orianna,0,0,0,Varus,1,1.0,0.75,Nautilus,1,0.0,0.8,1
LOLTMNT02_37722,Gnar,1,1.0,15.0,Nocturne,0,0,0,Hwei,0,0,0,Varus,2,0.5,5.25,Rell,1,0.0,3.5,K'Sante,1,1.0,8,Vi,0,0,0,Orianna,1,1.0,6.0,Ziggs,1,1.0,10,Rakan,0,0,0,0
LOLTMNT02_53343,Aatrox,3,0.33,2.0,Rell,1,0.0,1.75,Hwei,1,0.0,1.4,Ashe,0,0,0,Tahm Kench,1,1.0,1.33,Gnar,2,0.5,0.5,Vi,3,0.33,2.11,Twisted Fate,0,0,0,Varus,3,0.33,2.4,Nautilus,3,0.33,1.11,1
LOLTMNT06_13630,Renekton,0,0,0,Nocturne,0,0,0,Akali,0,0,0,Kalista,0,0,0,Pyke,0,0,0,Gwen,0,0,0,Vi,0,0,0,Neeko,0,0,0,Aphelios,0,0,0,Renata Glasc,0,0,0,0
LOLTMNT04_26024,K'Sante,2,1.0,8.67,Rell,0,0,0,Hwei,1,0.0,2.75,Varus,3,0.33,4.14,Bard,0,0,0,Rumble,0,0,0,Lee Sin,0,0,0,Akali,1,0.0,1.8,Senna,1,1.0,8.0,Maokai,0,0,0,1
LOLTMNT02_49563,Aatrox,1,1.0,3.0,Nocturne,0,0,0,Orianna,3,0.67,2.9,Kai'Sa,0,0,0,Rell,0,0,0,Yone,0,0,0,Xin Zhao,2,0.5,3.0,Azir,2,0.0,4.25,Lucian,2,0.5,5.33,Milio,1,0.0,5.0,0
LOLTMNT01_50182,Aatrox,2,0.5,3.0,Lillia,0,0,0,Yone,1,1.0,6,Kalista,4,0.75,11.6,Rell,1,1.0,7.0,K'Sante,5,0.6,1.5,Maokai,2,0.5,3.5,Tristana,0,0,0,Draven,0,0,0,Renata Glasc,1,0.0,1.67,1
LOLTMNT01_46226,K'Sante,0,0,0,Brand,0,0,0,Orianna,2,1.0,6.67,Varus,1,1.0,1.0,Nautilus,0,0,0,Aatrox,1,1.0,1.33,Rell,0,0,0,Neeko,0,0,0,Lucian,0,0,0,Milio,0,0,0,1
LOLTMNT02_46264,Aatrox,1,1.0,1.0,Nocturne,1,1.0,1.0,Orianna,2,1.0,1.0,Kalista,2,0.0,5.5,Hwei,0,0,0,Jax,2,0.0,3.67,Poppy,0,0,0,Azir,5,0.4,2.58,Senna,1,1.0,3.0,Nautilus,2,0.0,1.13,0
LOLTMNT04_28064,K'Sante,5,0.8,9.4,Maokai,2,1.0,5.75,LeBlanc,4,0.75,4.33,Varus,3,0.67,5.71,Renata Glasc,2,0.0,3.43,Gnar,2,0.5,1.78,Zac,0,0,0,Azir,3,0.67,5.5,Senna,5,1.0,13.5,Nautilus,3,1.0,6.11,1
LOLTMNT04_28065,Rumble,0,0,0,Bel'Veth,1,0.0,2.67,Taliyah,1,1.0,17.0,Senna,5,1.0,13.5,Rell,0,0,0,Kennen,1,1.0,5.0,Viego,1,1.0,5.5,Azir,4,1.0,4.86,Varus,3,0.67,5.71,Nautilus,3,0.67,2.25,0
LOLTMNT04_24477,Jax,0,0,0,Gragas,0,0,0,Orianna,2,0.5,3.0,Varus,2,1.0,3.25,Nautilus,0,0,0,Poppy,0,0,0,Xin Zhao,1,0.0,5.0,Azir,2,1.0,10.0,Aphelios,4,0.25,3.7,Milio,0,0,0,1
LOLTMNT04_24874,Yone,0,0,0,Vi,0,0,0,Corki,1,1.0,6.33,Lucian,1,1.0,7.0,Nami,1,1.0,18,K'Sante,2,0.5,17,Rell,3,0.67,9.0,Azir,3,1.0,10.0,Aphelios,1,0.0,3.0,Milio,3,0.67,8.0,0
LOLTMNT01_59622,Aatrox,5,0.6,6.6,Sejuani,0,0,0,Akali,1,0.0,15,Kalista,0,0,0,Rell,1,1.0,8.5,Gnar,0,0,0,Maokai,0,0,0,Taliyah,2,1.0,13.5,Varus,1,1.0,0.2,Renata Glasc,0,0,0,0
LOLTMNT05_14302,K'Sante,1,1.0,2.5,Maokai,0,0,0,Corki,0,0,0,Nilah,0,0,0,Senna,0,0,0,Yone,0,0,0,Vi,2,0.5,5.0,Tristana,0,0,0,Seraphine,0,0,0,Sona,0,0,0,1
LOLTMNT01_59591,Aatrox,5,0.6,6.6,Brand,1,0.0,5.0,Karma,0,0,0,Xayah,4,0.5,10.5,Rell,1,1.0,8.5,K'Sante,7,0.71,22.67,Ivern,0,0,0,Tristana,0,0,0,Senna,0,0,0,Nautilus,0,0,0,0
LOLTMNT02_34878,Gwen,0,0,0,Xin Zhao,0,0,0,Taliyah,0,0,0,Lucian,1,1.0,9.0,Milio,0,0,0,K'Sante,1,1.0,9.0,Vi,1,1.0,11.0,Azir,1,1.0,7.0,Aphelios,1,1.0,9,Nautilus,0,0,0,0
LOLTMNT02_50982,K'Sante,1,0.0,1.5,Bel'Veth,0,0,0,Karma,0,0,0,Xayah,0,0,0,Rakan,2,0.5,12.5,Gnar,0,0,0,Sejuani,0,0,0,Azir,4,0.5,3.25,Varus,4,0.5,0.83,Rell,1,0.0,9,1
LOLTMNT01_35808,Rumble,0,0,0,Maokai,0,0,0,Tristana,0,0,0,Aphelios,0,0,0,Lulu,0,0,0,K'Sante,2,0.5,1.0,Vi,0,0,0,Taliyah,0,0,0,Lucian,0,0,0,Milio,0,0,0,0
LOLTMNT02_47065,Mordekaiser,0,0,0,Ivern,0,0,0,Tristana,1,0.0,1.0,Varus,1,0.0,4.0,Rell,3,0.0,2.85,K'Sante,6,0.67,1.2,Xin Zhao,1,1.0,2.0,Azir,3,0.33,4.2,Jhin,0,0,0,Leona,0,0,0,1
LOLTMNT02_31179,K'Sante,1,1.0,10,Poppy,0,0,0,Azir,0,0,0,Ashe,1,1.0,15.0,Rakan,0,0,0,Garen,0,0,0,Xin Zhao,0,0,0,Corki,0,0,0,Seraphine,0,0,0,Nautilus,0,0,0,1
LOLTMNT02_31225,Rumble,0,0,0,Jarvan IV,0,0,0,Hwei,0,0,0,Varus,0,0,0,Nautilus,0,0,0,K'Sante,2,0.5,0.67,Bel'Veth,0,0,0,Taliyah,0,0,0,Ashe,0,0,0,Braum,0,0,0,0
LOLTMNT01_35812,Rumble,0,0,0,Xin Zhao,1,1.0,4.33,Corki,0,0,0,Kalista,0,0,0,Rakan,1,0.0,10.0,K'Sante,2,0.5,1.0,Wukong,0,0,0,Neeko,1,0.0,1.0,Varus,0,0,0,Alistar,0,0,0,1
LOLTMNT01_37539,Rumble,0,0,0,Nocturne,0,0,0,Orianna,0,0,0,Kalista,0,0,0,Renata Glasc,0,0,0,Ornn,0,0,0,Maokai,0,0,0,Azir,1,1.0,2.0,Aphelios,0,0,0,Milio,1,1.0,3.0,1
LOLTMNT02_45820,Udyr,1,1.0,2.0,Viego,0,0,0,Azir,2,0.0,16.0,Kalista,0,0,0,Renata Glasc,1,1.0,2.0,K'Sante,1,1.0,3.67,Vi,1,1.0,1.0,Taliyah,0,0,0,Twisted Fate,0,0,0,Maokai,1,1.0,4.75,1
LOLTMNT01_37598,Mordekaiser,0,0,0,Trundle,0,0,0,Orianna,1,1.0,6.0,Ezreal,0,0,0,Karma,0,0,0,K'Sante,0,0,0,Rell,0,0,0,Tristana,0,0,0,Lucian,0,0,0,Nami,0,0,0,1
LOLTMNT05_14237,K'Sante,0,0,0,Lillia,0,0,0,Tristana,0,0,0,Varus,0,0,0,Nautilus,1,1.0,3.33,Poppy,0,0,0,Xin Zhao,2,0.5,23.0,Azir,0,0,0,Jhin,0,0,0,Braum,0,0,0,1
LOLTMNT02_21552,Kennen,0,0,0,Nocturne,0,0,0,Azir,0,0,0,Jhin,0,0,0,Blitzcrank,0,0,0,Jax,0,0,0,Xin Zhao,0,0,0,Orianna,0,0,0,Varus,0,0,0,Rell,0,0,0,0
LOLTMNT01_44462,Aatrox,0,0,0,Viego,0,0,0,Sylas,0,0,0,Kalista,0,0,0,Renata Glasc,0,0,0,Olaf,1,0.0,6,Maokai,0,0,0,Azir,1,0.0,7,Varus,1,1.0,1.0,Neeko,0,0,0,0
LOLTMNT05_14822,Jax,0,0,0,Vi,1,0.0,12,Corki,0,0,0,Lucian,0,0,0,Milio,1,0.0,17.0,Vladimir,0,0,0,Xin Zhao,0,0,0,Akali,0,0,0,Varus,2,1.0,4.5,Nautilus,2,1.0,3.14,0
LOLTMNT02_47330,Aatrox,1,1.0,1.0,Wukong,1,1.0,0.75,Orianna,2,1.0,1.0,Senna,0,0,0,Nautilus,3,0.33,1.7,K'Sante,2,1.0,6.5,Ivern,0,0,0,Tristana,3,0.33,11.0,Kai'Sa,0,0,0,Maokai,0,0,0,0
LOLTMNT01_34432,Jayce,0,0,0,Rell,0,0,0,Corki,0,0,0,Senna,0,0,0,Tahm Kench,0,0,0,Rumble,0,0,0,Xin Zhao,0,0,0,Azir,0,0,0,Lucian,0,0,0,Milio,0,0,0,1
LOLTMNT05_13119,K'Sante,0,0,0,Vi,1,0.0,9.0,Azir,0,0,0,Varus,0,0,0,Zyra,0,0,0,Gwen,1,1.0,6.0,Viego,0,0,0,Neeko,1,0.0,4.5,Ashe,0,0,0,Renata Glasc,2,0.5,16.0,1
LOLTMNT02_31222,Rumble,0,0,0,Vi,0,0,0,Taliyah,0,0,0,Ezreal,0,0,0,Ashe,0,0,0,K'Sante,2,0.5,0.67,Viego,0,0,0,Azir,0,0,0,Varus,0,0,0,Nautilus,0,0,0,0
LOLTMNT01_35439,Aatrox,0,0,0,Rell,0,0,0,Corki,0,0,0,Varus,0,0,0,Blitzcrank,0,0,0,Olaf,0,0,0,Vi,0,0,0,Azir,0,0,0,Jhin,0,0,0,Ashe,0,0,0,0
LOLTMNT01_43689,Aatrox,2,0.5,5.4,Rell,5,0.6,24.0,Azir,3,0.67,6.6,Senna,0,0,0,Tahm Kench,2,0.5,5.0,Yone,2,1.0,1.1,Viego,1,1.0,3.0,Neeko,1,1.0,0.83,Varus,3,1.0,1.0,Rakan,0,0,0,1
LOLTMNT03_34248,Renekton,0,0,0,Sejuani,0,0,0,Azir,0,0,0,Kalista,0,0,0,Renata Glasc,0,0,0,Aatrox,0,0,0,Taliyah,0,0,0,Neeko,0,0,0,Varus,0,0,0,Rell,0,0,0,1
LOLTMNT01_46166,Aatrox,0,0,0,Nocturne,0,0,0,Orianna,0,0,0,Kalista,0,0,0,Renata Glasc,0,0,0,Udyr,3,0.67,2.86,Poppy,1,1.0,7.0,Azir,1,1.0,9.0,Lucian,1,1.0,0.67,Milio,0,0,0,0
LOLTMNT01_43666,Aatrox,2,0.5,5.4,Rell,5,0.6,24.0,Neeko,2,0.5,14.0,Kai'Sa,2,1.0,12.0,Leona,2,1.0,23.0,Irelia,1,1.0,2.29,Sejuani,0,0,0,Azir,2,1.0,0.83,Varus,3,1.0,1.0,Alistar,0,0,0,1
LOLTMNT01_58277,K'Sante,2,1.0,1.4,Lee Sin,2,1.0,5.8,Hwei,1,0.0,8,Senna,2,1.0,4.0,Maokai,2,1.0,6.0,Aatrox,4,0.75,5.4,Viego,1,1.0,6.5,Orianna,3,1.0,6.0,Xayah,3,0.67,12.5,Leona,3,1.0,13.33,0
LOLTMNT04_26332,Gnar,0,0,0,Xin Zhao,5,0.2,6.7,Orianna,4,0.5,20.0,Varus,5,0.4,8.12,Blitzcrank,4,0.5,6.6,Yasuo,1,1.0,8.0,Lillia,2,0.5,32.0,K'Sante,0,0,0,Kalista,2,1.0,4.6,Braum,1,1.0,4.5,0
LOLTMNT02_25131,K'Sante,0,0,0,Nocturne,0,0,0,Orianna,0,0,0,Xayah,0,0,0,Rakan,0,0,0,Jax,0,0,0,Rell,0,0,0,Akali,0,0,0,Varus,0,0,0,Tahm Kench,0,0,0,0
LOLTMNT03_33182,Rumble,0,0,0,Vi,0,0,0,Akali,0,0,0,Lucian,0,0,0,Nami,0,0,0,Udyr,0,0,0,Xin Zhao,0,0,0,Orianna,0,0,0,Aphelios,0,0,0,Milio,0,0,0,1
LOLTMNT01_45949,Aatrox,0,0,0,Viego,0,0,0,Syndra,0,0,0,Senna,0,0,0,Tahm Kench,0,0,0,Gragas,0,0,0,Maokai,1,0.0,15,Tristana,0,0,0,Aphelios,0,0,0,Bard,0,0,0,0
LOLTMNT04_28070,Jayce,2,0.5,2.67,Alistar,0,0,0,Taliyah,1,1.0,17.0,Varus,1,1.0,6.5,Rell,0,0,0,Gragas,0,0,0,Lillia,3,0.33,47.0,Azir,4,1.0,4.86,Senna,2,1.0,37,Nautilus,3,0.67,2.25,0
LOLTMNT04_24264,Zac,0,0,0,Vi,3,0.67,2.75,Azir,1,1.0,10.0,Senna,0,0,0,Maokai,0,0,0,Aatrox,3,0.33,5.0,Xin Zhao,3,0.33,5.86,Sylas,0,0,0,Ezreal,0,0,0,Yuumi,0,0,0,1
LOLTMNT02_30796,Jax,1,0.0,5.5,Lee Sin,0,0,0,Neeko,0,0,0,Kai'Sa,0,0,0,Nautilus,1,1.0,10,Udyr,0,0,0,Viego,0,0,0,LeBlanc,0,0,0,Varus,0,0,0,Alistar,0,0,0,1
LOLTMNT01_42697,Jax,3,0.67,10.0,Maokai,1,1.0,0.0,Orianna,2,1.0,8.67,Kai'Sa,1,1.0,10,Rell,0,0,0,Gragas,0,0,0,Viego,1,1.0,21,Neeko,2,1.0,7.0,Xayah,2,1.0,32,Rakan,1,1.0,17,1
LOLTMNT02_34015,Aatrox,0,0,0,Rell,3,0.67,12.0,Azir,1,1.0,15.0,Varus,1,0.0,3.67,Leona,0,0,0,Udyr,2,1.0,6.67,Maokai,0,0,0,Tristana,0,0,0,Aphelios,0,0,0,Renata Glasc,0,0,0,1
LOLTMNT02_45623,Aatrox,1,1.0,0.33,Wukong,0,0,0,Orianna,0,0,0,Xayah,0,0,0,Rakan,0,0,0,K'Sante,1,1.0,8.0,Vi,1,0.0,4.5,Azir,2,0.0,16.0,Smolder,0,0,0,Blitzcrank,0,0,0,1
LOLTMNT01_34239,Udyr,0,0,0,Poppy,0,0,0,Orianna,0,0,0,Senna,0,0,0,Seraphine,0,0,0,Aatrox,0,0,0,Xin Zhao,0,0,0,Zac,0,0,0,Lucian,0,0,0,Nami,0,0,0,1
LOLTMNT01_52730,Aatrox,1,1.0,3.0,Sejuani,0,0,0,Azir,1,0.0,5.5,Kalista,0,0,0,Rell,1,1.0,1.0,K'Sante,3,0.67,7.25,Maokai,2,0.5,7.33,Orianna,3,1.0,21.0,Caitlyn,2,1.0,7.0,Renata Glasc,0,0,0,0
LOLTMNT01_54252,K'Sante,1,1.0,1.67,Xin Zhao,1,0.0,1.62,Orianna,1,1.0,1.0,Kalista,0,0,0,Braum,0,0,0,Gnar,0,0,0,Sejuani,0,0,0,Azir,0,0,0,Varus,0,0,0,Maokai,0,0,0,1
LOLTMNT01_41202,K'Sante,4,0.5,1.1,Maokai,0,0,0,Azir,0,0,0,Xayah,1,1.0,1.8,Rakan,1,1.0,2.33,Gnar,0,0,0,Sejuani,1,0.0,0.67,LeBlanc,0,0,0,Ezreal,0,0,0,Renata Glasc,2,0.0,0.5,1
LOLTMNT03_32337,Gnar,0,0,0,Nocturne,1,0.0,1.33,Neeko,0,0,0,Kalista,0,0,0,Rakan,0,0,0,K'Sante,0,0,0,Poppy,0,0,0,Orianna,0,0,0,Aphelios,0,0,0,Tahm Kench,0,0,0,1
LOLTMNT04_24485,Zac,1,1.0,11,Vi,4,0.75,5.0,Hwei,1,1.0,19,Kalista,1,1.0,3.0,Braum,0,0,0,Karma,0,0,0,Poppy,1,1.0,9.0,Azir,2,1.0,2.5,Varus,2,1.0,3.25,Blitzcrank,2,1.0,4.8,1
LOLTMNT02_43453,Aatrox,3,0.0,3.8,Ivern,1,0.0,7.0,Hwei,0,0,0,Zeri,0,0,0,Leona,1,0.0,2.0,Yone,0,0,0,Rell,0,0,0,Sylas,0,0,0,Smolder,0,0,0,Rakan,1,1.0,8.0,0
LOLTMNT01_41691,K'Sante,1,1.0,4.0,Jarvan IV,0,0,0,Orianna,0,0,0,Senna,0,0,0,Tahm Kench,0,0,0,Aatrox,1,1.0,2.33,Rell,4,0.75,17.0,Neeko,1,1.0,12.0,Xayah,2,1.0,15.0,Rakan,0,0,0,0
LOLTMNT04_24249,Yasuo,0,0,0,Rell,0,0,0,Hwei,0,0,0,Senna,0,0,0,Maokai,0,0,0,Gnar,1,1.0,13.0,Xin Zhao,3,0.33,5.86,Ahri,0,0,0,Ezreal,0,0,0,Yuumi,0,0,0,1
