golId,game,event1,event2,event3,event4,event5,event6,event7,event8,event9,event10,event11,event12,event13,event14,event15,event16,event17,event18,event19,event20,event21,event22,event23,event24,event25,event26,event27,event28,event29,event30,event31,event32,event33,event34,event35,event36,event37,event38,event39,event40,event41,event42,event43,event44,event45,blueTopGP,blueTopWR,blueTopKDA,blueJungleGP,blueJungleWR,blueJungleKDA,blueMidGP,blueMidWR,blueMidKDA,blueADCGP,blueADCWR,blueADCKDA,blueSupportGP,blueSupportWR,blueSupportKDA,redTopGP,redTopWR,redTopKDA,redJungleGP,redJungleWR,redJungleKDA,redMidGP,redMidWR,redMidKDA,redAdcGP,redAdcWR,redAdcKDA,redSupportGP,redSupportWR,redSupportKDA,result
35797,ESPORTSTMNT04_2090170,RED: first_blood,BLUE: herald,RED: dragon,BLUE: first_tower_bot,RED: dragon,BLUE: herald,RED: first_tower_bot,BLUE: first_tower_mid,RED: first_tower_top,RED: dragon,RED: first_tower_mid,BLUE: dragon,RED: baron,RED: second_tower_mid,RED: third_tower_mid,RED: inhibitor_mid,RED: dragon,RED: second_tower_top,RED: baron,BLUE: first_tower_top,RED: second_tower_bot,RED: third_tower_bot,RED: inhibitor_bot,RED: inhibitor_mid,RED: third_tower_top,RED: inhibitor_top,RED: nexus_tower,RED: nexus_tower,RED: nexus,,,,,,,,,,,,,,,,,2,0.0,0.8,19,0.68,3.5,11,0.82,7.6,20,0.45,2.6,2,0.5,6.3,14,0.36,2.9,5,0.6,2.2,0,0.0,0.0,12,0.67,9.7,15,0.53,4.3,1
35798,ESPORTSTMNT04_2090187,BLUE: herald,RED: first_blood,BLUE: first_tower_bot,RED: dragon,BLUE: first_tower_mid,RED: first_tower_top,RED: herald,RED: first_tower_mid,RED: first_tower_bot,BLUE: first_tower_top,RED: second_tower_bot,RED: dragon,RED: baron,RED: second_tower_top,BLUE: second_tower_bot,RED: second_tower_mid,BLUE: second_tower_top,BLUE: dragon,BLUE: second_tower_mid,RED: baron,BLUE: dragon,RED: third_tower_bot,RED: inhibitor_bot,RED: third_tower_mid,RED: inhibitor_mid,BLUE: dragon,BLUE: third_tower_bot,BLUE: baron,RED: dragon,BLUE: inhibitor_bot,RED: dragon,RED: inhibitor_mid,RED: nexus_tower,RED: nexus_tower,RED: nexus,,,,,,,,,,,0,0.0,0.0,4,0.0,1.3,2,0.5,4.3,10,0.5,2.9,3,0.67,3.2,10,0.7,5.3,14,0.57,4.6,10,0.7,4.8,8,0.25,3.3,22,0.5,2.1,1
35799,ESPORTSTMNT04_2090207,BLUE: first_blood,BLUE: dragon,RED: herald,BLUE: first_tower_bot,BLUE: dragon,RED: herald,BLUE: first_tower_top,RED: dragon,RED: first_tower_mid,RED: first_tower_top,BLUE: dragon,BLUE: second_tower_bot,BLUE: first_tower_mid,BLUE: baron,BLUE: dragon,BLUE: second_tower_mid,BLUE: second_tower_top,RED: first_tower_bot,RED: second_tower_bot,BLUE: elder_dragon,RED: baron,BLUE: third_tower_top,BLUE: inhibitor_top,BLUE: third_tower_mid,BLUE: inhibitor_mid,BLUE: nexus_tower,BLUE: nexus_tower,BLUE: nexus,,,,,,,,,,,,,,,,,,13,0.54,3.1,34,0.32,4.1,0,0.0,0.0,1,0.0,1.3,33,0.7,3.9,1,1.0,7.0,7,0.57,4.2,2,0.0,7.7,21,0.57,6.2,17,0.71,5.2,0
35800,ESPORTSTMNT04_2090210,RED: first_blood,RED: herald,BLUE: dragon,BLUE: herald,RED: first_tower_bot,BLUE: dragon,BLUE: first_tower_mid,BLUE: first_tower_top,BLUE: second_tower_mid,BLUE: dragon,BLUE: dragon,BLUE: baron,BLUE: first_tower_bot,BLUE: second_tower_bot,BLUE: third_tower_bot,BLUE: inhibitor_bot,BLUE: nexus_tower,BLUE: third_tower_mid,BLUE: inhibitor_mid,BLUE: second_tower_top,BLUE: third_tower_top,BLUE: nexus_tower,BLUE: inhibitor_top,BLUE: nexus,,,,,,,,,,,,,,,,,,,,,,28,0.68,3.8,0,0.0,0.0,0,0.0,0.0,5,0.6,2.5,1,0.0,1.0,10,0.7,4.3,1,1.0,8.5,4,0.75,4.3,1,0.0,2.5,7,0.57,2.6,0
35801,ESPORTSTMNT04_2090214,RED: first_blood,RED: herald,BLUE: dragon,RED: first_tower_top,BLUE: dragon,RED: first_tower_bot,RED: second_tower_bot,BLUE: herald,RED: first_tower_mid,BLUE: first_tower_bot,RED: dragon,RED: second_tower_mid,RED: baron,BLUE: dragon,RED: second_tower_top,RED: dragon,RED: baron,RED: third_tower_top,RED: inhibitor_top,RED: third_tower_bot,RED: inhibitor_bot,BLUE: first_tower_mid,BLUE: second_tower_mid,RED: dragon,RED: third_tower_mid,RED: inhibitor_mid,RED: nexus_tower,RED: nexus_tower,RED: nexus,,,,,,,,,,,,,,,,,0,0.0,0.0,20,0.35,2.2,0,0.0,0.0,6,0.33,5.2,3,0.33,3.9,10,0.6,2.6,0,0.0,0.0,10,0.4,4.8,0,0.0,0.0,0,0.0,0.0,1
35802,ESPORTSTMNT04_2090267,RED: dragon,RED: herald,RED: first_blood,RED: dragon,RED: first_tower_bot,RED: herald,BLUE: first_tower_top,RED: first_tower_mid,RED: dragon,RED: first_tower_top,BLUE: first_tower_bot,RED: second_tower_top,RED: dragon,RED: baron,RED: second_tower_mid,RED: third_tower_mid,RED: inhibitor_mid,RED: nexus_tower,RED: nexus_tower,RED: nexus,,,,,,,,,,,,,,,,,,,,,,,,,,5,0.4,6.6,9,0.78,5.2,4,0.5,4.3,9,0.33,3.7,23,0.52,2.0,8,0.63,3.7,0,0.0,0.0,0,0.0,0.0,0,0.0,0.0,18,0.39,2.8,1
35803,ESPORTSTMNT04_2090277,RED: first_blood,BLUE: dragon,BLUE: herald,BLUE: dragon,RED: herald,BLUE: dragon,BLUE: first_tower_bot,RED: first_tower_mid,BLUE: first_tower_top,BLUE: first_tower_mid,RED: dragon,BLUE: second_tower_bot,RED: first_tower_top,BLUE: dragon,BLUE: second_tower_mid,BLUE: baron,BLUE: third_tower_mid,BLUE: inhibitor_mid,BLUE: nexus_tower,BLUE: nexus_tower,BLUE: nexus,,,,,,,,,,,,,,,,,,,,,,,,,18,0.67,4.1,5,0.2,1.9,1,1.0,7.0,6,0.67,3.7,23,0.74,3.6,0,0.0,0.0,5,0.8,3.8,11,0.73,5.9,13,0.46,4.5,25,0.48,4.9,0
35804,ESPORTSTMNT04_2090300,RED: first_blood,RED: herald,BLUE: dragon,RED: first_tower_bot,BLUE: herald,BLUE: first_tower_mid,BLUE: second_tower_mid,BLUE: dragon,BLUE: first_tower_bot,BLUE: first_tower_top,RED: first_tower_top,BLUE: baron,RED: dragon,BLUE: second_tower_top,BLUE: second_tower_bot,BLUE: third_tower_bot,BLUE: inhibitor_bot,BLUE: third_tower_mid,BLUE: inhibitor_mid,BLUE: nexus_tower,BLUE: nexus_tower,BLUE: nexus,,,,,,,,,,,,,,,,,,,,,,,,2,0.5,3.0,5,0.4,3.4,1,1.0,2.3,6,0.83,21.0,37,0.7,3.1,17,0.35,1.8,4,0.5,2.4,4,0.25,2.5,19,0.58,4.0,12,0.67,4.4,0
35805,ESPORTSTMNT04_2090285,BLUE: first_blood,RED: dragon,BLUE: herald,BLUE: first_tower_bot,RED: dragon,BLUE: herald,BLUE: first_tower_top,RED: dragon,BLUE: first_tower_mid,RED: first_tower_top,RED: first_tower_bot,BLUE: dragon,RED: baron,RED: first_tower_mid,RED: second_tower_mid,RED: dragon,RED: second_tower_top,BLUE: second_tower_mid,RED: baron,BLUE: elder_dragon,RED: second_tower_bot,RED: third_tower_bot,RED: inhibitor_bot,BLUE: third_tower_mid,BLUE: inhibitor_mid,BLUE: nexus_tower,BLUE: nexus_tower,BLUE: nexus,,,,,,,,,,,,,,,,,,0,0.0,0.0,21,0.33,2.3,0,0.0,0.0,7,0.29,5.1,36,0.58,4.0,8,0.25,2.1,6,0.67,2.7,12,0.58,4.1,51,0.51,5.6,0,0.0,0.0,0
35806,ESPORTSTMNT04_2090301,RED: dragon,RED: first_blood,RED: herald,BLUE: dragon,RED: first_tower_bot,BLUE: herald,RED: first_tower_top,BLUE: dragon,BLUE: first_tower_mid,RED: baron,RED: first_tower_mid,RED: second_tower_bot,RED: third_tower_bot,RED: inhibitor_bot,RED: second_tower_mid,RED: second_tower_top,RED: dragon,RED: baron,RED: third_tower_mid,RED: inhibitor_mid,RED: third_tower_top,RED: inhibitor_top,RED: nexus_tower,RED: nexus_tower,RED: inhibitor_bot,RED: nexus,,,,,,,,,,,,,,,,,,,,3,0.0,1.2,25,0.48,3.8,0,0.0,0.0,2,0.0,3.0,8,0.5,2.4,7,0.57,1.6,18,0.56,3.6,4,0.75,8.8,37,0.78,5.4,54,0.41,3.4,1
35817,ESPORTSTMNT01_2700815,BLUE: herald,BLUE: first_blood,RED: dragon,BLUE: first_tower_top,BLUE: first_tower_bot,BLUE: herald,BLUE: first_tower_mid,RED: dragon,BLUE: second_tower_mid,BLUE: second_tower_top,RED: dragon,BLUE: second_tower_bot,BLUE: third_tower_mid,RED: baron,BLUE: dragon,RED: first_tower_top,RED: first_tower_bot,RED: first_tower_mid,RED: second_tower_bot,RED: dragon,RED: baron,RED: second_tower_mid,BLUE: third_tower_bot,RED: third_tower_mid,RED: inhibitor_mid,RED: third_tower_bot,RED: inhibitor_bot,RED: nexus_tower,RED: nexus_tower,RED: nexus,,,,,,,,,,,,,,,,0,0.0,0.0,2,0.5,2.9,3,0.67,8.2,30,0.6,4.7,0,0.0,0.0,0,0.0,0.0,11,0.55,2.4,5,0.6,2.9,1,0.0,3.7,2,0.5,3.3,1
35818,ESPORTSTMNT01_2690695,RED: first_blood,BLUE: herald,RED: dragon,RED: dragon,BLUE: first_tower_bot,RED: herald,RED: first_tower_top,RED: first_tower_bot,BLUE: first_tower_top,RED: dragon,RED: baron,RED: first_tower_mid,RED: second_tower_mid,RED: dragon,BLUE: second_tower_top,RED: second_tower_bot,RED: second_tower_top,BLUE: baron,RED: third_tower_mid,RED: inhibitor_mid,RED: nexus_tower,RED: nexus_tower,RED: nexus,,,,,,,,,,,,,,,,,,,,,,,0,0.0,0.0,6,0.5,3.0,3,0.67,8.2,30,0.6,4.7,22,0.73,3.2,0,0.0,0.0,11,0.55,2.4,3,1.0,8.8,11,0.45,3.7,17,0.59,3.1,1
35820,ESPORTSTMNT01_2690705,BLUE: first_blood,BLUE: herald,BLUE: dragon,RED: first_tower_bot,BLUE: herald,BLUE: first_tower_mid,BLUE: first_tower_bot,BLUE: dragon,RED: first_tower_top,BLUE: second_tower_mid,BLUE: dragon,BLUE: first_tower_top,BLUE: dragon,BLUE: baron,BLUE: elder_dragon,BLUE: third_tower_mid,BLUE: inhibitor_mid,BLUE: nexus_tower,BLUE: nexus_tower,BLUE: nexus,,,,,,,,,,,,,,,,,,,,,,,,,,2,1.0,20.0,2,0.5,3.0,26,0.54,5.6,6,0.33,2.0,10,0.4,4.3,7,0.43,2.4,0,0.0,0.0,24,0.29,3.8,20,0.4,3.2,0,0.0,0.0,0
35821,ESPORTSTMNT01_2690725,RED: first_blood,BLUE: herald,RED: first_tower_bot,RED: dragon,BLUE: first_tower_top,RED: dragon,RED: herald,RED: first_tower_mid,RED: second_tower_mid,BLUE: first_tower_bot,RED: first_tower_top,RED: third_tower_mid,RED: second_tower_bot,RED: dragon,RED: baron,RED: second_tower_top,RED: third_tower_top,RED: inhibitor_top,RED: nexus_tower,RED: nexus_tower,RED: nexus,,,,,,,,,,,,,,,,,,,,,,,,,0,0.0,0.0,4,0.25,4.3,24,0.29,3.8,37,0.43,5.5,3,0.33,3.3,0,0.0,0.0,7,0.71,3.3,32,0.75,4.6,3,1.0,19.0,10,0.4,4.3,1
35823,ESPORTSTMNT01_2701248,BLUE: first_blood,BLUE: herald,BLUE: dragon,BLUE: first_tower_mid,BLUE: herald,BLUE: first_tower_top,BLUE: first_tower_bot,BLUE: dragon,RED: first_tower_top,BLUE: second_tower_top,BLUE: dragon,BLUE: baron,BLUE: second_tower_mid,BLUE: second_tower_bot,BLUE: dragon,BLUE: third_tower_top,BLUE: third_tower_mid,BLUE: inhibitor_mid,BLUE: inhibitor_top,BLUE: third_tower_bot,BLUE: inhibitor_bot,BLUE: nexus_tower,BLUE: nexus_tower,BLUE: nexus,,,,,,,,,,,,,,,,,,,,,,3,1.0,4.6,40,0.48,3.1,100,0.6,4.3,3,0.33,3.6,43,0.58,3.0,0,0.0,0.0,15,0.67,3.8,1,0.0,17.0,9,0.44,3.4,11,0.73,10.4,0
35824,ESPORTSTMNT01_2701277,BLUE: first_blood,BLUE: herald,BLUE: dragon,BLUE: first_tower_bot,BLUE: dragon,BLUE: first_tower_mid,RED: first_tower_top,BLUE: herald,BLUE: first_tower_top,RED: first_tower_bot,BLUE: second_tower_bot,RED: dragon,BLUE: baron,BLUE: second_tower_mid,BLUE: second_tower_top,BLUE: third_tower_top,BLUE: third_tower_bot,BLUE: inhibitor_bot,RED: second_tower_top,BLUE: dragon,RED: first_tower_mid,BLUE: nexus_tower,BLUE: baron,BLUE: third_tower_mid,BLUE: inhibitor_mid,BLUE: inhibitor_top,BLUE: nexus_tower,BLUE: nexus,,,,,,,,,,,,,,,,,,0,0.0,0.0,15,0.67,3.8,0,0.0,0.0,16,0.5,3.7,8,0.0,1.4,32,0.63,3.7,40,0.48,3.1,5,0.6,5.1,17,0.65,4.4,43,0.58,3.0,0
35825,ESPORTSTMNT01_2701282,RED: first_blood,RED: herald,RED: first_tower_bot,BLUE: dragon,BLUE: herald,BLUE: first_tower_top,RED: dragon,BLUE: first_tower_bot,RED: first_tower_top,RED: first_tower_mid,RED: dragon,RED: dragon,BLUE: first_tower_mid,RED: baron,RED: second_tower_mid,RED: second_tower_bot,RED: third_tower_bot,RED: inhibitor_bot,RED: third_tower_mid,RED: inhibitor_mid,RED: second_tower_top,RED: third_tower_top,BLUE: dragon,RED: nexus_tower,RED: inhibitor_top,RED: nexus_tower,RED: nexus,,,,,,,,,,,,,,,,,,,3,1.0,4.6,40,0.48,3.1,39,0.56,4.0,3,0.33,3.6,43,0.58,3.0,0,0.0,0.0,15,0.67,3.8,0,0.0,0.0,9,0.44,3.4,3,0.0,0.9,1
35826,ESPORTSTMNT01_2701289,RED: dragon,BLUE: herald,BLUE: first_blood,RED: first_tower_bot,BLUE: dragon,BLUE: herald,RED: dragon,RED: first_tower_mid,BLUE: first_tower_top,BLUE: first_tower_bot,RED: dragon,RED: dragon,BLUE: first_tower_mid,RED: first_tower_top,BLUE: baron,BLUE: second_tower_bot,RED: elder_dragon,RED: second_tower_top,RED: third_tower_top,RED: inhibitor_top,RED: second_tower_mid,RED: baron,RED: second_tower_bot,RED: third_tower_bot,RED: inhibitor_bot,RED: nexus_tower,RED: nexus_tower,RED: nexus,,,,,,,,,,,,,,,,,,22,0.64,3.2,10,0.4,2.7,18,0.39,7.6,9,0.56,7.1,8,0.63,5.9,10,0.6,2.5,9,0.56,2.4,16,0.56,8.1,3,0.33,2.6,8,0.13,2.3,1
35827,ESPORTSTMNT01_2701333,RED: first_blood,RED: herald,BLUE: dragon,RED: first_tower_top,RED: first_tower_bot,BLUE: dragon,RED: second_tower_top,RED: herald,RED: first_tower_mid,RED: dragon,RED: baron,BLUE: first_tower_bot,BLUE: first_tower_top,RED: second_tower_bot,RED: third_tower_bot,RED: inhibitor_bot,RED: nexus_tower,RED: nexus_tower,RED: second_tower_mid,RED: nexus,,,,,,,,,,,,,,,,,,,,,,,,,,36,0.64,2.7,10,0.4,2.7,0,0.0,0.0,9,0.56,7.1,27,0.67,4.8,0,0.0,0.0,17,0.47,3.6,14,0.79,4.7,44,0.7,5.3,9,0.56,4.8,1
35829,ESPORTSTMNT01_2691507,RED: first_blood,RED: herald,RED: dragon,BLUE: herald,BLUE: first_tower_mid,BLUE: second_tower_mid,BLUE: first_tower_bot,RED: first_tower_mid,RED: first_tower_bot,RED: dragon,RED: first_tower_top,RED: second_tower_bot,RED: dragon,RED: second_tower_mid,BLUE: first_tower_top,RED: baron,RED: third_tower_bot,RED: inhibitor_bot,RED: third_tower_mid,RED: inhibitor_mid,RED: nexus_tower,RED: nexus_tower,RED: nexus,,,,,,,,,,,,,,,,,,,,,,,7,0.71,9.0,5,0.4,2.6,2,1.0,3.6,38,0.58,4.6,5,0.6,3.6,0,0.0,0.0,3,0.33,2.6,10,0.7,9.3,69,0.58,3.8,25,0.56,4.3,1
35830,ESPORTSTMNT01_2691515,RED: first_blood,BLUE: herald,BLUE: first_tower_bot,BLUE: dragon,BLUE: first_tower_top,BLUE: first_tower_mid,BLUE: herald,BLUE: second_tower_bot,RED: dragon,BLUE: second_tower_mid,BLUE: baron,BLUE: dragon,BLUE: third_tower_mid,BLUE: inhibitor_mid,BLUE: third_tower_bot,BLUE: inhibitor_bot,BLUE: nexus_tower,BLUE: second_tower_top,BLUE: third_tower_top,BLUE: inhibitor_top,BLUE: nexus_tower,BLUE: nexus,,,,,,,,,,,,,,,,,,,,,,,,0,0.0,0.0,86,0.58,4.2,10,0.7,9.3,0,0.0,0.0,23,0.48,3.3,8,0.13,1.7,5,0.4,2.6,19,0.53,5.3,32,0.56,4.3,20,0.55,1.8,0
35832,ESPORTSTMNT01_2691518,BLUE: first_blood,BLUE: herald,RED: first_tower_top,BLUE: first_tower_bot,BLUE: dragon,BLUE: herald,RED: first_tower_mid,BLUE: first_tower_top,RED: first_tower_bot,BLUE: dragon,RED: dragon,BLUE: first_tower_mid,BLUE: baron,BLUE: second_tower_bot,BLUE: second_tower_mid,BLUE: dragon,BLUE: dragon,RED: baron,RED: second_tower_top,RED: second_tower_bot,BLUE: third_tower_mid,BLUE: inhibitor_mid,BLUE: nexus_tower,BLUE: nexus_tower,BLUE: nexus,,,,,,,,,,,,,,,,,,,,,19,0.63,2.7,7,0.43,2.2,13,0.15,2.4,28,0.57,4.7,14,0.43,2.6,2,0.5,1.9,8,0.75,3.6,62,0.65,4.3,8,0.63,7.7,8,0.25,2.0,0
35833,ESPORTSTMNT01_2691546,RED: dragon,BLUE: first_blood,BLUE: herald,BLUE: first_tower_top,BLUE: dragon,BLUE: herald,BLUE: dragon,BLUE: first_tower_bot,BLUE: first_tower_mid,RED: first_tower_top,RED: dragon,RED: first_tower_bot,BLUE: second_tower_mid,BLUE: dragon,RED: baron,RED: first_tower_mid,RED: second_tower_bot,RED: dragon,BLUE: second_tower_top,RED: baron,RED: second_tower_top,RED: third_tower_top,RED: inhibitor_top,BLUE: dragon,BLUE: third_tower_mid,RED: third_tower_bot,BLUE: baron,BLUE: elder_dragon,BLUE: second_tower_bot,BLUE: third_tower_bot,BLUE: inhibitor_bot,BLUE: nexus_tower,BLUE: nexus_tower,RED: second_tower_mid,BLUE: nexus,,,,,,,,,,,3,0.67,5.6,8,0.5,2.5,33,0.76,4.7,19,0.79,6.7,17,0.71,3.2,8,0.38,3.6,5,0.2,2.8,23,0.35,2.6,2,0.5,4.4,3,0.67,3.6,0
35834,ESPORTSTMNT01_2691557,RED: first_blood,RED: herald,BLUE: dragon,RED: dragon,RED: first_tower_bot,RED: herald,RED: first_tower_mid,BLUE: first_tower_bot,RED: first_tower_top,BLUE: first_tower_top,RED: second_tower_mid,RED: dragon,RED: dragon,RED: baron,RED: dragon,RED: second_tower_bot,RED: third_tower_bot,RED: inhibitor_bot,RED: third_tower_mid,RED: inhibitor_mid,RED: second_tower_top,RED: third_tower_top,RED: inhibitor_top,RED: baron,RED: elder_dragon,RED: inhibitor_mid,RED: inhibitor_bot,RED: nexus_tower,RED: nexus_tower,RED: nexus,,,,,,,,,,,,,,,,8,0.38,3.6,7,0.43,2.2,13,0.23,2.7,28,0.57,4.7,0,0.0,0.0,0,0.0,0.0,3,0.67,3.4,0,0.0,0.0,19,0.79,6.7,7,0.71,7.2,1
35835,ESPORTSTMNT01_2701941,RED: first_blood,RED: dragon,RED: herald,RED: dragon,BLUE: herald,RED: dragon,BLUE: first_tower_bot,BLUE: first_tower_top,BLUE: dragon,BLUE: first_tower_mid,BLUE: baron,RED: first_tower_mid,BLUE: second_tower_bot,RED: first_tower_top,BLUE: third_tower_bot,BLUE: second_tower_mid,BLUE: inhibitor_bot,BLUE: third_tower_mid,BLUE: inhibitor_mid,BLUE: dragon,BLUE: second_tower_top,BLUE: third_tower_top,BLUE: inhibitor_top,BLUE: nexus_tower,BLUE: nexus_tower,BLUE: nexus,,,,,,,,,,,,,,,,,,,,5,0.8,3.9,0,0.0,0.0,8,0.0,2.5,32,0.72,7.8,0,0.0,0.0,39,0.56,4.1,13,0.62,2.8,13,0.77,6.6,12,0.5,4.0,1,0.0,0.5,0
35836,ESPORTSTMNT01_2701966,BLUE: first_blood,BLUE: herald,BLUE: first_tower_top,BLUE: dragon,BLUE: second_tower_top,BLUE: herald,BLUE: first_tower_mid,BLUE: first_tower_bot,BLUE: dragon,BLUE: second_tower_mid,BLUE: second_tower_bot,RED: first_tower_top,BLUE: third_tower_bot,BLUE: inhibitor_bot,BLUE: dragon,BLUE: baron,RED: first_tower_mid,BLUE: third_tower_top,BLUE: nexus_tower,BLUE: inhibitor_top,BLUE: nexus_tower,BLUE: third_tower_mid,BLUE: nexus,,,,,,,,,,,,,,,,,,,,,,,5,0.8,3.9,6,0.67,4.2,38,0.63,5.7,18,0.61,4.2,2,0.5,2.5,0,0.0,0.0,3,0.33,4.0,4,1.0,8.8,12,0.5,4.0,18,0.61,3.1,0
35838,ESPORTSTMNT01_2701968,RED: first_blood,RED: herald,BLUE: dragon,RED: first_tower_top,BLUE: first_tower_top,BLUE: herald,RED: first_tower_bot,BLUE: second_tower_top,BLUE: first_tower_mid,RED: second_tower_bot,RED: dragon,RED: baron,RED: dragon,RED: second_tower_top,RED: first_tower_mid,RED: second_tower_mid,RED: dragon,RED: third_tower_mid,RED: inhibitor_mid,RED: nexus_tower,RED: baron,RED: dragon,RED: third_tower_bot,RED: inhibitor_bot,RED: nexus_tower,RED: third_tower_top,RED: nexus,,,,,,,,,,,,,,,,,,,1,0.0,2.0,5,0.2,2.7,12,0.58,5.1,57,0.56,5.1,11,0.45,3.8,0,0.0,0.0,18,0.44,3.4,17,0.82,14.3,20,0.5,3.7,19,0.68,2.7,1
35839,ESPORTSTMNT01_2701997,RED: first_blood,RED: dragon,BLUE: herald,RED: dragon,RED: herald,BLUE: first_tower_bot,RED: first_tower_top,RED: dragon,RED: dragon,RED: first_tower_bot,BLUE: first_tower_mid,BLUE: second_tower_mid,RED: elder_dragon,RED: baron,RED: second_tower_top,RED: first_tower_mid,RED: second_tower_mid,RED: third_tower_top,RED: inhibitor_top,RED: third_tower_mid,RED: inhibitor_mid,RED: nexus_tower,RED: nexus_tower,RED: nexus,,,,,,,,,,,,,,,,,,,,,,36,0.47,2.6,5,0.2,2.7,6,0.33,4.4,57,0.56,5.1,11,0.45,3.8,2,0.0,1.2,18,0.44,3.4,17,0.71,10.1,20,0.5,3.7,19,0.68,2.7,1
35841,ESPORTSTMNT01_2702254,BLUE: first_blood,RED: herald,BLUE: dragon,RED: first_tower_top,BLUE: dragon,BLUE: first_tower_bot,RED: herald,RED: first_tower_mid,BLUE: dragon,BLUE: first_tower_mid,RED: first_tower_bot,BLUE: dragon,BLUE: baron,BLUE: first_tower_top,BLUE: second_tower_mid,BLUE: second_tower_top,BLUE: third_tower_top,BLUE: inhibitor_top,BLUE: elder_dragon,BLUE: nexus_tower,BLUE: third_tower_mid,BLUE: nexus_tower,BLUE: inhibitor_mid,BLUE: nexus,,,,,,,,,,,,,,,,,,,,,,10,0.3,2.9,9,0.44,2.5,14,0.21,2.4,3,0.33,4.0,19,0.53,4.1,2,0.5,1.6,35,0.57,3.0,0,0.0,0.0,15,0.4,3.7,5,0.8,8.0,0
35842,ESPORTSTMNT01_2702297,BLUE: first_blood,BLUE: herald,RED: dragon,BLUE: herald,BLUE: first_tower_top,BLUE: dragon,BLUE: first_tower_bot,RED: first_tower_top,BLUE: dragon,BLUE: dragon,BLUE: first_tower_mid,RED: baron,RED: first_tower_mid,RED: first_tower_bot,RED: second_tower_bot,RED: third_tower_bot,RED: inhibitor_bot,RED: dragon,RED: second_tower_mid,RED: baron,RED: second_tower_top,RED: third_tower_top,RED: inhibitor_top,BLUE: second_tower_mid,BLUE: third_tower_mid,BLUE: inhibitor_mid,BLUE: nexus_tower,BLUE: nexus_tower,BLUE: nexus,,,,,,,,,,,,,,,,,4,0.25,1.4,0,0.0,0.0,0,0.0,0.0,15,0.4,3.7,9,0.11,1.8,10,0.3,2.9,53,0.55,3.0,2,0.0,0.7,30,0.57,4.4,15,0.47,2.8,0
35843,ESPORTSTMNT01_2702309,RED: dragon,BLUE: first_blood,RED: herald,RED: dragon,BLUE: first_tower_bot,RED: herald,BLUE: first_tower_mid,RED: first_tower_top,BLUE: dragon,RED: first_tower_bot,BLUE: first_tower_top,BLUE: second_tower_mid,BLUE: dragon,BLUE: second_tower_bot,BLUE: dragon,BLUE: baron,BLUE: third_tower_mid,BLUE: second_tower_top,BLUE: third_tower_top,BLUE: inhibitor_mid,BLUE: third_tower_bot,BLUE: inhibitor_top,BLUE: nexus_tower,BLUE: inhibitor_bot,BLUE: nexus_tower,BLUE: nexus,,,,,,,,,,,,,,,,,,,,10,0.3,2.9,9,0.44,2.5,21,0.57,3.9,3,0.33,4.0,19,0.53,4.1,2,0.5,1.6,0,0.0,0.0,0,0.0,0.0,1,1.0,4.0,5,0.4,1.8,0
35844,ESPORTSTMNT01_2702317,RED: first_blood,BLUE: dragon,BLUE: herald,BLUE: dragon,BLUE: herald,RED: first_tower_bot,RED: first_tower_top,BLUE: dragon,BLUE: first_tower_top,BLUE: dragon,RED: first_tower_mid,RED: elder_dragon,BLUE: baron,BLUE: first_tower_mid,BLUE: second_tower_top,BLUE: first_tower_bot,RED: second_tower_mid,BLUE: elder_dragon,BLUE: second_tower_mid,BLUE: third_tower_mid,BLUE: inhibitor_mid,BLUE: nexus_tower,BLUE: nexus_tower,BLUE: nexus,,,,,,,,,,,,,,,,,,,,,,1,0.0,1.5,11,0.82,6.4,18,0.89,14.5,13,0.31,3.0,10,0.4,1.9,5,0.4,2.7,99,0.57,4.1,23,0.61,8.1,129,0.6,4.9,22,0.59,9.8,0
35845,ESPORTSTMNT01_2702340,RED: first_blood,RED: dragon,BLUE: herald,RED: dragon,RED: first_tower_bot,RED: herald,BLUE: first_tower_bot,RED: first_tower_top,BLUE: first_tower_top,RED: first_tower_mid,BLUE: second_tower_top,RED: dragon,BLUE: first_tower_mid,BLUE: baron,BLUE: second_tower_mid,BLUE: second_tower_bot,BLUE: dragon,BLUE: baron,BLUE: third_tower_top,BLUE: inhibitor_top,RED: second_tower_bot,RED: dragon,BLUE: third_tower_mid,BLUE: inhibitor_mid,BLUE: nexus_tower,BLUE: nexus_tower,RED: elder_dragon,RED: second_tower_mid,RED: baron,BLUE: elder_dragon,BLUE: inhibitor_mid,BLUE: nexus,,,,,,,,,,,,,,6,0.67,4.0,0,0.0,0.0,12,0.75,10.9,29,0.66,4.8,24,0.5,3.4,1,0.0,1.3,18,0.5,3.8,11,0.82,9.6,8,0.5,5.5,24,0.5,2.9,0
35846,ESPORTSTMNT01_2692264,BLUE: first_blood,RED: dragon,RED: herald,RED: dragon,RED: first_tower_bot,BLUE: herald,BLUE: first_tower_top,RED: dragon,BLUE: first_tower_mid,BLUE: first_tower_bot,RED: first_tower_mid,BLUE: dragon,RED: first_tower_top,BLUE: baron,RED: second_tower_bot,BLUE: second_tower_top,BLUE: second_tower_bot,BLUE: dragon,RED: third_tower_bot,RED: baron,RED: second_tower_mid,RED: third_tower_mid,RED: inhibitor_mid,RED: nexus_tower,RED: nexus_tower,RED: nexus,,,,,,,,,,,,,,,,,,,,9,0.33,3.2,4,0.75,7.5,15,0.8,4.8,34,0.53,4.5,6,0.5,7.0,20,0.65,4.3,0,0.0,0.0,12,0.75,10.9,1,0.0,0.7,0,0.0,0.0,1
35898,ESPORTSTMNT01_2691713,BLUE: first_blood,RED: dragon,RED: herald,RED: first_tower_bot,RED: dragon,RED: first_tower_top,RED: herald,RED: first_tower_mid,RED: dragon,RED: second_tower_bot,RED: dragon,RED: second_tower_mid,RED: third_tower_mid,RED: inhibitor_mid,RED: baron,RED: second_tower_top,RED: third_tower_top,RED: inhibitor_top,RED: third_tower_bot,RED: nexus_tower,RED: nexus_tower,RED: nexus,,,,,,,,,,,,,,,,,,,,,,,,11,0.64,2.3,6,0.5,2.5,14,0.5,4.6,0,0.0,0.0,26,0.38,2.5,58,0.53,3.2,13,0.77,7.1,9,0.44,3.8,1,0.0,0.3,13,0.38,2.7,1
35899,ESPORTSTMNT01_2701892,BLUE: first_blood,BLUE: dragon,BLUE: herald,BLUE: dragon,RED: herald,RED: first_tower_bot,RED: first_tower_top,RED: first_tower_mid,BLUE: dragon,BLUE: first_tower_mid,BLUE: first_tower_top,BLUE: dragon,BLUE: first_tower_bot,BLUE: baron,BLUE: second_tower_bot,BLUE: third_tower_bot,BLUE: inhibitor_bot,BLUE: second_tower_mid,BLUE: third_tower_mid,BLUE: inhibitor_mid,BLUE: nexus_tower,BLUE: nexus_tower,BLUE: nexus,,,,,,,,,,,,,,,,,,,,,,,13,0.77,6.8,17,0.59,4.1,0,0.0,0.0,5,0.8,12.5,7,0.57,5.6,13,0.62,3.4,5,0.6,2.6,2,0.5,3.4,14,0.5,3.4,16,0.44,2.4,0
35900,ESPORTSTMNT01_2701898,RED: first_blood,RED: herald,BLUE: dragon,RED: dragon,BLUE: herald,BLUE: first_tower_bot,BLUE: first_tower_mid,BLUE: first_tower_top,BLUE: dragon,RED: first_tower_top,RED: first_tower_mid,RED: baron,RED: first_tower_bot,RED: second_tower_mid,RED: second_tower_bot,RED: dragon,BLUE: second_tower_mid,RED: baron,BLUE: dragon,RED: second_tower_top,RED: third_tower_mid,RED: third_tower_top,RED: inhibitor_top,RED: inhibitor_mid,RED: dragon,RED: third_tower_bot,RED: dragon,RED: baron,RED: inhibitor_top,RED: inhibitor_mid,RED: inhibitor_bot,RED: nexus_tower,RED: nexus_tower,RED: nexus,,,,,,,,,,,,1,1.0,3.0,7,0.29,1.6,15,0.6,4.0,3,0.0,0.4,73,0.56,3.5,0,0.0,0.0,20,0.7,4.0,15,0.47,4.2,0,0.0,0.0,13,0.38,2.6,1
35901,ESPORTSTMNT01_2701905,RED: first_blood,BLUE: herald,BLUE: first_tower_top,RED: dragon,BLUE: first_tower_bot,BLUE: herald,RED: dragon,BLUE: first_tower_mid,BLUE: second_tower_top,BLUE: second_tower_mid,BLUE: second_tower_bot,BLUE: dragon,BLUE: third_tower_mid,BLUE: dragon,BLUE: baron,BLUE: inhibitor_mid,BLUE: third_tower_top,BLUE: inhibitor_top,BLUE: nexus_tower,BLUE: nexus_tower,BLUE: third_tower_bot,BLUE: nexus,,,,,,,,,,,,,,,,,,,,,,,,53,0.55,3.8,24,0.58,4.4,11,0.36,2.0,15,0.47,3.1,5,0.6,6.6,24,0.67,2.6,6,0.67,4.6,0,0.0,0.0,12,0.33,2.3,26,0.42,3.3,0
35902,ESPORTSTMNT01_2701917,RED: first_blood,BLUE: dragon,RED: herald,BLUE: first_tower_bot,BLUE: dragon,BLUE: first_tower_top,BLUE: herald,BLUE: first_tower_mid,BLUE: dragon,BLUE: dragon,RED: first_tower_bot,BLUE: second_tower_bot,BLUE: second_tower_top,RED: first_tower_mid,BLUE: elder_dragon,BLUE: baron,BLUE: second_tower_mid,BLUE: third_tower_mid,BLUE: inhibitor_mid,BLUE: nexus_tower,RED: first_tower_top,BLUE: third_tower_bot,BLUE: nexus_tower,BLUE: nexus,,,,,,,,,,,,,,,,,,,,,,0,0.0,0.0,27,0.74,4.7,13,0.46,3.3,1,0.0,2.7,24,0.63,4.3,14,0.43,2.5,2,0.5,6.0,1,0.0,0.3,20,0.45,4.0,31,0.42,3.0,0
35904,ESPORTSTMNT01_2702177,BLUE: first_blood,RED: herald,BLUE: dragon,RED: first_tower_top,BLUE: first_tower_bot,BLUE: herald,BLUE: dragon,BLUE: first_tower_mid,BLUE: baron,BLUE: second_tower_mid,BLUE: second_tower_bot,BLUE: third_tower_bot,BLUE: third_tower_mid,BLUE: inhibitor_bot,BLUE: nexus_tower,BLUE: nexus_tower,BLUE: inhibitor_mid,BLUE: nexus,,,,,,,,,,,,,,,,,,,,,,,,,,,,26,0.58,2.9,38,0.45,2.5,0,0.0,0.0,11,0.73,6.8,2,0.0,4.8,6,0.33,1.6,6,0.5,4.4,54,0.56,3.7,45,0.36,3.2,10,0.7,10.8,0
35905,ESPORTSTMNT01_2702184,BLUE: first_blood,RED: herald,RED: dragon,BLUE: herald,BLUE: dragon,BLUE: first_tower_top,BLUE: first_tower_bot,BLUE: second_tower_bot,RED: dragon,BLUE: first_tower_mid,RED: first_tower_bot,RED: dragon,BLUE: baron,RED: first_tower_mid,BLUE: second_tower_top,BLUE: second_tower_mid,BLUE: third_tower_mid,BLUE: inhibitor_mid,RED: dragon,RED: baron,RED: second_tower_mid,RED: third_tower_mid,RED: second_tower_bot,RED: inhibitor_mid,BLUE: elder_dragon,RED: first_tower_top,RED: nexus_tower,RED: nexus_tower,RED: third_tower_bot,RED: second_tower_top,RED: inhibitor_bot,RED: nexus,,,,,,,,,,,,,,17,0.53,2.1,27,0.67,7.2,15,0.53,4.1,22,0.55,2.4,29,0.59,4.2,57,0.58,3.3,16,0.56,3.4,0,0.0,0.0,3,0.33,2.6,41,0.46,4.0,1
35906,ESPORTSTMNT01_2702196,BLUE: first_blood,RED: dragon,BLUE: herald,BLUE: first_tower_top,RED: dragon,RED: first_tower_bot,RED: dragon,BLUE: first_tower_bot,RED: herald,RED: first_tower_mid,BLUE: dragon,BLUE: second_tower_top,BLUE: dragon,RED: baron,BLUE: second_tower_bot,RED: first_tower_top,BLUE: first_tower_mid,RED: second_tower_top,RED: second_tower_mid,BLUE: dragon,RED: third_tower_mid,RED: inhibitor_mid,RED: nexus_tower,RED: nexus_tower,RED: nexus,,,,,,,,,,,,,,,,,,,,,8,0.25,1.3,7,0.43,3.9,3,0.33,2.4,46,0.35,3.1,9,0.44,2.9,0,0.0,0.0,10,0.5,3.7,6,0.5,3.4,0,0.0,0.0,6,0.67,4.0,1
35907,ESPORTSTMNT01_2702203,RED: dragon,RED: first_blood,RED: herald,RED: first_tower_top,RED: dragon,RED: first_tower_bot,RED: first_tower_mid,RED: herald,BLUE: dragon,RED: second_tower_bot,RED: second_tower_top,RED: baron,BLUE: first_tower_bot,RED: second_tower_mid,RED: third_tower_mid,RED: third_tower_bot,RED: inhibitor_bot,RED: inhibitor_mid,RED: nexus_tower,RED: nexus_tower,RED: nexus,,,,,,,,,,,,,,,,,,,,,,,,,12,0.83,3.5,39,0.46,2.5,17,0.47,3.7,3,0.33,2.1,3,0.33,6.0,1,0.0,0.3,9,0.67,4.9,1,0.0,0.4,4,0.5,3.3,38,0.58,2.8,1
35908,ESPORTSTMNT01_2702518,RED: dragon,BLUE: herald,RED: dragon,BLUE: first_blood,BLUE: herald,BLUE: first_tower_mid,BLUE: dragon,RED: first_tower_top,BLUE: first_tower_bot,BLUE: baron,RED: first_tower_bot,BLUE: first_tower_top,BLUE: second_tower_top,BLUE: dragon,RED: first_tower_mid,BLUE: third_tower_top,BLUE: dragon,BLUE: baron,BLUE: second_tower_bot,BLUE: second_tower_mid,BLUE: third_tower_bot,BLUE: inhibitor_bot,BLUE: nexus_tower,BLUE: nexus_tower,BLUE: nexus,,,,,,,,,,,,,,,,,,,,,3,0.33,1.3,8,0.25,1.6,2,0.0,1.4,4,0.0,1.4,20,0.35,2.4,0,0.0,0.0,14,0.79,7.5,12,0.42,2.1,25,0.72,4.3,13,0.46,2.4,0
35909,ESPORTSTMNT01_2692497,RED: first_blood,BLUE: herald,RED: dragon,BLUE: first_tower_bot,BLUE: first_tower_top,BLUE: dragon,BLUE: herald,BLUE: first_tower_mid,BLUE: second_tower_top,RED: first_tower_bot,BLUE: dragon,RED: first_tower_mid,BLUE: baron,RED: dragon,BLUE: second_tower_mid,BLUE: third_tower_top,BLUE: second_tower_bot,RED: first_tower_top,BLUE: third_tower_bot,BLUE: third_tower_mid,BLUE: inhibitor_mid,BLUE: inhibitor_bot,BLUE: inhibitor_top,BLUE: nexus_tower,BLUE: nexus_tower,BLUE: nexus,,,,,,,,,,,,,,,,,,,,2,0.5,1.1,17,0.71,6.1,33,0.48,6.3,3,0.67,3.7,35,0.77,5.3,1,1.0,3.0,13,0.46,3.2,8,0.5,3.0,35,0.57,6.1,3,0.33,5.8,0
35910,ESPORTSTMNT01_2692529,RED: first_blood,BLUE: herald,RED: dragon,RED: dragon,BLUE: first_tower_bot,RED: herald,RED: first_tower_bot,BLUE: first_tower_top,RED: dragon,RED: first_tower_mid,RED: first_tower_top,RED: dragon,RED: baron,RED: second_tower_top,RED: third_tower_top,RED: inhibitor_top,RED: second_tower_bot,RED: third_tower_bot,RED: inhibitor_bot,RED: nexus_tower,RED: nexus_tower,RED: nexus,,,,,,,,,,,,,,,,,,,,,,,,3,0.0,0.7,7,0.86,6.3,5,0.2,2.6,0,0.0,0.0,11,0.55,3.0,17,0.59,4.4,16,0.63,3.5,1,1.0,5.3,26,0.65,6.7,11,0.55,3.8,1
35911,ESPORTSTMNT01_2692548,BLUE: first_blood,BLUE: dragon,BLUE: herald,BLUE: first_tower_bot,BLUE: dragon,BLUE: first_tower_mid,BLUE: herald,BLUE: first_tower_top,BLUE: dragon,BLUE: second_tower_top,BLUE: second_tower_bot,RED: first_tower_top,BLUE: dragon,BLUE: third_tower_bot,BLUE: second_tower_mid,BLUE: inhibitor_bot,BLUE: baron,BLUE: third_tower_mid,BLUE: inhibitor_mid,BLUE: third_tower_top,BLUE: inhibitor_top,BLUE: nexus_tower,BLUE: nexus_tower,BLUE: nexus,,,,,,,,,,,,,,,,,,,,,,6,0.67,3.5,9,0.22,2.8,2,0.5,1.5,4,0.5,3.3,8,0.5,5.1,1,0.0,0.5,9,0.78,5.5,43,0.51,3.7,19,0.37,2.9,37,0.76,7.2,0
35912,ESPORTSTMNT01_2692567,BLUE: first_blood,RED: herald,RED: dragon,RED: first_tower_bot,RED: first_tower_top,RED: herald,RED: first_tower_mid,BLUE: dragon,RED: second_tower_top,BLUE: first_tower_mid,RED: third_tower_top,BLUE: first_tower_bot,BLUE: second_tower_bot,BLUE: dragon,RED: baron,RED: second_tower_mid,RED: second_tower_bot,RED: inhibitor_top,BLUE: dragon,RED: nexus_tower,RED: nexus_tower,RED: nexus,,,,,,,,,,,,,,,,,,,,,,,,14,0.57,3.2,11,0.45,4.3,16,0.44,3.6,57,0.44,4.3,7,0.43,2.1,2,0.5,2.6,8,0.25,1.6,16,0.56,3.8,4,0.0,1.4,46,0.61,3.8,1
35918,ESPORTSTMNT04_2090326,BLUE: first_blood,RED: dragon,BLUE: herald,BLUE: first_tower_mid,BLUE: dragon,BLUE: first_tower_top,BLUE: herald,BLUE: dragon,BLUE: first_tower_bot,BLUE: second_tower_mid,BLUE: baron,BLUE: second_tower_bot,BLUE: third_tower_bot,BLUE: inhibitor_bot,BLUE: dragon,BLUE: second_tower_top,BLUE: third_tower_mid,BLUE: dragon,RED: first_tower_top,BLUE: baron,BLUE: inhibitor_mid,BLUE: nexus_tower,BLUE: inhibitor_bot,BLUE: third_tower_top,BLUE: nexus_tower,BLUE: nexus,,,,,,,,,,,,,,,,,,,,19,0.58,3.3,1,1.0,11.0,2,0.0,1.4,4,0.5,3.2,22,0.32,2.1,25,0.48,2.5,2,0.5,4.0,0,0.0,0.0,7,0.43,3.4,16,0.69,3.7,0
35919,ESPORTSTMNT04_2090342,RED: first_blood,RED: dragon,BLUE: herald,BLUE: first_tower_top,BLUE: dragon,RED: herald,BLUE: first_tower_bot,RED: first_tower_mid,BLUE: dragon,RED: dragon,BLUE: first_tower_mid,BLUE: baron,BLUE: second_tower_mid,BLUE: second_tower_bot,BLUE: third_tower_mid,BLUE: inhibitor_mid,BLUE: third_tower_bot,BLUE: inhibitor_bot,BLUE: nexus_tower,BLUE: nexus_tower,BLUE: nexus,,,,,,,,,,,,,,,,,,,,,,,,,17,0.35,2.4,17,0.29,3.5,6,0.33,2.4,4,1.0,21.7,24,0.83,5.8,1,0.0,4.0,25,0.52,3.3,0,0.0,0.0,5,0.6,7.0,17,0.53,2.9,0
35921,ESPORTSTMNT04_2090354,RED: dragon,RED: herald,BLUE: first_blood,BLUE: dragon,RED: first_tower_top,BLUE: first_tower_bot,RED: herald,RED: first_tower_mid,RED: dragon,RED: first_tower_bot,BLUE: baron,RED: second_tower_mid,BLUE: first_tower_top,BLUE: dragon,BLUE: first_tower_mid,RED: second_tower_top,RED: baron,RED: third_tower_top,RED: inhibitor_top,RED: dragon,RED: second_tower_bot,RED: third_tower_mid,RED: baron,BLUE: dragon,RED: inhibitor_mid,RED: inhibitor_top,RED: nexus_tower,RED: nexus_tower,RED: nexus,,,,,,,,,,,,,,,,,13,0.62,3.1,2,0.5,5.0,0,0.0,0.0,6,0.33,4.0,45,0.47,3.2,2,1.0,30.0,5,0.6,2.7,4,0.75,4.3,1,1.0,7.0,12,0.67,3.5,1
35922,ESPORTSTMNT04_2090358,RED: first_blood,RED: herald,BLUE: dragon,RED: first_tower_top,BLUE: first_tower_bot,BLUE: herald,RED: first_tower_bot,BLUE: first_tower_mid,RED: dragon,BLUE: first_tower_top,BLUE: dragon,RED: first_tower_mid,BLUE: baron,BLUE: second_tower_bot,BLUE: second_tower_mid,BLUE: third_tower_mid,BLUE: inhibitor_mid,BLUE: dragon,BLUE: second_tower_top,RED: baron,RED: dragon,RED: second_tower_bot,BLUE: inhibitor_mid,BLUE: nexus_tower,BLUE: nexus_tower,BLUE: nexus,,,,,,,,,,,,,,,,,,,,1,0.0,1.0,8,0.5,2.5,15,0.6,3.3,12,0.67,7.3,61,0.69,3.3,6,0.83,3.7,11,0.73,5.0,7,0.43,6.4,11,0.73,4.5,0,0.0,0.0,0
35923,ESPORTSTMNT04_2090389,BLUE: first_blood,BLUE: herald,RED: dragon,BLUE: first_tower_top,RED: dragon,BLUE: herald,BLUE: first_tower_mid,BLUE: second_tower_mid,RED: first_tower_mid,BLUE: first_tower_bot,BLUE: dragon,RED: first_tower_top,BLUE: dragon,RED: baron,BLUE: dragon,BLUE: second_tower_bot,BLUE: third_tower_bot,BLUE: inhibitor_bot,RED: first_tower_bot,RED: second_tower_mid,RED: baron,BLUE: second_tower_top,RED: second_tower_bot,RED: third_tower_mid,RED: inhibitor_mid,RED: nexus_tower,RED: nexus_tower,RED: nexus,,,,,,,,,,,,,,,,,,19,0.42,2.6,6,0.5,3.8,18,0.61,7.5,2,0.5,3.2,2,0.5,21.0,1,0.0,0.6,12,0.83,3.5,9,0.22,2.4,3,0.33,3.9,0,0.0,0.0,1
35924,ESPORTSTMNT04_2110359,RED: first_blood,RED: herald,RED: dragon,BLUE: first_tower_bot,RED: herald,RED: first_tower_mid,BLUE: first_tower_top,RED: dragon,BLUE: second_tower_top,RED: first_tower_bot,BLUE: dragon,BLUE: baron,BLUE: first_tower_mid,RED: first_tower_top,BLUE: second_tower_mid,BLUE: second_tower_bot,BLUE: dragon,BLUE: third_tower_mid,RED: baron,BLUE: inhibitor_mid,BLUE: nexus_tower,BLUE: nexus_tower,BLUE: nexus,,,,,,,,,,,,,,,,,,,,,,,20,0.5,3.1,22,0.41,3.4,4,0.5,3.1,5,1.0,15.8,5,0.6,3.4,7,0.29,1.4,12,0.67,3.2,19,0.68,5.1,2,1.0,15.0,0,0.0,0.0,0
35925,ESPORTSTMNT04_2090394,RED: first_blood,BLUE: herald,BLUE: dragon,RED: herald,BLUE: dragon,BLUE: first_tower_mid,RED: first_tower_bot,BLUE: first_tower_bot,BLUE: dragon,RED: first_tower_top,RED: first_tower_mid,BLUE: dragon,BLUE: baron,BLUE: second_tower_mid,BLUE: first_tower_top,BLUE: second_tower_bot,BLUE: third_tower_bot,BLUE: inhibitor_bot,RED: elder_dragon,RED: baron,RED: second_tower_bot,RED: second_tower_top,BLUE: elder_dragon,BLUE: baron,RED: second_tower_mid,BLUE: inhibitor_bot,RED: elder_dragon,RED: baron,RED: third_tower_bot,RED: inhibitor_bot,RED: third_tower_mid,RED: inhibitor_mid,BLUE: third_tower_mid,BLUE: inhibitor_mid,BLUE: nexus_tower,BLUE: nexus_tower,BLUE: nexus,,,,,,,,,4,0.5,2.7,1,0.0,0.6,2,0.0,2.3,13,0.38,4.0,16,0.5,3.0,7,0.71,3.9,2,1.0,14.5,3,0.33,2.5,2,0.0,2.3,23,0.35,2.1,0
35927,ESPORTSTMNT04_2110375,RED: dragon,RED: first_blood,BLUE: herald,BLUE: first_tower_top,BLUE: dragon,RED: first_tower_bot,BLUE: herald,BLUE: first_tower_bot,RED: dragon,BLUE: second_tower_top,BLUE: first_tower_mid,RED: dragon,RED: baron,RED: first_tower_mid,RED: second_tower_mid,RED: first_tower_top,RED: dragon,RED: second_tower_bot,RED: third_tower_mid,RED: inhibitor_mid,RED: nexus_tower,RED: nexus_tower,RED: nexus,,,,,,,,,,,,,,,,,,,,,,,35,0.63,4.1,1,0.0,0.0,12,0.42,3.8,4,0.5,4.3,12,0.58,3.5,15,0.67,3.5,4,0.0,1.3,23,0.65,3.8,13,0.69,7.4,7,0.86,6.6,1
35928,ESPORTSTMNT01_2702451,BLUE: first_blood,RED: herald,BLUE: dragon,RED: dragon,BLUE: first_tower_bot,RED: herald,RED: first_tower_top,BLUE: first_tower_top,RED: first_tower_mid,BLUE: dragon,BLUE: first_tower_mid,BLUE: dragon,BLUE: dragon,BLUE: baron,RED: second_tower_mid,BLUE: second_tower_top,BLUE: third_tower_top,BLUE: second_tower_mid,BLUE: third_tower_mid,RED: elder_dragon,BLUE: inhibitor_mid,BLUE: nexus_tower,BLUE: nexus_tower,BLUE: second_tower_bot,BLUE: nexus,,,,,,,,,,,,,,,,,,,,,1,1.0,10.0,1,1.0,2.5,29,0.34,4.2,22,0.59,4.4,5,0.6,4.7,0,0.0,0.0,3,0.33,2.4,0,0.0,0.0,5,0.4,3.6,17,0.59,4.8,0
35929,ESPORTSTMNT01_2702406,RED: dragon,BLUE: first_blood,RED: herald,RED: dragon,RED: first_tower_bot,RED: herald,RED: first_tower_top,RED: first_tower_mid,BLUE: dragon,BLUE: dragon,RED: second_tower_mid,RED: baron,RED: second_tower_bot,RED: second_tower_top,RED: third_tower_mid,RED: third_tower_top,RED: inhibitor_mid,RED: dragon,RED: nexus_tower,RED: nexus_tower,RED: nexus,,,,,,,,,,,,,,,,,,,,,,,,,5,1.0,4.9,13,0.85,3.6,10,0.3,2.7,41,0.73,6.7,5,0.4,12.8,10,0.6,3.0,13,0.54,3.6,8,0.63,2.9,11,0.36,2.5,15,0.47,3.0,1
35930,ESPORTSTMNT01_2692407,RED: first_blood,BLUE: herald,BLUE: dragon,BLUE: first_tower_bot,BLUE: first_tower_top,BLUE: herald,RED: dragon,BLUE: second_tower_top,RED: first_tower_bot,BLUE: first_tower_mid,BLUE: dragon,BLUE: baron,BLUE: second_tower_mid,BLUE: second_tower_bot,BLUE: third_tower_bot,BLUE: inhibitor_bot,BLUE: third_tower_mid,BLUE: inhibitor_mid,BLUE: nexus_tower,BLUE: nexus_tower,BLUE: nexus,,,,,,,,,,,,,,,,,,,,,,,,,17,0.59,3.1,10,0.4,3.6,5,0.6,3.4,6,1.0,15.5,25,0.84,5.8,10,0.5,2.7,3,0.33,5.6,1,0.0,0.6,38,0.58,6.7,12,0.42,2.4,0
35931,ESPORTSTMNT01_2692425,RED: first_blood,BLUE: herald,BLUE: dragon,RED: first_tower_bot,BLUE: herald,BLUE: first_tower_top,RED: dragon,RED: first_tower_top,BLUE: first_tower_bot,RED: first_tower_mid,BLUE: first_tower_mid,BLUE: dragon,RED: baron,RED: second_tower_mid,RED: second_tower_bot,RED: third_tower_bot,RED: inhibitor_bot,RED: dragon,RED: second_tower_top,RED: inhibitor_bot,RED: nexus_tower,RED: nexus_tower,RED: nexus,,,,,,,,,,,,,,,,,,,,,,,5,0.6,3.6,2,0.5,1.7,22,0.68,6.2,14,0.43,4.1,23,0.61,5.5,29,0.55,3.0,26,0.62,3.3,16,0.44,2.5,22,0.55,7.5,72,0.51,2.7,1
35933,ESPORTSTMNT01_2700707,RED: first_blood,RED: herald,BLUE: dragon,RED: dragon,BLUE: first_tower_top,BLUE: first_tower_bot,RED: herald,RED: first_tower_top,BLUE: first_tower_mid,RED: first_tower_bot,RED: dragon,RED: first_tower_mid,RED: baron,RED: dragon,RED: second_tower_mid,RED: second_tower_top,RED: second_tower_bot,RED: third_tower_mid,RED: inhibitor_mid,RED: nexus_tower,RED: nexus_tower,RED: nexus,,,,,,,,,,,,,,,,,,,,,,,,1,0.0,2.0,7,0.57,3.5,0,0.0,0.0,0,0.0,0.0,10,0.4,2.0,2,0.5,1.7,3,0.0,1.6,20,0.6,4.3,0,0.0,0.0,11,0.45,3.3,1
35934,ESPORTSTMNT04_2110134,RED: first_blood,RED: dragon,BLUE: herald,RED: dragon,BLUE: first_tower_bot,RED: first_tower_bot,BLUE: herald,BLUE: first_tower_top,RED: dragon,RED: first_tower_top,RED: first_tower_mid,RED: dragon,RED: second_tower_mid,RED: third_tower_mid,RED: inhibitor_mid,RED: nexus_tower,RED: nexus_tower,RED: nexus,,,,,,,,,,,,,,,,,,,,,,,,,,,,10,0.8,3.9,3,0.33,1.7,14,0.64,4.4,7,0.43,5.8,16,0.69,3.7,13,0.38,3.2,5,0.4,3.8,0,0.0,0.0,8,0.5,2.4,1,0.0,7.0,1
35935,ESPORTSTMNT01_2700755,RED: first_blood,BLUE: herald,RED: dragon,RED: herald,BLUE: first_tower_bot,RED: first_tower_mid,BLUE: dragon,BLUE: first_tower_top,RED: first_tower_bot,RED: dragon,BLUE: first_tower_mid,RED: dragon,RED: first_tower_top,RED: dragon,RED: baron,RED: second_tower_top,RED: third_tower_top,RED: inhibitor_top,RED: second_tower_mid,RED: elder_dragon,RED: nexus_tower,RED: nexus_tower,RED: nexus,,,,,,,,,,,,,,,,,,,,,,,9,0.67,2.6,0,0.0,0.0,5,0.6,4.2,19,0.74,6.1,2,0.0,2.1,7,0.43,2.0,5,0.6,5.0,11,0.45,5.5,1,1.0,7.7,12,0.42,2.8,1
35936,ESPORTSTMNT01_2700685,BLUE: first_blood,BLUE: dragon,BLUE: herald,BLUE: dragon,BLUE: herald,BLUE: first_tower_mid,BLUE: dragon,RED: first_tower_top,BLUE: first_tower_bot,BLUE: first_tower_top,RED: first_tower_bot,BLUE: dragon,RED: first_tower_mid,BLUE: baron,BLUE: second_tower_mid,BLUE: second_tower_top,BLUE: second_tower_bot,BLUE: third_tower_mid,BLUE: inhibitor_mid,BLUE: nexus_tower,BLUE: nexus_tower,BLUE: nexus,,,,,,,,,,,,,,,,,,,,,,,,0,0.0,0.0,5,0.6,3.8,2,0.5,3.0,5,0.6,5.8,0,0.0,0.0,26,0.58,2.2,1,1.0,2.8,0,0.0,0.0,11,0.36,4.0,7,0.57,3.7,0
35937,ESPORTSTMNT01_2700783,RED: dragon,RED: herald,RED: first_blood,BLUE: dragon,RED: first_tower_top,BLUE: first_tower_bot,BLUE: first_tower_mid,BLUE: first_tower_top,BLUE: herald,BLUE: dragon,RED: first_tower_bot,RED: first_tower_mid,RED: baron,BLUE: second_tower_mid,RED: dragon,RED: second_tower_top,RED: second_tower_bot,RED: third_tower_bot,RED: inhibitor_bot,RED: nexus_tower,RED: second_tower_mid,RED: nexus_tower,RED: nexus,,,,,,,,,,,,,,,,,,,,,,,0,0.0,0.0,5,0.8,5.9,5,0.6,3.7,1,0.0,0.4,0,0.0,0.0,0,0.0,0.0,13,0.46,3.8,5,0.0,1.5,0,0.0,0.0,14,0.57,2.9,1
35938,ESPORTSTMNT01_2691269,BLUE: first_blood,RED: herald,RED: first_tower_top,RED: herald,RED: first_tower_mid,RED: dragon,RED: first_tower_bot,RED: second_tower_mid,RED: second_tower_top,BLUE: first_tower_top,RED: second_tower_bot,RED: dragon,BLUE: first_tower_mid,RED: baron,RED: third_tower_bot,RED: third_tower_top,RED: third_tower_mid,RED: inhibitor_top,RED: nexus_tower,RED: nexus_tower,RED: inhibitor_mid,RED: nexus,,,,,,,,,,,,,,,,,,,,,,,,17,0.59,2.9,0,0.0,0.0,0,0.0,0.0,0,0.0,0.0,1,1.0,20.0,7,0.43,2.3,4,0.25,2.7,16,0.44,3.8,0,0.0,0.0,3,0.67,3.1,1
35939,ESPORTSTMNT01_2691349,BLUE: first_blood,RED: dragon,BLUE: herald,RED: dragon,RED: first_tower_bot,BLUE: first_tower_mid,BLUE: herald,BLUE: dragon,BLUE: first_tower_bot,BLUE: second_tower_bot,BLUE: baron,BLUE: first_tower_top,RED: first_tower_mid,BLUE: second_tower_mid,RED: first_tower_top,BLUE: dragon,BLUE: third_tower_bot,BLUE: inhibitor_bot,BLUE: second_tower_top,BLUE: dragon,BLUE: third_tower_mid,BLUE: inhibitor_mid,BLUE: nexus_tower,BLUE: nexus_tower,BLUE: nexus,,,,,,,,,,,,,,,,,,,,,26,0.54,3.3,14,0.5,4.1,1,1.0,8.0,3,0.67,6.2,0,0.0,0.0,22,0.73,2.3,2,0.0,3.8,20,0.6,4.6,2,0.0,1.2,4,0.5,2.7,0
35940,ESPORTSTMNT01_2691301,RED: first_blood,RED: dragon,BLUE: herald,RED: dragon,BLUE: first_tower_bot,RED: dragon,RED: first_tower_bot,RED: herald,RED: first_tower_top,RED: second_tower_top,RED: second_tower_bot,RED: first_tower_mid,BLUE: dragon,RED: baron,BLUE: first_tower_mid,RED: second_tower_mid,RED: third_tower_mid,RED: inhibitor_mid,RED: nexus_tower,RED: nexus_tower,RED: nexus,,,,,,,,,,,,,,,,,,,,,,,,,0,0.0,0.0,1,0.0,1.7,2,0.0,1.1,2,0.0,0.7,1,0.0,0.8,3,0.33,3.0,5,0.8,7.6,6,0.67,7.6,11,0.45,4.2,12,0.58,5.1,1
35941,ESPORTSTMNT01_2691284,RED: first_blood,BLUE: dragon,RED: herald,RED: dragon,RED: first_tower_top,RED: herald,RED: second_tower_top,BLUE: dragon,RED: first_tower_bot,RED: second_tower_bot,RED: first_tower_mid,RED: dragon,BLUE: first_tower_top,BLUE: first_tower_bot,RED: baron,RED: dragon,RED: second_tower_mid,RED: dragon,RED: third_tower_mid,RED: inhibitor_mid,RED: third_tower_bot,RED: nexus_tower,RED: nexus_tower,RED: nexus,,,,,,,,,,,,,,,,,,,,,,15,0.47,3.1,6,0.33,2.0,4,0.25,1.6,4,0.75,5.7,3,0.0,1.5,4,0.25,1.8,19,0.79,6.0,20,0.25,2.0,20,0.8,4.6,36,0.58,2.5,1
35942,ESPORTSTMNT01_2691334,BLUE: first_blood,RED: dragon,BLUE: herald,RED: dragon,BLUE: first_tower_bot,RED: herald,BLUE: first_tower_top,BLUE: dragon,BLUE: first_tower_mid,RED: first_tower_top,BLUE: second_tower_top,BLUE: dragon,BLUE: baron,BLUE: second_tower_mid,BLUE: second_tower_bot,RED: first_tower_mid,BLUE: dragon,BLUE: third_tower_top,BLUE: inhibitor_top,BLUE: nexus_tower,BLUE: nexus_tower,BLUE: nexus,,,,,,,,,,,,,,,,,,,,,,,,4,0.75,2.2,2,0.5,2.9,0,0.0,0.0,3,0.33,3.0,20,0.65,2.5,1,1.0,8.0,5,1.0,8.1,0,0.0,0.0,4,0.5,4.9,2,0.5,3.8,0
35943,ESPORTSTMNT01_2690302,BLUE: first_blood,BLUE: dragon,BLUE: herald,BLUE: dragon,BLUE: first_tower_top,BLUE: second_tower_top,BLUE: herald,BLUE: first_tower_mid,BLUE: second_tower_mid,RED: dragon,RED: first_tower_bot,RED: first_tower_mid,BLUE: first_tower_bot,BLUE: dragon,BLUE: third_tower_mid,BLUE: inhibitor_mid,RED: baron,RED: first_tower_top,RED: dragon,RED: baron,BLUE: dragon,RED: second_tower_mid,RED: second_tower_bot,RED: third_tower_mid,RED: inhibitor_mid,RED: third_tower_bot,BLUE: baron,BLUE: elder_dragon,BLUE: inhibitor_mid,BLUE: nexus_tower,RED: inhibitor_mid,BLUE: baron,RED: elder_dragon,BLUE: inhibitor_mid,BLUE: nexus_tower,BLUE: nexus,,,,,,,,,,1,0.0,1.5,0,0.0,0.0,4,1.0,4.9,0,0.0,0.0,0,0.0,0.0,2,0.0,1.6,0,0.0,0.0,3,0.33,4.6,0,0.0,0.0,20,0.75,2.7,0
35944,ESPORTSTMNT01_2690328,RED: first_blood,BLUE: herald,RED: dragon,RED: dragon,BLUE: herald,BLUE: first_tower_top,BLUE: first_tower_mid,BLUE: first_tower_bot,BLUE: dragon,RED: first_tower_bot,BLUE: dragon,BLUE: second_tower_mid,RED: first_tower_mid,BLUE: baron,BLUE: second_tower_bot,BLUE: dragon,BLUE: second_tower_top,BLUE: third_tower_bot,BLUE: inhibitor_bot,BLUE: nexus_tower,BLUE: nexus_tower,BLUE: nexus,,,,,,,,,,,,,,,,,,,,,,,,15,0.53,3.6,8,0.25,2.4,1,0.0,0.8,6,0.17,2.5,7,0.71,2.1,19,0.26,3.1,0,0.0,0.0,0,0.0,0.0,0,0.0,0.0,7,0.86,2.6,0
35945,ESPORTSTMNT01_2690351,RED: herald,BLUE: dragon,RED: first_tower_top,BLUE: first_blood,BLUE: dragon,RED: herald,BLUE: first_tower_bot,RED: first_tower_mid,RED: first_tower_bot,RED: dragon,BLUE: first_tower_mid,RED: second_tower_mid,RED: dragon,RED: second_tower_bot,RED: baron,RED: second_tower_top,RED: third_tower_top,RED: inhibitor_top,RED: third_tower_mid,RED: dragon,RED: third_tower_bot,RED: nexus_tower,RED: nexus_tower,RED: inhibitor_bot,RED: nexus,,,,,,,,,,,,,,,,,,,,,6,0.67,2.3,4,0.25,2.3,1,0.0,6.7,4,0.5,7.9,3,0.67,3.9,0,0.0,0.0,4,0.25,1.4,22,0.41,5.0,0,0.0,0.0,16,0.75,2.6,1
35946,ESPORTSTMNT01_2690370,RED: first_blood,RED: herald,RED: first_tower_top,BLUE: dragon,RED: second_tower_top,RED: first_tower_bot,RED: herald,RED: first_tower_mid,RED: second_tower_mid,RED: dragon,RED: dragon,RED: baron,RED: dragon,RED: second_tower_bot,RED: third_tower_bot,RED: inhibitor_bot,RED: third_tower_mid,RED: inhibitor_mid,RED: nexus_tower,RED: nexus_tower,RED: nexus,,,,,,,,,,,,,,,,,,,,,,,,,12,0.33,2.0,0,0.0,0.0,0,0.0,0.0,1,1.0,5.5,3,0.0,1.6,2,1.0,5.3,4,0.5,3.7,0,0.0,0.0,1,0.0,2.6,9,0.67,7.0,1
35947,ESPORTSTMNT01_2690390,RED: first_blood,RED: herald,BLUE: dragon,RED: first_tower_bot,RED: dragon,RED: herald,RED: first_tower_top,BLUE: first_tower_bot,RED: second_tower_bot,RED: first_tower_mid,RED: dragon,BLUE: first_tower_top,RED: baron,RED: second_tower_mid,RED: second_tower_top,RED: third_tower_top,RED: inhibitor_top,RED: third_tower_mid,RED: inhibitor_mid,RED: nexus_tower,RED: nexus_tower,RED: nexus,,,,,,,,,,,,,,,,,,,,,,,,2,0.5,1.2,18,0.39,3.2,4,0.5,6.2,14,0.36,2.7,0,0.0,0.0,5,1.0,10.8,6,0.67,4.4,5,0.8,5.1,2,0.0,2.8,0,0.0,0.0,1
35948,ESPORTSTMNT01_2690815,RED: first_blood,BLUE: dragon,RED: herald,BLUE: dragon,RED: first_tower_top,BLUE: first_tower_bot,RED: herald,BLUE: dragon,RED: baron,BLUE: first_tower_top,RED: first_tower_mid,RED: first_tower_bot,RED: dragon,RED: second_tower_mid,BLUE: first_tower_mid,RED: third_tower_mid,RED: inhibitor_mid,RED: second_tower_top,RED: baron,RED: nexus_tower,RED: nexus_tower,RED: nexus,,,,,,,,,,,,,,,,,,,,,,,,6,0.5,2.4,0,0.0,0.0,0,0.0,0.0,4,0.75,8.6,1,0.0,1.1,7,0.43,2.3,8,0.25,2.3,1,1.0,4.7,6,0.67,5.7,17,0.65,3.3,1
35949,ESPORTSTMNT01_2690835,BLUE: first_blood,BLUE: herald,RED: dragon,BLUE: first_tower_top,BLUE: herald,BLUE: dragon,BLUE: first_tower_mid,RED: first_tower_bot,BLUE: first_tower_bot,RED: first_tower_top,BLUE: dragon,RED: first_tower_mid,BLUE: dragon,RED: baron,BLUE: dragon,BLUE: second_tower_mid,BLUE: second_tower_top,BLUE: baron,BLUE: second_tower_bot,BLUE: third_tower_mid,BLUE: third_tower_bot,BLUE: third_tower_top,BLUE: inhibitor_mid,BLUE: inhibitor_top,BLUE: nexus_tower,BLUE: nexus_tower,BLUE: nexus,,,,,,,,,,,,,,,,,,,11,0.45,2.0,4,0.5,2.7,1,0.0,2.7,9,0.78,4.5,23,0.48,3.3,2,1.0,2.9,5,0.2,2.1,0,0.0,0.0,6,0.5,3.5,4,0.75,4.0,0
35950,ESPORTSTMNT01_2690862,RED: first_blood,BLUE: dragon,BLUE: herald,BLUE: first_tower_bot,BLUE: dragon,RED: herald,BLUE: first_tower_top,BLUE: first_tower_mid,BLUE: dragon,RED: first_tower_top,BLUE: second_tower_bot,RED: first_tower_mid,BLUE: dragon,BLUE: baron,BLUE: second_tower_mid,RED: first_tower_bot,BLUE: second_tower_top,BLUE: third_tower_mid,BLUE: inhibitor_mid,BLUE: third_tower_top,BLUE: nexus_tower,BLUE: third_tower_bot,BLUE: inhibitor_top,BLUE: nexus_tower,BLUE: nexus,,,,,,,,,,,,,,,,,,,,,0,0.0,0.0,25,0.64,4.4,18,0.44,2.9,0,0.0,0.0,5,0.8,3.1,1,0.0,0.8,0,0.0,0.0,0,0.0,0.0,0,0.0,0.0,16,0.56,2.6,0
35951,ESPORTSTMNT01_2690882,RED: dragon,BLUE: first_blood,BLUE: herald,RED: first_tower_bot,BLUE: first_tower_top,RED: dragon,BLUE: first_tower_mid,BLUE: herald,BLUE: dragon,BLUE: first_tower_bot,RED: first_tower_top,BLUE: second_tower_bot,BLUE: baron,BLUE: dragon,BLUE: second_tower_mid,BLUE: third_tower_mid,BLUE: inhibitor_mid,BLUE: third_tower_bot,BLUE: inhibitor_bot,BLUE: nexus_tower,BLUE: nexus_tower,BLUE: nexus,,,,,,,,,,,,,,,,,,,,,,,,7,0.43,3.8,5,0.4,6.7,1,0.0,2.0,7,0.29,3.4,0,0.0,0.0,2,1.0,3.5,8,0.5,3.5,7,0.43,6.3,14,0.79,4.8,7,0.71,8.5,0
35952,ESPORTSTMNT01_2690906,BLUE: dragon,BLUE: herald,RED: first_blood,RED: dragon,BLUE: herald,RED: dragon,BLUE: first_tower_top,RED: first_tower_bot,BLUE: first_tower_mid,BLUE: dragon,RED: first_tower_mid,RED: first_tower_top,BLUE: first_tower_bot,BLUE: dragon,RED: baron,RED: second_tower_top,RED: second_tower_bot,RED: second_tower_mid,RED: third_tower_top,RED: dragon,RED: baron,RED: third_tower_mid,RED: inhibitor_mid,RED: nexus_tower,RED: nexus_tower,RED: nexus,,,,,,,,,,,,,,,,,,,,6,1.0,11.2,2,0.0,1.7,0,0.0,0.0,3,0.67,5.6,0,0.0,0.0,16,0.38,2.1,14,0.36,2.2,2,0.5,9.0,2,0.0,1.2,10,0.7,7.9,1
35953,ESPORTSTMNT01_2700416,RED: first_blood,BLUE: herald,BLUE: first_tower_top,RED: dragon,RED: herald,RED: first_tower_mid,RED: dragon,RED: first_tower_bot,BLUE: first_tower_bot,RED: first_tower_top,RED: baron,RED: second_tower_mid,RED: third_tower_mid,RED: inhibitor_mid,RED: second_tower_bot,RED: third_tower_bot,BLUE: dragon,RED: second_tower_top,BLUE: second_tower_top,BLUE: first_tower_mid,BLUE: dragon,RED: baron,RED: inhibitor_mid,RED: inhibitor_bot,RED: nexus_tower,RED: nexus_tower,RED: nexus,,,,,,,,,,,,,,,,,,,5,0.6,3.3,0,0.0,0.0,0,0.0,0.0,6,0.5,4.5,16,0.5,2.5,15,0.53,2.4,2,1.0,7.3,17,0.71,6.0,1,0.0,0.7,1,0.0,9.0,1
35954,ESPORTSTMNT01_2700432,RED: first_blood,RED: herald,RED: dragon,BLUE: first_tower_top,RED: first_tower_mid,RED: dragon,BLUE: first_tower_bot,RED: herald,BLUE: first_tower_mid,RED: first_tower_bot,BLUE: second_tower_mid,BLUE: dragon,RED: first_tower_top,BLUE: baron,BLUE: second_tower_top,BLUE: third_tower_mid,BLUE: third_tower_top,BLUE: dragon,BLUE: inhibitor_mid,BLUE: nexus_tower,BLUE: nexus_tower,BLUE: inhibitor_top,BLUE: nexus,,,,,,,,,,,,,,,,,,,,,,,2,0.0,1.0,6,0.33,4.0,5,0.6,3.8,1,1.0,3.5,7,0.14,1.4,5,0.6,2.2,1,0.0,1.2,15,0.4,3.6,5,0.4,2.0,5,0.8,6.6,0
35955,ESPORTSTMNT01_2700456,BLUE: herald,BLUE: first_blood,BLUE: first_tower_top,RED: first_tower_mid,BLUE: herald,BLUE: first_tower_mid,BLUE: first_tower_bot,BLUE: second_tower_bot,RED: dragon,RED: first_tower_bot,RED: second_tower_mid,BLUE: second_tower_top,RED: first_tower_top,BLUE: baron,RED: dragon,BLUE: second_tower_mid,BLUE: third_tower_top,BLUE: inhibitor_top,BLUE: nexus_tower,BLUE: nexus_tower,BLUE: nexus,,,,,,,,,,,,,,,,,,,,,,,,,2,1.0,2.9,7,0.57,5.3,0,0.0,0.0,2,1.0,13.0,48,0.69,4.8,2,0.5,2.7,24,0.5,2.7,7,0.57,4.8,0,0.0,0.0,0,0.0,0.0,0
35956,ESPORTSTMNT01_2700475,RED: dragon,BLUE: first_blood,RED: herald,RED: first_tower_bot,RED: dragon,RED: herald,RED: first_tower_top,RED: first_tower_mid,RED: second_tower_top,BLUE: first_tower_bot,RED: second_tower_bot,RED: second_tower_mid,RED: dragon,RED: third_tower_mid,RED: inhibitor_mid,RED: third_tower_top,RED: inhibitor_top,RED: nexus_tower,RED: nexus_tower,RED: nexus,,,,,,,,,,,,,,,,,,,,,,,,,,27,0.74,4.1,2,0.5,1.4,1,1.0,9.0,6,0.67,5.5,0,0.0,0.0,9,0.78,2.9,7,0.43,2.6,0,0.0,0.0,7,0.57,5.5,28,0.57,3.4,1
35957,ESPORTSTMNT01_2700491,RED: first_blood,RED: herald,RED: dragon,BLUE: dragon,RED: herald,RED: first_tower_mid,RED: first_tower_top,RED: first_tower_bot,BLUE: first_tower_top,RED: dragon,BLUE: first_tower_bot,BLUE: second_tower_bot,RED: baron,BLUE: dragon,RED: second_tower_top,RED: second_tower_bot,BLUE: second_tower_top,RED: baron,RED: dragon,RED: second_tower_mid,RED: third_tower_top,RED: inhibitor_top,RED: third_tower_bot,BLUE: first_tower_mid,RED: nexus_tower,RED: nexus_tower,RED: third_tower_mid,RED: nexus,,,,,,,,,,,,,,,,,,3,0.33,1.7,6,0.5,3.5,13,0.69,4.1,18,0.83,4.7,31,0.61,4.9,27,0.7,4.0,6,0.83,11.6,0,0.0,0.0,34,0.56,5.4,4,1.0,7.9,1
35958,ESPORTSTMNT01_2701375,RED: first_blood,RED: dragon,BLUE: herald,BLUE: first_tower_top,RED: dragon,BLUE: herald,RED: dragon,RED: first_tower_bot,RED: first_tower_top,RED: second_tower_bot,RED: first_tower_mid,BLUE: dragon,RED: baron,RED: second_tower_mid,RED: dragon,RED: second_tower_top,RED: third_tower_top,RED: inhibitor_top,RED: baron,RED: third_tower_mid,RED: inhibitor_mid,RED: third_tower_bot,RED: inhibitor_bot,RED: nexus_tower,RED: nexus_tower,RED: nexus,,,,,,,,,,,,,,,,,,,,1,0.0,1.7,2,0.0,1.9,2,0.5,2.8,1,1.0,2.0,3,1.0,16.5,16,0.63,2.8,6,0.67,2.4,2,0.5,2.4,4,0.5,7.5,0,0.0,0.0,1
35959,ESPORTSTMNT01_2701400,BLUE: first_blood,RED: dragon,BLUE: herald,BLUE: dragon,BLUE: first_tower_mid,BLUE: herald,BLUE: dragon,BLUE: first_tower_bot,BLUE: first_tower_top,BLUE: second_tower_top,BLUE: second_tower_bot,BLUE: second_tower_mid,BLUE: dragon,BLUE: dragon,BLUE: baron,BLUE: third_tower_mid,BLUE: inhibitor_mid,BLUE: nexus_tower,BLUE: nexus_tower,BLUE: nexus,,,,,,,,,,,,,,,,,,,,,,,,,,34,0.47,3.0,14,0.71,5.5,18,0.72,5.9,2,0.5,4.5,2,0.5,6.8,2,0.5,3.2,6,0.83,6.9,17,0.47,5.1,8,0.5,8.1,0,0.0,0.0,0
35960,ESPORTSTMNT01_2701412,BLUE: first_blood,BLUE: dragon,BLUE: herald,RED: dragon,BLUE: first_tower_bot,BLUE: herald,BLUE: dragon,BLUE: first_tower_top,BLUE: first_tower_mid,BLUE: second_tower_bot,RED: first_tower_top,BLUE: second_tower_mid,BLUE: dragon,RED: first_tower_mid,RED: first_tower_bot,BLUE: baron,RED: second_tower_bot,RED: second_tower_top,BLUE: third_tower_bot,BLUE: inhibitor_bot,BLUE: third_tower_mid,BLUE: inhibitor_mid,BLUE: nexus_tower,BLUE: nexus_tower,BLUE: nexus,,,,,,,,,,,,,,,,,,,,,8,0.63,2.4,1,0.0,1.8,9,0.56,3.2,0,0.0,0.0,3,0.33,2.6,0,0.0,0.0,7,0.57,2.1,0,0.0,0.0,7,0.29,3.6,2,0.0,1.3,0
35961,ESPORTSTMNT01_2701429,BLUE: first_blood,BLUE: dragon,RED: herald,BLUE: dragon,RED: first_tower_top,BLUE: herald,RED: first_tower_bot,BLUE: first_tower_top,RED: first_tower_mid,RED: dragon,BLUE: first_tower_mid,BLUE: first_tower_bot,BLUE: dragon,BLUE: second_tower_mid,RED: baron,BLUE: dragon,BLUE: second_tower_bot,BLUE: second_tower_top,BLUE: baron,RED: second_tower_mid,RED: third_tower_mid,RED: inhibitor_mid,BLUE: elder_dragon,BLUE: third_tower_mid,BLUE: inhibitor_mid,BLUE: nexus_tower,RED: inhibitor_mid,RED: nexus_tower,RED: nexus_tower,RED: nexus,,,,,,,,,,,,,,,,14,0.79,2.9,0,0.0,0.0,9,0.44,2.5,14,0.43,3.3,8,0.75,9.4,3,0.33,2.3,8,0.88,5.9,0,0.0,0.0,1,0.0,1.5,5,0.2,2.4,1
35962,ESPORTSTMNT01_2701456,BLUE: first_blood,BLUE: dragon,BLUE: herald,BLUE: dragon,BLUE: first_tower_top,BLUE: first_tower_mid,BLUE: dragon,BLUE: first_tower_bot,RED: herald,BLUE: second_tower_mid,BLUE: second_tower_bot,BLUE: dragon,BLUE: second_tower_top,BLUE: third_tower_mid,BLUE: inhibitor_mid,BLUE: baron,BLUE: elder_dragon,BLUE: nexus_tower,BLUE: nexus_tower,BLUE: nexus,,,,,,,,,,,,,,,,,,,,,,,,,,31,0.61,2.8,4,0.5,2.7,6,0.33,2.2,7,0.57,13.4,17,0.71,6.7,5,1.0,3.6,8,0.63,3.1,1,0.0,1.7,10,0.3,3.6,6,0.33,1.5,0
35963,ESPORTSTMNT01_2690210,BLUE: first_blood,BLUE: herald,RED: dragon,BLUE: dragon,BLUE: herald,BLUE: first_tower_top,RED: dragon,BLUE: first_tower_mid,BLUE: first_tower_bot,RED: first_tower_mid,RED: first_tower_bot,RED: dragon,RED: second_tower_mid,RED: third_tower_mid,RED: inhibitor_mid,RED: nexus_tower,RED: nexus_tower,RED: nexus,,,,,,,,,,,,,,,,,,,,,,,,,,,,4,0.25,2.2,2,0.0,1.2,3,0.33,4.1,0,0.0,0.0,0,0.0,0.0,4,0.0,1.5,3,0.33,1.1,2,0.5,4.2,4,0.5,3.0,0,0.0,0.0,1
35964,ESPORTSTMNT01_2690219,RED: first_blood,RED: dragon,BLUE: herald,RED: dragon,RED: herald,RED: first_tower_top,BLUE: first_tower_bot,RED: second_tower_top,RED: dragon,RED: first_tower_bot,BLUE: dragon,RED: baron,RED: first_tower_mid,RED: second_tower_mid,RED: second_tower_bot,BLUE: first_tower_top,RED: dragon,BLUE: first_tower_mid,RED: baron,RED: third_tower_mid,RED: inhibitor_mid,RED: third_tower_bot,RED: inhibitor_bot,RED: nexus_tower,RED: nexus_tower,RED: third_tower_top,RED: nexus,,,,,,,,,,,,,,,,,,,3,0.67,4.0,0,0.0,0.0,12,0.42,4.2,1,0.0,4.0,1,1.0,9.0,6,0.5,5.1,4,0.5,4.7,0,0.0,0.0,1,0.0,1.3,11,0.36,2.4,1
35965,ESPORTSTMNT01_2690227,RED: first_blood,RED: herald,BLUE: dragon,BLUE: dragon,BLUE: first_tower_bot,BLUE: herald,RED: first_tower_bot,BLUE: first_tower_top,RED: dragon,BLUE: second_tower_top,BLUE: second_tower_bot,RED: first_tower_top,BLUE: first_tower_mid,BLUE: dragon,BLUE: baron,BLUE: second_tower_mid,BLUE: third_tower_mid,BLUE: inhibitor_mid,BLUE: third_tower_bot,BLUE: inhibitor_bot,BLUE: dragon,BLUE: third_tower_top,BLUE: nexus_tower,BLUE: nexus_tower,BLUE: nexus,,,,,,,,,,,,,,,,,,,,,3,0.0,1.6,0,0.0,0.0,1,0.0,0.7,5,0.4,3.1,0,0.0,0.0,0,0.0,0.0,3,0.0,1.4,3,0.67,11.7,3,0.33,2.8,1,0.0,1.5,0
35966,ESPORTSTMNT01_2690255,BLUE: first_blood,BLUE: herald,RED: dragon,BLUE: first_tower_bot,BLUE: dragon,RED: herald,BLUE: first_tower_mid,BLUE: second_tower_mid,BLUE: dragon,RED: baron,BLUE: first_tower_top,RED: first_tower_bot,BLUE: second_tower_top,RED: second_tower_bot,RED: first_tower_mid,RED: first_tower_top,BLUE: dragon,RED: second_tower_top,BLUE: dragon,RED: baron,RED: second_tower_mid,RED: third_tower_top,RED: elder_dragon,RED: inhibitor_top,RED: nexus_tower,RED: nexus_tower,RED: nexus,,,,,,,,,,,,,,,,,,,1,1.0,11.0,2,0.5,5.2,2,1.0,21.0,0,0.0,0.0,0,0.0,0.0,0,0.0,0.0,0,0.0,0.0,0,0.0,0.0,0,0.0,0.0,0,0.0,0.0,1
35967,ESPORTSTMNT01_2690264,RED: first_blood,RED: dragon,BLUE: herald,BLUE: first_tower_top,RED: dragon,RED: first_tower_bot,BLUE: herald,RED: dragon,BLUE: first_tower_mid,BLUE: first_tower_bot,RED: dragon,BLUE: second_tower_bot,BLUE: third_tower_bot,BLUE: inhibitor_bot,BLUE: elder_dragon,BLUE: baron,BLUE: second_tower_mid,BLUE: second_tower_top,BLUE: third_tower_mid,BLUE: third_tower_top,BLUE: inhibitor_mid,BLUE: inhibitor_top,BLUE: nexus_tower,BLUE: nexus_tower,BLUE: nexus,,,,,,,,,,,,,,,,,,,,,0,0.0,0.0,11,0.55,3.7,0,0.0,0.0,0,0.0,0.0,1,0.0,2.0,0,0.0,0.0,2,0.5,3.0,0,0.0,0.0,7,0.86,3.9,11,0.45,4.0,0
35968,ESPORTSTMNT01_2690439,BLUE: first_blood,BLUE: herald,BLUE: dragon,BLUE: first_tower_bot,RED: first_tower_bot,BLUE: herald,BLUE: first_tower_mid,BLUE: dragon,BLUE: second_tower_mid,BLUE: dragon,BLUE: first_tower_top,RED: first_tower_top,BLUE: baron,BLUE: third_tower_mid,BLUE: inhibitor_mid,BLUE: nexus_tower,BLUE: nexus_tower,BLUE: nexus,,,,,,,,,,,,,,,,,,,,,,,,,,,,0,0.0,0.0,15,0.6,4.0,5,0.4,3.4,8,0.75,4.3,6,0.67,3.4,3,0.67,5.1,0,0.0,0.0,0,0.0,0.0,2,0.5,3.3,7,0.71,2.3,0
35969,ESPORTSTMNT01_2690444,RED: first_blood,RED: herald,BLUE: dragon,RED: dragon,RED: first_tower_mid,RED: herald,RED: first_tower_top,RED: second_tower_top,RED: first_tower_bot,BLUE: first_tower_mid,RED: dragon,RED: baron,RED: second_tower_bot,RED: second_tower_mid,BLUE: first_tower_top,RED: third_tower_mid,RED: inhibitor_mid,RED: nexus_tower,RED: dragon,RED: nexus_tower,RED: nexus,,,,,,,,,,,,,,,,,,,,,,,,,0,0.0,0.0,1,1.0,3.0,5,0.6,3.6,1,1.0,11.0,0,0.0,0.0,0,0.0,0.0,5,1.0,10.5,4,0.75,2.8,3,0.67,7.3,0,0.0,0.0,1
35970,ESPORTSTMNT01_2690460,RED: dragon,BLUE: first_blood,RED: herald,RED: dragon,BLUE: first_tower_mid,BLUE: first_tower_top,RED: dragon,BLUE: herald,RED: first_tower_top,BLUE: first_tower_bot,RED: dragon,RED: baron,RED: first_tower_mid,RED: first_tower_bot,RED: second_tower_bot,RED: second_tower_mid,RED: third_tower_mid,RED: inhibitor_mid,RED: nexus_tower,RED: nexus_tower,RED: nexus,,,,,,,,,,,,,,,,,,,,,,,,,4,0.5,3.9,1,0.0,2.0,2,0.5,4.7,0,0.0,0.0,1,1.0,5.0,3,0.33,3.3,6,0.67,4.7,1,1.0,1.3,1,1.0,6.0,17,0.53,2.5,1
35971,ESPORTSTMNT01_2690464,RED: first_blood,RED: dragon,BLUE: herald,RED: first_tower_bot,BLUE: first_tower_bot,BLUE: dragon,RED: first_tower_top,RED: first_tower_mid,RED: herald,RED: dragon,RED: dragon,BLUE: baron,BLUE: first_tower_mid,BLUE: second_tower_bot,BLUE: dragon,BLUE: first_tower_top,RED: second_tower_mid,RED: baron,RED: second_tower_top,BLUE: second_tower_mid,BLUE: dragon,RED: third_tower_mid,BLUE: second_tower_top,RED: second_tower_bot,RED: baron,BLUE: dragon,RED: third_tower_top,RED: inhibitor_top,RED: third_tower_bot,RED: inhibitor_bot,RED: inhibitor_mid,RED: nexus_tower,RED: nexus_tower,RED: nexus,,,,,,,,,,,,0,0.0,0.0,9,0.67,4.5,0,0.0,0.0,3,0.33,2.0,2,1.0,3.4,1,1.0,11.0,12,0.58,3.5,1,0.0,0.3,9,0.67,4.5,0,0.0,0.0,1
35972,ESPORTSTMNT01_2690479,RED: first_blood,RED: herald,RED: dragon,RED: first_tower_bot,BLUE: herald,RED: dragon,BLUE: first_tower_top,BLUE: first_tower_bot,BLUE: first_tower_mid,BLUE: dragon,BLUE: baron,BLUE: second_tower_top,BLUE: second_tower_mid,BLUE: dragon,BLUE: baron,BLUE: second_tower_bot,BLUE: third_tower_mid,BLUE: third_tower_bot,BLUE: inhibitor_bot,BLUE: inhibitor_mid,BLUE: third_tower_top,BLUE: inhibitor_top,BLUE: nexus_tower,BLUE: nexus_tower,BLUE: nexus,,,,,,,,,,,,,,,,,,,,,1,1.0,4.0,0,0.0,0.0,1,1.0,24.0,0,0.0,0.0,0,0.0,0.0,2,0.5,2.0,12,0.75,4.0,5,0.6,2.5,10,0.4,2.7,2,0.5,2.3,0
35973,ESPORTSTMNT01_2691079,RED: first_blood,RED: dragon,RED: herald,RED: first_tower_bot,RED: dragon,RED: herald,RED: first_tower_top,BLUE: first_tower_bot,RED: dragon,BLUE: first_tower_top,RED: second_tower_bot,RED: dragon,RED: first_tower_mid,RED: baron,RED: second_tower_mid,RED: third_tower_mid,BLUE: second_tower_top,RED: inhibitor_mid,RED: third_tower_bot,RED: inhibitor_bot,RED: nexus_tower,BLUE: elder_dragon,RED: nexus_tower,RED: inhibitor_mid,RED: nexus,,,,,,,,,,,,,,,,,,,,,0,0.0,0.0,16,0.63,4.0,1,1.0,13.0,1,0.0,0.5,0,0.0,0.0,0,0.0,0.0,3,0.0,1.3,1,0.0,2.8,2,0.5,3.2,0,0.0,0.0,1
35974,ESPORTSTMNT01_2691080,RED: first_blood,RED: dragon,BLUE: herald,BLUE: first_tower_top,RED: dragon,BLUE: second_tower_top,RED: first_tower_top,BLUE: herald,RED: first_tower_bot,RED: first_tower_mid,BLUE: dragon,RED: second_tower_bot,RED: dragon,BLUE: dragon,RED: baron,BLUE: first_tower_mid,RED: second_tower_mid,RED: second_tower_top,RED: dragon,RED: third_tower_mid,RED: inhibitor_mid,RED: nexus_tower,RED: nexus_tower,RED: nexus,,,,,,,,,,,,,,,,,,,,,,1,1.0,8.0,13,0.62,3.1,1,0.0,1.7,1,1.0,10.0,2,0.5,3.0,1,1.0,6.0,6,0.5,2.4,9,0.56,3.2,0,0.0,0.0,0,0.0,0.0,1
35975,ESPORTSTMNT01_2701230,BLUE: first_blood,RED: dragon,BLUE: herald,BLUE: dragon,BLUE: herald,RED: first_tower_mid,RED: first_tower_top,BLUE: first_tower_mid,RED: dragon,RED: first_tower_bot,BLUE: first_tower_top,RED: dragon,RED: baron,RED: second_tower_bot,RED: third_tower_bot,RED: inhibitor_bot,RED: nexus_tower,RED: nexus_tower,RED: nexus,,,,,,,,,,,,,,,,,,,,,,,,,,,0,0.0,0.0,2,1.0,5.2,0,0.0,0.0,0,0.0,0.0,11,0.64,4.0,0,0.0,0.0,0,0.0,0.0,7,0.14,4.2,2,0.0,2.0,14,0.29,1.4,1
35976,ESPORTSTMNT01_2691081,RED: first_blood,RED: dragon,RED: herald,RED: first_tower_mid,RED: dragon,RED: first_tower_bot,RED: herald,RED: first_tower_top,RED: dragon,RED: second_tower_bot,BLUE: first_tower_top,RED: second_tower_mid,RED: second_tower_top,RED: dragon,RED: baron,BLUE: first_tower_bot,RED: third_tower_mid,RED: inhibitor_mid,BLUE: second_tower_bot,RED: third_tower_top,RED: inhibitor_top,RED: third_tower_bot,RED: inhibitor_bot,RED: nexus_tower,RED: nexus_tower,RED: nexus,,,,,,,,,,,,,,,,,,,,9,0.67,3.0,8,0.75,6.7,0,0.0,0.0,2,0.0,2.0,1,1.0,9.5,5,0.4,2.5,1,1.0,1.6,13,0.69,3.9,2,1.0,12.5,4,0.0,1.0,1
35977,ESPORTSTMNT01_2691082,RED: dragon,RED: first_blood,BLUE: herald,RED: dragon,BLUE: first_tower_bot,RED: herald,RED: first_tower_mid,RED: dragon,RED: first_tower_top,BLUE: first_tower_top,RED: dragon,RED: first_tower_bot,RED: baron,RED: second_tower_mid,RED: third_tower_mid,RED: inhibitor_mid,RED: nexus_tower,RED: nexus_tower,RED: nexus,,,,,,,,,,,,,,,,,,,,,,,,,,,5,0.4,3.1,2,0.0,1.5,6,0.5,3.0,10,0.7,5.7,1,0.0,2.5,8,0.38,2.1,0,0.0,0.0,1,0.0,0.3,21,0.43,3.5,0,0.0,0.0,1
35978,ESPORTSTMNT01_2691493,RED: herald,RED: dragon,BLUE: first_blood,RED: dragon,BLUE: herald,BLUE: first_tower_mid,BLUE: first_tower_bot,RED: first_tower_mid,BLUE: first_tower_top,RED: dragon,RED: dragon,RED: first_tower_bot,RED: baron,RED: first_tower_top,RED: second_tower_bot,RED: second_tower_mid,RED: third_tower_mid,RED: inhibitor_mid,RED: second_tower_top,RED: elder_dragon,RED: baron,RED: third_tower_top,RED: inhibitor_top,RED: nexus_tower,RED: nexus_tower,RED: nexus,,,,,,,,,,,,,,,,,,,,1,0.0,0.8,0,0.0,0.0,2,0.5,4.0,6,0.5,3.7,7,0.57,5.0,4,0.25,2.2,2,1.0,5.0,0,0.0,0.0,0,0.0,0.0,5,0.2,1.4,1
35979,ESPORTSTMNT01_2691494,BLUE: dragon,BLUE: first_blood,BLUE: herald,BLUE: dragon,BLUE: first_tower_bot,BLUE: herald,BLUE: first_tower_mid,RED: first_tower_bot,BLUE: first_tower_top,BLUE: second_tower_mid,RED: dragon,BLUE: third_tower_mid,RED: second_tower_bot,RED: first_tower_mid,BLUE: second_tower_bot,BLUE: second_tower_top,BLUE: third_tower_top,BLUE: dragon,BLUE: third_tower_bot,BLUE: inhibitor_mid,BLUE: inhibitor_bot,BLUE: nexus_tower,BLUE: nexus_tower,BLUE: nexus,,,,,,,,,,,,,,,,,,,,,,3,0.33,1.2,4,0.5,2.9,0,0.0,0.0,11,0.64,5.3,11,0.45,3.5,5,0.6,3.1,7,0.57,2.1,1,1.0,7.0,10,0.7,4.9,10,0.4,3.1,0
35980,ESPORTSTMNT01_2701622,BLUE: first_blood,BLUE: herald,BLUE: first_tower_top,RED: dragon,BLUE: first_tower_mid,RED: first_tower_bot,BLUE: second_tower_top,RED: dragon,BLUE: herald,BLUE: first_tower_bot,RED: first_tower_mid,RED: dragon,BLUE: second_tower_bot,RED: baron,RED: first_tower_top,RED: dragon,RED: second_tower_mid,RED: third_tower_mid,RED: inhibitor_mid,RED: nexus_tower,RED: nexus_tower,RED: nexus,,,,,,,,,,,,,,,,,,,,,,,,0,0.0,0.0,3,0.67,6.4,9,0.78,3.7,1,0.0,5.5,0,0.0,0.0,4,0.75,3.4,11,0.64,3.7,1,1.0,20.0,9,0.78,4.7,1,0.0,9.0,1
35981,ESPORTSTMNT01_2691492,BLUE: first_blood,RED: dragon,BLUE: herald,RED: dragon,RED: herald,RED: first_tower_top,BLUE: first_tower_bot,RED: second_tower_top,RED: third_tower_top,RED: dragon,RED: inhibitor_top,RED: first_tower_mid,RED: first_tower_bot,RED: second_tower_bot,RED: nexus_tower,BLUE: dragon,RED: baron,RED: second_tower_mid,BLUE: dragon,BLUE: first_tower_mid,RED: third_tower_bot,RED: inhibitor_bot,RED: nexus_tower,RED: nexus,,,,,,,,,,,,,,,,,,,,,,1,0.0,0.0,4,0.5,3.3,1,1.0,7.0,13,0.38,3.3,0,0.0,0.0,0,0.0,0.0,1,1.0,3.8,0,0.0,0.0,1,1.0,17.0,0,0.0,0.0,1
35982,ESPORTSTMNT01_2691491,BLUE: first_blood,BLUE: herald,BLUE: first_tower_top,BLUE: second_tower_top,RED: first_tower_bot,BLUE: first_tower_bot,RED: herald,RED: first_tower_top,BLUE: dragon,RED: first_tower_mid,BLUE: first_tower_mid,BLUE: second_tower_bot,RED: second_tower_mid,RED: second_tower_top,BLUE: dragon,BLUE: second_tower_mid,BLUE: dragon,BLUE: baron,BLUE: third_tower_top,BLUE: inhibitor_top,BLUE: nexus_tower,BLUE: dragon,BLUE: third_tower_mid,BLUE: inhibitor_mid,BLUE: nexus_tower,BLUE: nexus,,,,,,,,,,,,,,,,,,,,0,0.0,0.0,0,0.0,0.0,7,0.71,3.8,8,0.75,2.8,6,0.33,7.0,1,0.0,3.0,0,0.0,0.0,2,0.5,5.5,3,0.67,3.7,1,1.0,13.0,0
36003,ESPORTSTMNT04_2090459,BLUE: herald,BLUE: dragon,BLUE: first_blood,BLUE: first_tower_bot,BLUE: herald,BLUE: first_tower_mid,BLUE: dragon,BLUE: first_tower_top,RED: first_tower_mid,BLUE: second_tower_top,BLUE: dragon,BLUE: baron,BLUE: second_tower_bot,BLUE: third_tower_bot,BLUE: dragon,BLUE: second_tower_mid,BLUE: inhibitor_bot,BLUE: nexus_tower,BLUE: nexus_tower,BLUE: nexus,,,,,,,,,,,,,,,,,,,,,,,,,,2,1.0,5.3,6,0.33,2.6,0,0.0,0.0,4,0.25,2.5,4,0.75,4.0,0,0.0,0.0,0,0.0,0.0,0,0.0,0.0,0,0.0,0.0,0,0.0,0.0,0
36004,ESPORTSTMNT04_2090480,BLUE: dragon,BLUE: herald,RED: first_blood,RED: dragon,RED: herald,BLUE: first_tower_bot,RED: first_tower_mid,RED: first_tower_bot,BLUE: first_tower_top,RED: dragon,RED: first_tower_top,BLUE: dragon,RED: second_tower_bot,RED: baron,RED: dragon,RED: second_tower_mid,RED: second_tower_top,RED: dragon,RED: baron,RED: third_tower_mid,RED: third_tower_top,RED: inhibitor_mid,RED: third_tower_bot,RED: inhibitor_bot,RED: nexus_tower,RED: nexus_tower,RED: nexus,,,,,,,,,,,,,,,,,,,2,0.0,1.4,0,0.0,0.0,1,0.0,1.8,4,0.75,3.0,0,0.0,0.0,0,0.0,0.0,1,0.0,0.6,2,1.0,5.8,6,0.67,3.7,3,0.33,4.7,1
36005,ESPORTSTMNT04_2090491,BLUE: first_blood,RED: herald,RED: dragon,BLUE: dragon,RED: first_tower_mid,BLUE: herald,RED: first_tower_bot,BLUE: first_tower_top,RED: second_tower_bot,BLUE: second_tower_top,RED: second_tower_mid,RED: dragon,BLUE: first_tower_mid,BLUE: baron,RED: dragon,BLUE: second_tower_mid,BLUE: first_tower_bot,RED: first_tower_top,BLUE: second_tower_bot,BLUE: third_tower_bot,BLUE: inhibitor_bot,BLUE: nexus_tower,BLUE: nexus_tower,BLUE: nexus,,,,,,,,,,,,,,,,,,,,,,2,0.5,1.3,2,0.5,2.0,4,0.5,4.4,2,0.5,5.7,3,0.33,3.0,7,0.43,3.2,4,0.25,1.7,20,0.4,3.3,1,0.0,1.0,2,0.5,1.3,0
36023,ESPORTSTMNT04_2110115,BLUE: first_blood,RED: dragon,BLUE: herald,RED: dragon,BLUE: first_tower_bot,RED: herald,RED: dragon,BLUE: first_tower_mid,RED: first_tower_bot,BLUE: first_tower_top,BLUE: dragon,RED: first_tower_top,BLUE: baron,BLUE: second_tower_mid,BLUE: dragon,BLUE: second_tower_bot,BLUE: third_tower_bot,BLUE: inhibitor_bot,BLUE: third_tower_mid,BLUE: second_tower_top,BLUE: third_tower_top,BLUE: inhibitor_top,BLUE: nexus_tower,BLUE: nexus_tower,BLUE: nexus,,,,,,,,,,,,,,,,,,,,,9,0.44,3.8,5,0.8,4.4,6,0.5,4.1,2,0.5,3.0,22,0.55,4.3,0,0.0,0.0,0,0.0,0.0,0,0.0,0.0,4,0.0,4.3,3,0.33,1.5,0
36024,ESPORTSTMNT04_2090119,RED: first_blood,RED: herald,RED: first_tower_top,RED: dragon,RED: first_tower_mid,RED: second_tower_mid,BLUE: first_tower_bot,RED: dragon,RED: herald,RED: first_tower_bot,BLUE: first_tower_top,RED: second_tower_bot,RED: dragon,RED: dragon,RED: baron,RED: second_tower_top,RED: third_tower_top,RED: third_tower_bot,RED: third_tower_mid,RED: inhibitor_top,RED: inhibitor_mid,RED: nexus_tower,RED: nexus_tower,RED: inhibitor_bot,RED: nexus,,,,,,,,,,,,,,,,,,,,,6,0.33,1.5,0,0.0,0.0,1,1.0,13.0,2,0.0,4.0,5,0.2,2.1,6,0.5,2.7,1,0.0,0.9,0,0.0,0.0,0,0.0,0.0,0,0.0,0.0,1
36025,ESPORTSTMNT04_2090125,RED: dragon,RED: first_blood,BLUE: herald,RED: dragon,RED: first_tower_bot,BLUE: herald,BLUE: dragon,RED: first_tower_mid,BLUE: first_tower_bot,RED: first_tower_top,RED: dragon,RED: dragon,RED: baron,RED: second_tower_mid,RED: third_tower_mid,RED: inhibitor_mid,RED: nexus_tower,RED: nexus_tower,RED: nexus,,,,,,,,,,,,,,,,,,,,,,,,,,,0,0.0,0.0,10,0.3,1.8,0,0.0,0.0,9,0.56,5.1,0,0.0,0.0,5,0.4,4.1,1,1.0,5.0,14,0.64,7.1,1,1.0,10.0,0,0.0,0.0,1
36026,ESPORTSTMNT04_2090130,RED: dragon,BLUE: first_blood,RED: herald,RED: dragon,RED: first_tower_bot,BLUE: first_tower_top,RED: dragon,BLUE: first_tower_bot,RED: herald,BLUE: dragon,RED: first_tower_mid,BLUE: first_tower_mid,RED: first_tower_top,BLUE: dragon,BLUE: second_tower_mid,BLUE: third_tower_mid,BLUE: inhibitor_mid,BLUE: nexus_tower,BLUE: nexus_tower,BLUE: nexus,,,,,,,,,,,,,,,,,,,,,,,,,,9,0.33,2.4,2,0.5,2.8,7,0.43,4.1,1,0.0,1.3,0,0.0,0.0,6,0.5,2.5,1,0.0,2.3,4,0.0,1.6,5,0.2,5.5,12,0.58,2.1,0
36027,ESPORTSTMNT04_2090131,BLUE: first_blood,BLUE: herald,RED: dragon,BLUE: first_tower_top,BLUE: second_tower_top,BLUE: dragon,BLUE: herald,BLUE: first_tower_mid,BLUE: first_tower_bot,BLUE: second_tower_bot,BLUE: second_tower_mid,BLUE: dragon,BLUE: baron,BLUE: third_tower_bot,BLUE: inhibitor_bot,BLUE: third_tower_mid,BLUE: inhibitor_mid,BLUE: dragon,BLUE: nexus_tower,BLUE: nexus_tower,BLUE: third_tower_top,BLUE: nexus,,,,,,,,,,,,,,,,,,,,,,,,16,0.56,2.9,1,0.0,1.5,2,0.5,3.6,1,1.0,6.0,8,0.63,2.3,0,0.0,0.0,5,0.8,5.9,0,0.0,0.0,0,0.0,0.0,0,0.0,0.0,0
36028,ESPORTSTMNT04_2110158,BLUE: first_blood,RED: dragon,BLUE: herald,BLUE: first_tower_bot,BLUE: first_tower_top,RED: dragon,BLUE: first_tower_mid,BLUE: herald,RED: first_tower_top,BLUE: second_tower_mid,BLUE: second_tower_bot,BLUE: dragon,RED: second_tower_top,BLUE: third_tower_bot,BLUE: inhibitor_bot,RED: first_tower_mid,RED: first_tower_bot,BLUE: baron,BLUE: second_tower_top,BLUE: third_tower_top,BLUE: inhibitor_top,BLUE: nexus_tower,BLUE: nexus_tower,BLUE: nexus,,,,,,,,,,,,,,,,,,,,,,0,0.0,0.0,0,0.0,0.0,0,0.0,0.0,6,0.5,5.2,11,0.73,3.7,14,0.29,2.3,2,1.0,17.0,26,0.23,2.2,16,0.75,5.8,1,1.0,7.0,0
36029,ESPORTSTMNT04_2090168,BLUE: first_blood,BLUE: herald,BLUE: dragon,BLUE: first_tower_mid,BLUE: first_tower_bot,BLUE: dragon,BLUE: herald,BLUE: first_tower_top,BLUE: second_tower_mid,BLUE: dragon,RED: first_tower_bot,RED: first_tower_top,RED: dragon,BLUE: dragon,RED: first_tower_mid,RED: baron,RED: second_tower_mid,RED: second_tower_top,BLUE: second_tower_top,BLUE: third_tower_top,BLUE: inhibitor_top,BLUE: second_tower_bot,BLUE: third_tower_bot,BLUE: inhibitor_bot,BLUE: nexus_tower,BLUE: nexus_tower,BLUE: nexus,,,,,,,,,,,,,,,,,,,6,0.17,1.1,6,0.67,4.5,5,0.0,1.7,2,1.0,35.0,11,0.73,2.9,0,0.0,0.0,4,0.0,1.1,19,0.53,5.8,3,0.67,5.0,1,1.0,10.0,0
36030,ESPORTSTMNT04_2110175,RED: dragon,BLUE: first_blood,RED: herald,RED: dragon,RED: first_tower_top,RED: first_tower_bot,RED: dragon,RED: first_tower_mid,RED: herald,RED: second_tower_top,RED: dragon,RED: baron,RED: second_tower_bot,RED: second_tower_mid,RED: third_tower_mid,RED: third_tower_bot,RED: inhibitor_bot,RED: inhibitor_mid,RED: nexus_tower,RED: nexus_tower,RED: nexus,,,,,,,,,,,,,,,,,,,,,,,,,5,1.0,5.0,0,0.0,0.0,6,0.67,4.3,0,0.0,0.0,1,1.0,3.7,0,0.0,0.0,9,0.33,1.8,1,0.0,0.3,34,0.65,4.7,3,0.33,2.9,1
36031,ESPORTSTMNT04_2110186,RED: first_blood,BLUE: dragon,BLUE: herald,BLUE: first_tower_bot,RED: first_tower_top,BLUE: second_tower_bot,RED: dragon,RED: first_tower_bot,BLUE: first_tower_top,RED: herald,BLUE: first_tower_mid,BLUE: dragon,RED: first_tower_mid,BLUE: baron,BLUE: dragon,BLUE: third_tower_bot,BLUE: inhibitor_bot,RED: second_tower_mid,BLUE: second_tower_top,BLUE: second_tower_mid,BLUE: dragon,RED: baron,RED: second_tower_bot,BLUE: elder_dragon,BLUE: third_tower_mid,BLUE: inhibitor_mid,BLUE: baron,BLUE: third_tower_top,BLUE: inhibitor_top,BLUE: nexus_tower,BLUE: nexus_tower,BLUE: inhibitor_bot,BLUE: nexus,,,,,,,,,,,,,0,0.0,0.0,6,0.67,3.7,0,0.0,0.0,0,0.0,0.0,8,0.13,1.1,4,0.25,1.6,0,0.0,0.0,5,0.6,7.7,3,0.0,2.5,3,0.33,4.5,0
36032,ESPORTSTMNT04_2110193,RED: first_blood,BLUE: dragon,RED: herald,BLUE: dragon,BLUE: first_tower_bot,BLUE: herald,BLUE: first_tower_mid,RED: first_tower_bot,RED: first_tower_top,BLUE: second_tower_mid,RED: dragon,RED: baron,RED: first_tower_mid,RED: second_tower_bot,RED: second_tower_mid,BLUE: first_tower_top,BLUE: dragon,RED: third_tower_mid,RED: third_tower_bot,RED: inhibitor_mid,RED: second_tower_top,RED: inhibitor_bot,RED: nexus_tower,RED: nexus_tower,RED: nexus,,,,,,,,,,,,,,,,,,,,,0,0.0,0.0,11,0.27,1.9,0,0.0,0.0,2,0.5,1.9,0,0.0,0.0,3,0.33,3.1,2,0.0,0.4,0,0.0,0.0,7,0.57,5.7,1,1.0,4.3,1
36041,ESPORTSTMNT01_2702884,BLUE: first_blood,BLUE: dragon,BLUE: herald,BLUE: first_tower_top,BLUE: dragon,BLUE: first_tower_bot,BLUE: herald,BLUE: second_tower_top,BLUE: first_tower_mid,BLUE: dragon,BLUE: dragon,RED: baron,BLUE: second_tower_mid,BLUE: third_tower_mid,RED: first_tower_bot,RED: elder_dragon,RED: baron,BLUE: inhibitor_mid,BLUE: nexus_tower,BLUE: nexus_tower,BLUE: nexus,,,,,,,,,,,,,,,,,,,,,,,,,0,0.0,0.0,4,0.25,2.1,15,0.47,3.4,17,0.47,2.9,28,0.5,3.3,1,1.0,1.7,0,0.0,0.0,5,0.4,1.9,6,0.67,7.4,0,0.0,0.0,0
36042,ESPORTSTMNT01_2702946,RED: first_blood,RED: herald,BLUE: dragon,RED: first_tower_bot,BLUE: first_tower_bot,BLUE: dragon,BLUE: herald,RED: first_tower_top,BLUE: first_tower_mid,BLUE: dragon,BLUE: first_tower_top,BLUE: second_tower_bot,BLUE: dragon,RED: baron,BLUE: second_tower_mid,BLUE: second_tower_top,BLUE: third_tower_mid,BLUE: inhibitor_mid,BLUE: nexus_tower,BLUE: nexus_tower,BLUE: nexus,,,,,,,,,,,,,,,,,,,,,,,,,29,0.48,2.2,2,1.0,6.5,7,0.43,4.1,2,0.0,1.0,0,0.0,0.0,0,0.0,0.0,0,0.0,0.0,0,0.0,0.0,0,0.0,0.0,0,0.0,0.0,0
36043,ESPORTSTMNT01_2703006,BLUE: first_blood,BLUE: dragon,RED: herald,BLUE: first_tower_bot,RED: first_tower_top,BLUE: dragon,BLUE: first_tower_top,RED: dragon,BLUE: herald,BLUE: first_tower_mid,BLUE: dragon,BLUE: second_tower_mid,BLUE: third_tower_mid,BLUE: baron,BLUE: inhibitor_mid,BLUE: nexus_tower,BLUE: nexus_tower,BLUE: nexus,,,,,,,,,,,,,,,,,,,,,,,,,,,,1,0.0,3.0,2,0.5,2.0,3,0.33,2.6,0,0.0,0.0,0,0.0,0.0,34,0.62,3.0,31,0.65,4.6,14,0.86,8.2,4,0.5,4.3,0,0.0,0.0,0
36053,ESPORTSTMNT01_2692672,RED: first_blood,BLUE: herald,BLUE: first_tower_top,RED: first_tower_bot,RED: dragon,BLUE: dragon,RED: herald,BLUE: first_tower_bot,RED: first_tower_top,RED: first_tower_mid,RED: second_tower_mid,BLUE: second_tower_top,RED: dragon,BLUE: baron,BLUE: dragon,BLUE: second_tower_bot,BLUE: first_tower_mid,BLUE: second_tower_mid,BLUE: third_tower_mid,BLUE: inhibitor_mid,BLUE: nexus_tower,BLUE: nexus_tower,BLUE: nexus,,,,,,,,,,,,,,,,,,,,,,,1,1.0,4.5,0,0.0,0.0,0,0.0,0.0,2,1.0,8.7,1,1.0,25.0,2,0.5,4.2,8,0.5,1.9,1,1.0,7.5,11,0.64,4.8,0,0.0,0.0,0
36054,ESPORTSTMNT01_2692687,RED: first_blood,RED: herald,RED: dragon,BLUE: first_tower_bot,RED: dragon,RED: herald,RED: first_tower_mid,RED: first_tower_bot,RED: second_tower_bot,RED: second_tower_mid,RED: dragon,RED: first_tower_top,RED: third_tower_mid,RED: inhibitor_mid,RED: dragon,RED: baron,RED: second_tower_top,RED: third_tower_top,RED: inhibitor_top,RED: third_tower_bot,RED: inhibitor_bot,RED: nexus_tower,RED: nexus_tower,RED: nexus,,,,,,,,,,,,,,,,,,,,,,4,0.25,1.8,3,0.67,17.0,0,0.0,0.0,0,0.0,0.0,1,1.0,4.5,1,1.0,3.5,10,0.6,4.1,0,0.0,0.0,0,0.0,0.0,1,0.0,1.4,1
36055,ESPORTSTMNT01_2692705,BLUE: herald,BLUE: first_blood,BLUE: first_tower_top,RED: dragon,BLUE: dragon,BLUE: first_tower_bot,BLUE: herald,BLUE: first_tower_mid,BLUE: dragon,BLUE: second_tower_mid,BLUE: baron,BLUE: dragon,BLUE: second_tower_bot,RED: first_tower_top,BLUE: third_tower_mid,BLUE: third_tower_bot,BLUE: inhibitor_bot,BLUE: second_tower_top,BLUE: baron,RED: dragon,BLUE: nexus_tower,BLUE: nexus_tower,BLUE: inhibitor_mid,BLUE: nexus,,,,,,,,,,,,,,,,,,,,,,0,0.0,0.0,0,0.0,0.0,0,0.0,0.0,3,0.33,3.0,0,0.0,0.0,0,0.0,0.0,1,1.0,2.2,0,0.0,0.0,11,0.36,2.5,2,0.0,1.4,0
36056,ESPORTSTMNT01_2692722,BLUE: dragon,BLUE: first_blood,BLUE: herald,RED: dragon,BLUE: herald,BLUE: first_tower_mid,BLUE: dragon,RED: first_tower_top,BLUE: first_tower_bot,RED: dragon,RED: first_tower_bot,BLUE: baron,BLUE: second_tower_bot,BLUE: second_tower_mid,BLUE: dragon,BLUE: third_tower_mid,BLUE: first_tower_top,RED: first_tower_mid,BLUE: inhibitor_mid,BLUE: nexus_tower,BLUE: nexus_tower,BLUE: nexus,,,,,,,,,,,,,,,,,,,,,,,,3,0.67,2.7,3,1.0,6.3,0,0.0,0.0,3,1.0,12.7,18,0.56,2.7,0,0.0,0.0,0,0.0,0.0,8,0.25,4.9,3,0.0,1.6,8,0.25,2.5,0
36057,ESPORTSTMNT01_2692750,BLUE: dragon,BLUE: first_blood,RED: herald,BLUE: dragon,BLUE: first_tower_bot,BLUE: herald,BLUE: first_tower_top,BLUE: first_tower_mid,RED: dragon,RED: first_tower_bot,BLUE: baron,BLUE: second_tower_mid,BLUE: second_tower_top,BLUE: dragon,BLUE: second_tower_bot,BLUE: dragon,BLUE: third_tower_mid,BLUE: inhibitor_mid,BLUE: nexus_tower,BLUE: nexus_tower,BLUE: nexus,,,,,,,,,,,,,,,,,,,,,,,,,5,0.8,3.2,12,0.67,3.9,2,1.0,8.8,13,0.69,5.8,7,0.71,4.1,0,0.0,0.0,1,0.0,1.3,0,0.0,0.0,6,0.5,3.3,2,0.5,2.8,0
36073,ESPORTSTMNT01_2692918,BLUE: first_blood,RED: dragon,BLUE: herald,RED: dragon,RED: first_tower_bot,BLUE: herald,RED: second_tower_bot,BLUE: first_tower_top,BLUE: first_tower_bot,BLUE: dragon,BLUE: first_tower_mid,BLUE: dragon,BLUE: baron,BLUE: second_tower_mid,BLUE: third_tower_mid,BLUE: inhibitor_mid,BLUE: nexus_tower,BLUE: nexus_tower,BLUE: nexus,,,,,,,,,,,,,,,,,,,,,,,,,,,4,0.5,2.3,1,0.0,9.0,22,0.45,3.8,8,0.63,6.0,4,0.25,3.7,0,0.0,0.0,0,0.0,0.0,1,0.0,3.0,12,0.33,2.8,6,0.33,2.4,0
36075,ESPORTSTMNT01_2692951,RED: first_blood,BLUE: dragon,BLUE: herald,RED: dragon,BLUE: herald,RED: first_tower_bot,RED: first_tower_top,BLUE: first_tower_bot,RED: dragon,BLUE: first_tower_top,RED: first_tower_mid,RED: baron,RED: second_tower_mid,RED: second_tower_bot,RED: second_tower_top,RED: dragon,RED: baron,RED: third_tower_mid,RED: inhibitor_mid,RED: third_tower_top,RED: nexus_tower,RED: nexus_tower,RED: nexus,,,,,,,,,,,,,,,,,,,,,,,1,0.0,0.8,7,0.43,3.2,1,1.0,14.0,5,0.2,5.5,0,0.0,0.0,1,0.0,1.0,5,0.4,5.1,0,0.0,0.0,24,0.63,4.5,5,0.6,5.1,1
36083,ESPORTSTMNT01_2702905,RED: first_blood,RED: dragon,BLUE: herald,BLUE: dragon,RED: herald,RED: first_tower_mid,BLUE: first_tower_mid,RED: first_tower_top,BLUE: second_tower_mid,BLUE: dragon,RED: first_tower_bot,BLUE: first_tower_top,RED: dragon,RED: baron,BLUE: first_tower_bot,RED: second_tower_mid,BLUE: second_tower_bot,RED: second_tower_top,RED: second_tower_bot,RED: third_tower_top,RED: inhibitor_top,RED: nexus_tower,RED: third_tower_mid,RED: nexus_tower,BLUE: dragon,RED: nexus,,,,,,,,,,,,,,,,,,,,8,0.5,4.2,0,0.0,0.0,6,0.67,3.2,19,0.74,4.6,6,0.83,4.3,3,0.33,2.9,7,0.71,4.4,0,0.0,0.0,9,0.56,3.4,3,0.67,3.5,1
36086,ESPORTSTMNT01_2702954,RED: first_blood,RED: herald,BLUE: dragon,RED: first_tower_bot,RED: herald,RED: first_tower_top,BLUE: dragon,RED: first_tower_mid,RED: second_tower_mid,RED: dragon,BLUE: first_tower_top,RED: second_tower_top,RED: second_tower_bot,RED: dragon,RED: baron,RED: third_tower_bot,RED: third_tower_mid,RED: inhibitor_bot,RED: inhibitor_mid,RED: third_tower_top,RED: inhibitor_top,RED: nexus_tower,RED: nexus_tower,RED: nexus,,,,,,,,,,,,,,,,,,,,,,4,0.25,1.9,0,0.0,0.0,0,0.0,0.0,0,0.0,0.0,0,0.0,0.0,0,0.0,0.0,3,1.0,13.3,0,0.0,0.0,9,0.78,11.0,4,0.0,1.4,1
36087,ESPORTSTMNT01_2703011,BLUE: first_blood,BLUE: herald,RED: dragon,BLUE: first_tower_top,RED: dragon,BLUE: herald,BLUE: first_tower_bot,BLUE: first_tower_mid,BLUE: second_tower_mid,BLUE: dragon,BLUE: baron,BLUE: second_tower_bot,BLUE: dragon,BLUE: second_tower_top,BLUE: third_tower_mid,BLUE: inhibitor_mid,BLUE: nexus_tower,BLUE: nexus_tower,BLUE: nexus,,,,,,,,,,,,,,,,,,,,,,,,,,,9,0.22,2.2,2,0.5,3.3,3,0.67,9.0,0,0.0,0.0,8,0.63,6.9,0,0.0,0.0,8,0.38,2.8,0,0.0,0.0,3,1.0,13.5,0,0.0,0.0,0
36227,ESPORTSTMNT01_2702921,BLUE: dragon,BLUE: first_blood,RED: herald,BLUE: dragon,RED: first_tower_top,BLUE: first_tower_bot,BLUE: herald,BLUE: first_tower_mid,BLUE: dragon,BLUE: first_tower_top,RED: first_tower_bot,BLUE: second_tower_mid,RED: dragon,RED: baron,RED: first_tower_mid,RED: second_tower_top,RED: dragon,RED: second_tower_mid,RED: second_tower_bot,RED: third_tower_mid,RED: inhibitor_mid,RED: dragon,BLUE: baron,RED: nexus_tower,RED: nexus_tower,BLUE: third_tower_mid,BLUE: inhibitor_mid,RED: inhibitor_mid,BLUE: second_tower_top,BLUE: dragon,BLUE: inhibitor_mid,BLUE: nexus_tower,BLUE: nexus_tower,BLUE: nexus,,,,,,,,,,,,5,0.8,7.7,0,0.0,0.0,1,0.0,1.3,6,0.5,2.7,11,0.91,3.7,0,0.0,0.0,0,0.0,0.0,0,0.0,0.0,3,0.0,1.1,0,0.0,0.0,0
36228,ESPORTSTMNT01_2702995,BLUE: first_blood,RED: dragon,RED: herald,BLUE: dragon,RED: first_tower_bot,RED: herald,RED: first_tower_mid,RED: dragon,RED: second_tower_bot,BLUE: first_tower_top,RED: first_tower_top,RED: dragon,BLUE: first_tower_mid,RED: dragon,RED: second_tower_mid,RED: baron,BLUE: first_tower_bot,RED: third_tower_mid,RED: second_tower_top,RED: third_tower_top,RED: inhibitor_top,RED: inhibitor_mid,RED: third_tower_bot,RED: nexus_tower,RED: nexus_tower,RED: nexus,,,,,,,,,,,,,,,,,,,,2,0.5,3.0,5,0.8,5.7,2,0.5,4.1,0,0.0,0.0,0,0.0,0.0,2,0.0,0.9,4,1.0,8.0,7,0.57,2.8,0,0.0,0.0,14,0.71,4.8,1
36236,ESPORTSTMNT04_2110443,RED: first_blood,BLUE: dragon,RED: herald,BLUE: dragon,RED: herald,RED: first_tower_top,RED: second_tower_top,BLUE: dragon,BLUE: first_tower_mid,RED: first_tower_mid,BLUE: dragon,RED: baron,BLUE: first_tower_top,BLUE: second_tower_top,BLUE: first_tower_bot,BLUE: second_tower_mid,BLUE: elder_dragon,BLUE: baron,BLUE: third_tower_mid,BLUE: inhibitor_mid,BLUE: nexus_tower,BLUE: nexus_tower,BLUE: nexus,,,,,,,,,,,,,,,,,,,,,,,0,0.0,0.0,2,0.5,2.8,0,0.0,0.0,0,0.0,0.0,0,0.0,0.0,4,0.75,4.8,0,0.0,0.0,2,0.5,2.2,4,0.5,2.9,2,0.0,1.2,0
